Date;EURUSD_Open;USDJPY_Open;SPX_Open;Brent_Close;Copper_Open;DGS10;DFII10;T10YIE;EFFR;Gold_Silver_Ratio;Gold_Oil_Ratio;Gold_Open
2015-11-02;1.1032;120.48;2080.76;47.91;15.4;2.2;0.65;1.55;0.12;73.5875486381323;23.68440826549781;1140.95
2015-11-03;1.1014;120.75;2102.63;48.0;15.55;2.23;0.65;1.58;0.12;73.16295811518326;23.290208333333336;1135.11
2015-11-04;1.0962;121.08;2110.6;46.96;15.67;2.25;0.68;1.57;0.12;73.32561217736598;23.59348381601363;1121.6
2015-11-05;1.0867;121.52;2101.68;47.19;15.65;2.26;0.71;1.55;0.12;73.69112741827885;23.40813731722823;1108.85
2015-11-06;1.0883;121.7;2098.6;46.09;15.65;2.34;0.75;1.59;0.12;73.7371273712737;23.61379908873942;1106.15
2015-11-09;1.0731;123.32;2096.56;45.38;14.92;2.36;0.76;1.6;0.12;75.01923076923076;24.069634200088142;1089.94
2015-11-10;1.0756;123.08;2077.19;46.44;14.81;2.32;0.77;1.55;0.12;75.55925155925155;23.478036175710596;1091.57
2015-11-11;1.0721;123.21;2083.41;44.98;14.8;;;;;75.84363001745201;24.154290795909297;1089.69
2015-11-12;1.0758;122.8;2072.29;44.98;14.5;2.32;0.78;1.54;0.12;75.87700908455625;24.139617607825702;1087.79
2015-11-13;1.0807;122.64;2044.64;41.98;;2.28;0.76;1.52;0.12;76.00941275639224;25.775845640781323;1085.06
2015-11-16;1.0737;122.37;2022.08;40.28;14.15;2.27;0.76;1.51;0.13;76.0659649122807;26.910129096325722;1090.33
2015-11-17;1.0684;123.27;2053.67;41.28;;2.25;0.72;1.53;0.13;75.33333333333333;25.950581395348838;1084.07
2015-11-18;1.0646;123.42;2051.99;41.45;13.93;2.27;0.71;1.56;0.12;75.46518184381168;25.83112183353438;1068.6
2015-11-19;1.0661;123.58;2083.7;42.22;13.81;2.24;0.68;1.56;0.12;75.77521008403362;25.6293225959261;1073.67
2015-11-20;1.073;122.95;2082.82;42.49;13.9;2.26;0.66;1.6;0.12;76.11087570621469;25.364321016709813;1082.39
2015-11-23;1.0643;122.88;2089.41;43.7;13.45;2.25;0.64;1.61;0.12;75.57496463932108;24.453775743707094;1075.84
2015-11-24;1.0634;122.89;2084.42;44.38;13.9;2.24;0.62;1.62;0.12;75.74114498978945;24.236142406489407;1070.34
2015-11-25;1.0645;122.52;2089.3;43.56;13.65;2.23;0.62;1.61;0.12;75.50211267605636;24.612718089990818;1076.67
2015-11-26;1.0621;122.7;;43.55;;;;;;75.08543417366947;24.620436280137774;1071.97
2015-11-27;1.0604;122.63;2088.82;43.07;13.65;2.22;0.62;1.6;0.12;75.08014184397165;24.579289528674252;1073.3
2015-11-30;1.05908;122.768;2090.95;43.73;14.04;2.21;0.62;1.59;0.08;75.60700209494728;24.346215412760124;1057.57
2015-12-01;1.05718;123.15;2082.93;42.97;13.75;2.15;0.58;1.57;0.13;75.31185067793626;24.88340702815918;1064.92
2015-12-02;1.0625;122.909;2101.71;41.92;13.68;2.18;0.62;1.56;0.13;75.18758915834523;25.146230916030536;1070.35
2015-12-03;1.06084;123.287;2080.71;42.0;13.66;2.33;0.72;1.61;0.13;75.25088589652728;25.280714285714286;1053.95
2015-12-04;1.0928;122.65;2051.24;41.44;13.9;2.28;0.68;1.6;0.13;74.7127147766323;26.23238416988417;1064.41
2015-12-07;1.0876;123.21;2090.42;39.69;13.59;2.23;0.67;1.56;0.13;75.02380952380952;26.992693373645753;1084.64
2015-12-08;1.0832;123.38;2073.39;39.44;13.69;2.24;0.68;1.56;0.13;75.81311706629054;27.25735294117647;1072.3
2015-12-09;1.0894;122.9;2061.17;39.04;13.8;2.22;0.69;1.53;0.14;75.73888496824277;27.490266393442624;1076.27
2015-12-10;1.10174;121.637;2047.93;38.65;13.78;2.24;0.73;1.51;0.14;75.87261146496814;27.73816300129366;1073.24
2015-12-11;1.09403;121.659;2047.27;36.99;13.95;2.13;0.67;1.46;0.14;77.22570701458834;29.123006217896727;1070.61
2015-12-14;1.0972;121.08;2013.37;36.51;14.04;2.23;0.78;1.45;0.15;77.49926900584796;29.03834565872364;1072.81
2015-12-15;1.1;120.91;2025.55;37.66;13.71;2.28;0.8;1.48;0.15;77.10457516339869;28.19251194901753;1063.74
2015-12-16;1.09331;121.673;2046.5;36.96;13.79;2.3;0.84;1.46;0.15;75.67113620324629;29.011363636363637;1062.5
2015-12-17;1.08919;122.334;2073.76;36.29;13.6;2.24;0.77;1.47;0.37;76.58994901675163;28.977128685588315;1071.09
2015-12-18;1.08346;122.525;2040.81;36.76;13.9;2.19;0.73;1.46;0.37;75.64893617021278;29.01659412404788;1053.45
2015-12-21;1.08601;121.328;2010.27;35.34;14.26;2.2;0.75;1.45;0.36;75.80912280701754;30.568194680249007;1064.42
2015-12-22;1.09095;121.24;2023.15;35.26;14.21;2.24;0.78;1.46;0.36;75.22146238821672;30.416052183777655;1078.52
2015-12-23;1.0951;121.035;2042.2;35.79;13.97;2.27;0.76;1.51;0.36;74.7995810055866;29.928192232467172;1073.62
2015-12-24;1.0905;120.924;2063.52;37.22;14.15;2.25;0.73;1.52;0.36;74.88473975174716;28.932831810854385;1072.31
2015-12-25;;;;;;;;;;;;
2015-12-28;1.09625;120.276;2057.77;37.08;14.24;2.24;0.74;1.5;0.36;76.74533715925395;28.851941747572816;1076.6
2015-12-29;1.09754;120.367;2060.54;36.85;14.12;2.32;0.79;1.53;0.36;76.57009847806624;29.01248303934871;1068.99
2015-12-30;1.09247;120.5;2077.34;35.65;;2.31;0.77;1.54;0.35;76.42404607631389;29.776437587657785;1069.17
2015-12-31;1.09261;120.514;2060.59;36.61;14.1926;2.27;0.73;1.54;0.2;76.68123532598881;28.99371756350724;1061.77
2016-01-01;;;;;;;;;;;;
2016-01-04;1.08672;120.295;2038.2;36.28;14.5;2.24;0.69;1.55;0.36;77.46359048305696;29.614663726571116;1064.65
2016-01-05;1.0829;119.316;2013.78;35.56;;2.25;0.69;1.56;0.36;77.05075053609721;30.313273340832396;1075.42
2016-01-06;1.07536;119.123;2011.71;33.89;13.84;2.18;0.65;1.53;0.36;78.07066381156316;32.274122159929185;1077.97
2016-01-07;1.07755;118.47;1985.32;33.57;13.33;2.16;0.66;1.5;0.36;77.56254367575123;33.06285373845696;1093.55
2016-01-08;1.0922;117.602;1945.97;31.67;13.399;2.13;0.65;1.48;0.36;79.08022922636103;34.858225449952634;1109.5
2016-01-11;1.09446;116.826;1926.12;30.14;13.38;2.17;0.72;1.45;0.36;78.97258297258297;36.31585932315859;1106.95
2016-01-12;1.08625;117.712;1927.83;29.14;13.1;2.12;0.69;1.43;0.36;78.83962264150945;37.282429649965685;1096.23
2016-01-13;1.08481;117.74;1940.34;28.58;13.0208;2.08;0.65;1.43;0.36;77.20861277797388;38.266620013995805;1086.51
2016-01-14;1.08823;117.639;1891.68;28.84;13.174;2.1;0.67;1.43;0.36;77.97904624277457;37.42128987517337;1094.58
2016-01-15;1.08614;118.147;1916.68;28.8;12.97;2.03;0.67;1.36;0.36;78.33765298776098;37.78159722222222;1077.59
2016-01-18;1.09119;116.908;;27.36;;;;;;78.09967730369307;39.8062865497076;1091.0
2016-01-19;1.08908;117.401;1888.66;27.36;14.58;2.06;0.68;1.38;0.36;77.535994297933;39.75986842105263;1089.0
2016-01-20;1.09141;117.618;1876.18;26.01;13.24;2.01;0.69;1.32;0.37;77.88684582743988;42.342176086120716;1089.5
2016-01-21;1.08908;116.982;1861.46;27.59;13.25;2.02;0.74;1.28;0.37;78.11418439716313;39.92062341428054;1099.13
2016-01-22;1.0871;117.781;1877.4;30.46;13.33;2.07;0.72;1.35;0.38;78.18091168091169;36.036112934996716;1100.03
2016-01-25;1.07929;118.74;1906.28;29.82;13.82;2.03;0.69;1.34;0.38;77.86015460295151;37.15459423205902;1098.47
2016-01-26;1.08501;118.343;1878.79;30.94;13.4701;2.01;0.65;1.36;0.38;77.24689655172413;36.20168067226891;1108.34
2016-01-27;1.08663;118.443;1902.52;31.83;13.72;2.02;0.62;1.4;0.38;77.69483097959325;35.34590009425071;1120.91
2016-01-28;1.0903;118.597;1885.22;33.01;;2.0;0.58;1.42;0.38;78.30969101123596;33.78158133898819;1123.26
2016-01-29;1.09386;118.797;1894.0;33.14;;1.94;0.53;1.41;0.29;78.32445690259286;33.72631261315631;1114.88
2016-02-01;1.08297;121.391;1936.94;32.45;13.61;1.97;0.57;1.4;0.38;78.5993031358885;34.75808936825886;1117.94
2016-02-02;1.08897;121.02;1935.26;30.98;13.66;1.87;0.51;1.36;0.38;78.91455530316267;36.44512588766946;1129.89
2016-02-03;1.09244;119.747;1907.07;32.38;;1.88;0.5;1.38;0.38;77.83719346049047;35.28875849289685;1126.71
2016-02-04;1.10817;118.063;1911.67;32.76;14.11;1.87;0.51;1.36;0.38;77.79878869448183;35.28968253968254;1141.95
2016-02-05;1.12008;116.873;1913.07;32.35;13.86;1.86;0.53;1.33;0.38;78.17788141239174;36.27357032457496;1153.52
2016-02-08;1.11459;116.936;1873.25;31.64;14.2;1.75;0.52;1.23;0.38;77.6383812010444;37.592288242730724;1167.24
2016-02-09;1.11999;115.489;1848.46;30.15;13.41;1.74;0.53;1.21;0.38;77.995474074317;39.438805970149254;1191.63
2016-02-10;1.12877;115.108;1857.1;29.64;13.22;1.71;0.5;1.21;0.38;78.31041257367387;40.344129554655865;1190.44
2016-02-11;1.12782;113.518;1847.0;28.82;13.39;1.63;0.45;1.18;0.38;79.19047619047619;43.277238029146424;1205.3
2016-02-12;1.13135;112.559;1833.4;31.8;13.8;1.74;0.49;1.25;0.38;78.74189446916719;38.949999999999996;1240.66
2016-02-15;1.12389;113.54;;;;;;;;78.88088172954642;;1232.78
2016-02-16;1.11637;114.455;1871.44;31.09;;1.78;0.53;1.25;0.38;78.89618922470433;38.623351559987135;1207.65
2016-02-17;1.11372;114.232;1898.8;33.21;13.3;1.81;0.53;1.28;0.37;79.14986910994766;36.41704305931948;1197.76
2016-02-18;1.11292;114.106;1927.57;33.2;13.8199;1.75;0.51;1.24;0.38;79.91040997175968;37.075301204819276;1207.99
2016-02-19;1.11094;113.323;1916.74;31.66;13.79;1.76;0.5;1.26;0.38;79.99089134677945;38.833228048010106;1230.75
2016-02-22;1.11165;112.591;1924.44;33.59;14.04;1.77;0.46;1.31;0.38;79.60342555994731;35.97439714200655;1224.08
2016-02-23;1.10274;112.925;1942.38;31.9;14.02;1.74;0.42;1.32;0.38;80.1890124264225;38.43542319749216;1208.44
2016-02-24;1.10201;111.988;1917.56;31.5;13.834;1.75;0.39;1.36;0.38;80.68745896257386;39.01174603174603;1230.11
2016-02-25;1.10166;112.049;1931.87;32.83;13.97;1.71;0.32;1.39;0.37;81.35708395183903;37.562290587876944;1226.84
2016-02-26;1.10205;112.903;1954.95;35.76;14.3;1.76;0.35;1.41;0.37;83.09640190088255;34.228467561521256;1236.28
2016-02-29;1.09171;113.694;1947.13;35.92;14.38;1.74;0.32;1.42;0.29;83.144966442953;34.48942093541202;1222.41
2016-03-01;1.08841;112.334;1937.09;35.73;14.29;1.83;0.35;1.48;0.36;83.17543859649123;34.499300307864544;1240.49
2016-03-02;1.08672;114.046;1976.6;36.38;14.45;1.84;0.33;1.51;0.37;82.93177257525083;34.07998900494777;1231.44
2016-03-03;1.08695;113.609;1985.6;35.75;14.58;1.83;0.3;1.53;0.37;83.10578186596582;35.38097902097902;1239.49
2016-03-04;1.09497;113.728;1994.01;37.61;14.88;1.88;0.37;1.51;0.36;81.44286636539702;33.54294070725871;1260.2
2016-03-07;1.09966;113.866;1996.11;39.02;15.14;1.91;0.43;1.48;0.36;81.01885586449345;32.484366991286514;1264.23
2016-03-08;1.10148;113.355;1996.88;39.16;14.92;1.83;0.37;1.46;0.36;82.19348534201956;32.21833503575077;1269.38
2016-03-09;1.10061;112.675;1981.44;40.26;14.9;1.9;0.39;1.51;0.36;81.84921671018277;31.14580228514655;1261.83
2016-03-10;1.09967;113.313;1990.97;38.63;14.83;1.93;0.45;1.48;0.36;81.54398333600385;32.93528345845198;1252.87
2016-03-11;1.11796;113.158;1994.71;39.41;14.95;1.98;0.44;1.54;0.36;80.76356589147287;31.72342045166202;1271.05
2016-03-14;1.11653;113.699;2019.27;38.06;15.47;1.97;0.45;1.52;0.36;80.3869706840391;32.42091434576984;1251.21
2016-03-15;1.11036;113.792;2015.27;37.49;14.9;1.97;0.47;1.5;0.37;80.71853936260716;32.901040277407304;1235.54
2016-03-16;1.11075;113.195;2014.24;38.38;15.09;1.94;0.36;1.58;0.37;80.81410256410257;32.84783741532048;1232.9
2016-03-17;1.12158;112.761;2026.9;39.29;15.24;1.91;0.34;1.57;0.37;78.91839296924043;31.99720030542123;1260.25
2016-03-18;1.13156;111.405;2041.16;39.26;15.38;1.88;0.27;1.61;0.37;79.4225173940544;31.983443708609276;1259.28
2016-03-21;1.12738;111.527;2047.88;39.91;15.2479;1.92;0.28;1.64;0.37;78.51578282828284;31.162365321974445;1255.64
2016-03-22;1.12402;112.124;2048.64;40.54;15.1701;1.94;0.31;1.63;0.37;78.61252754170602;30.803157375431674;1244.06
2016-03-23;1.12172;112.318;2048.55;38.84;14.93;1.88;0.3;1.58;0.37;80.00261780104712;31.473738414006178;1247.86
2016-03-24;1.11825;112.388;2032.48;38.33;14.8;1.91;0.34;1.57;0.37;80.0249835634451;31.75528306809288;1222.87
2016-03-25;;;;;;;;;0.37;;;
2016-03-28;1.11646;113.329;2037.89;38.33;14.885;1.89;0.33;1.56;0.37;80.12918032786885;31.88025045656144;1216.39
2016-03-29;1.11978;113.398;2035.75;36.75;14.7273;1.81;0.2;1.61;0.37;80.96805736636244;33.797278911564625;1221.63
2016-03-30;1.12912;112.705;2058.27;36.75;14.63;1.83;0.18;1.65;0.37;80.51051248357423;33.34340136054421;1242.7
2016-03-31;1.1334;112.45;2063.77;36.75;;1.78;0.16;1.62;0.25;79.85427461139896;33.54965986394558;1225.81
2016-04-01;1.1381;112.542;2056.62;36.42;14.462;1.79;0.17;1.62;0.37;81.2043795620438;33.60104338275673;1232.78
2016-04-04;1.13962;111.577;2073.19;36.05;14.37;1.78;0.14;1.64;0.37;81.44383772737932;33.719556171983356;1220.54
2016-04-05;1.1391;111.318;2062.5;35.88;14.2833;1.73;0.14;1.59;0.37;81.32892998678996;34.31772575250836;1215.66
2016-04-06;1.1384;110.338;2045.56;37.77;14.21;1.76;0.17;1.59;0.37;81.13669542136695;32.37304739211014;1231.6
2016-04-07;1.13965;109.743;2063.01;37.15;14.05;1.7;0.12;1.58;0.37;81.45920210146119;33.389502018842535;1223.36
2016-04-08;1.13721;108.271;2045.54;40.71;13.87;1.72;0.14;1.58;0.37;80.68987959648551;30.454433800049127;1240.26
2016-04-11;1.1407;108.094;2050.23;41.58;13.75;1.73;0.17;1.56;0.37;79.02638190954774;30.257335257335257;1240.25
2016-04-12;1.14049;107.973;2043.72;43.02;13.95;1.79;0.22;1.57;0.37;77.5352786784005;29.183867968386796;1258.36
2016-04-13;1.13829;108.618;2065.92;42.81;14.41;1.77;0.21;1.56;0.37;76.62638717632554;29.03246904928755;1255.47
2016-04-14;1.12784;109.275;2082.89;43.02;14.54;1.8;0.24;1.56;0.37;75.98081683168316;28.541376104137605;1242.29
2016-04-15;1.12608;109.418;2083.1;41.32;14.3406;1.76;0.2;1.56;0.37;76.00123152709361;29.870764762826717;1227.67
2016-04-18;1.12955;108.173;2078.83;41.64;14.59;1.78;0.21;1.57;0.37;76.01789019123997;29.59293948126801;1235.11
2016-04-19;1.13129;108.856;2096.05;43.02;14.605;1.79;0.19;1.6;0.37;73.80696576151121;29.062993956299394;1232.69
2016-04-20;1.13557;109.269;2101.52;43.09;14.71;1.85;0.23;1.62;0.37;73.35436320754717;28.871896031561842;1250.8
2016-04-21;1.12997;109.739;2102.09;43.48;15.02;1.88;0.24;1.64;0.37;73.43117647058823;28.710441582336706;1243.02
2016-04-22;1.12851;109.434;2091.49;43.97;15.12;1.89;0.25;1.64;0.37;72.74999999999999;28.060950648169204;1247.2
2016-04-25;1.12232;111.793;2089.37;42.97;15.0499;1.91;0.26;1.65;0.37;72.84235294117647;28.81824528740982;1233.28
2016-04-26;1.12674;111.23;2089.84;43.94;;1.94;0.27;1.67;0.37;72.47319347319348;28.303140646335915;1238.38
2016-04-27;1.12972;111.296;2092.33;44.17;14.7532;1.87;0.19;1.68;0.37;72.26102088167053;28.204211002943172;1243.94
2016-04-28;1.13247;111.455;2090.93;45.6;14.798;1.84;0.12;1.72;0.37;72.10990888382689;27.76864035087719;1245.83
2016-04-29;1.13535;108.113;2071.82;45.64;15.0501;1.83;0.12;1.71;0.3;72.56060606060606;28.331069237510956;1266.57
2016-05-02;1.14609;106.333;2067.17;45.82;15.069;1.88;0.2;1.68;0.37;73.6096866096866;28.194020078568307;1291.31
2016-05-03;1.15269;106.412;2077.18;43.09;14.72;1.81;0.17;1.64;0.37;73.85878300803672;29.858899976792756;1291.91
2016-05-04;1.14973;106.914;2060.3;43.08;14.46;1.79;0.16;1.63;0.37;73.62002013519344;29.70519962859796;1286.06
2016-05-05;1.14853;107.034;2052.95;44.39;14.25;1.76;0.13;1.63;0.37;73.66685878962535;28.79297138995269;1280.01
2016-05-06;1.14035;107.274;2047.77;44.6;14.15;1.79;0.18;1.61;0.37;73.77733257012022;28.898878923766816;1278.65
2016-05-09;1.13974;107.206;2057.55;42.43;;1.77;0.18;1.59;0.37;74.22724603640633;29.7923638934716;1285.16
2016-05-10;1.13817;108.491;2062.63;44.01;13.875;1.77;0.15;1.62;0.37;73.98947983635301;28.765280618041356;1264.41
2016-05-11;1.13706;109.347;2083.29;46.08;;1.73;0.14;1.59;0.37;73.32261768082662;27.71875;1266.31
2016-05-12;1.14265;108.464;2067.17;46.43;14.04;1.75;0.15;1.6;0.37;74.45786682380673;27.21408572043937;1277.84
2016-05-13;1.13752;109.044;2062.5;47.05;13.7456;1.71;0.13;1.58;0.37;74.49707602339181;27.07545164718385;1263.83
2016-05-16;1.13037;108.668;2046.53;48.49;13.9;1.75;0.15;1.6;0.37;74.34539089848307;26.27923283151165;1271.87
2016-05-17;1.13156;109.065;2065.04;48.71;13.762;1.76;0.15;1.61;0.37;74.15072463768115;26.259494970231984;1273.58
2016-05-18;1.13122;109.129;2044.38;48.93;13.74;1.87;0.26;1.61;0.37;74.43820224719101;25.725526262006948;1279.51
2016-05-19;1.12177;110.185;2044.21;47.01;13.66;1.85;0.29;1.56;0.37;76.08545454545455;26.705169112954692;1258.62
2016-05-20;1.11984;109.956;2041.88;48.54;13.7;1.85;0.29;1.56;0.37;75.82929782082324;25.80758137618459;1255.29
2016-05-23;1.122;110.141;2052.23;47.77;13.565;1.84;0.3;1.54;0.37;76.20561317876754;26.14632614611681;1251.07
2016-05-24;1.12196;109.224;2052.65;48.42;13.7096;1.86;0.31;1.55;0.37;75.60628465804066;25.34262701363073;1249.21
2016-05-25;1.11405;109.976;2078.93;48.87;13.79;1.87;0.29;1.58;0.37;75.12488493402884;25.049314507878048;1227.6
2016-05-26;1.11559;110.176;2091.44;49.52;14.0385;1.83;0.25;1.58;0.37;74.73790569503981;24.646001615508883;1223.85
2016-05-27;1.11931;109.753;2090.06;49.09;14.025;1.85;0.27;1.58;0.37;74.76158122297714;24.65654919535547;1218.05
2016-05-30;1.11146;110.414;;;;;;;;75.38168177555487;;1213.08
2016-05-31;1.11356;111.139;2100.13;49.26;13.91;1.84;0.3;1.54;0.29;75.98375;24.680064961429153;1206.38
2016-06-01;1.11297;110.735;2093.94;48.81;13.68;1.85;0.31;1.54;0.37;76.02694235588973;24.85945502970703;1215.92
2016-06-02;1.11863;109.461;2097.71;49.05;13.74;1.81;0.27;1.54;0.37;75.6167290886392;24.696839959225283;1213.81
2016-06-03;1.11535;108.848;2104.07;48.5;13.9725;1.71;0.19;1.52;0.37;75.82998171846434;25.657113402061853;1211.18
2016-06-06;1.13658;106.511;2100.83;48.94;14.18;1.73;0.19;1.54;0.37;75.58409228901031;25.436657131181036;1243.15
2016-06-07;1.13586;107.537;2110.18;49.76;13.7;1.72;0.15;1.57;0.37;75.93589743589743;24.996583601286172;1245.4
2016-06-08;1.13578;107.327;2112.71;50.73;13.72;1.71;0.12;1.59;0.37;74.10211267605635;24.890597279716147;1244.46
2016-06-09;1.13983;106.916;2115.65;50.59;13.46;1.68;0.12;1.56;0.37;73.35221034383126;25.091124728207152;1262.25
2016-06-10;1.13174;106.975;2109.57;49.7;13.48;1.64;0.12;1.52;0.37;73.53526611856338;25.64486921529175;1269.27
2016-06-13;1.12487;106.816;2091.75;49.36;;1.62;0.15;1.47;0.37;73.61432664756447;26.024513776337113;1275.98
2016-06-14;1.12881;106.124;2076.65;47.88;;1.62;0.17;1.45;0.37;73.94652098907419;26.85735171261487;1283.69
2016-06-15;1.12067;106.019;2077.6;47.47;13.91;1.6;0.13;1.47;0.37;73.77796803652967;27.229618706551506;1285.42
2016-06-16;1.1263;106.0;2066.36;45.66;;1.57;0.15;1.42;0.38;74.44075691411936;28.000876040297854;1292.28
2016-06-17;1.12309;104.324;2078.2;46.57;13.65;1.62;0.2;1.42;0.38;74.37686139747994;27.885333905948034;1279.32
2016-06-20;1.13181;104.734;2075.58;48.68;13.82;1.67;0.24;1.43;0.38;73.74171428571428;26.509449465899753;1289.06
2016-06-21;1.13118;103.978;2085.19;48.18;14.0301;1.71;0.28;1.43;0.38;73.37015615962984;26.329804898298047;1290.62
2016-06-22;1.12499;104.778;2089.75;48.43;14.19;1.69;0.25;1.44;0.38;73.3277359583092;26.148461697295062;1268.65
2016-06-23;1.13326;104.813;2092.8;48.63;14.175;1.74;0.24;1.5;0.39;72.63851937536148;25.826033312769894;1263.36
2016-06-24;1.14182;106.578;2103.81;46.69;14.01;1.57;0.15;1.42;0.4;74.25369562156834;28.24073677446991;1245.58
2016-06-27;1.10384;101.854;2031.45;45.07;13.92;1.46;0.12;1.34;0.41;74.652198421646;29.383847348568892;1320.17
2016-06-28;1.10219;101.909;2006.67;46.29;13.9;1.46;0.09;1.37;0.41;73.76265466816648;28.332253186433356;1325.08
2016-06-29;1.1078;102.714;2042.69;48.4;14.3055;1.5;0.1;1.4;0.41;72.14434117003827;27.262809917355373;1310.75
2016-06-30;1.11269;102.902;2073.17;48.05;14.376;1.49;0.09;1.4;0.3;70.65419561731694;27.511758584807495;1317.99
2016-07-01;1.11028;103.289;2099.34;47.65;14.5;1.46;0.03;1.43;0.41;68.13438133874239;28.19748163693599;1322.32
2016-07-04;1.11345;102.664;;48.02;;;;;;66.41740412979351;28.132653061224488;1342.73
2016-07-05;1.11487;102.537;2095.05;45.64;14.59;1.37;-0.03;1.4;0.4;68.19507290095525;29.71954425942156;1348.11
2016-07-06;1.10666;101.732;2084.43;45.7;14.155;1.38;-0.05;1.43;0.4;68.23411705852926;29.84682713347921;1356.08
2016-07-07;1.10949;101.386;2100.42;45.93;14.0;1.4;-0.03;1.43;0.4;69.15040650406505;29.62943609841063;1363.91
2016-07-08;1.10626;100.773;2106.97;44.53;;1.37;-0.06;1.43;0.4;67.6274834846723;30.69054569952841;1359.61
2016-07-11;1.1051;100.61;2131.72;44.04;14.1;1.43;0.01;1.42;0.4;66.79940857565303;30.775658492279742;1367.9
2016-07-12;1.10605;102.771;2139.5;46.72;14.48;1.53;0.07;1.46;0.4;66.12741695587505;28.548587328767123;1354.81
2016-07-13;1.10645;104.756;2153.81;44.67;14.837;1.48;0.03;1.45;0.4;65.98427518427518;30.059995522722183;1332.8
2016-07-14;1.10949;104.371;2157.88;46.01;14.75;1.53;0.08;1.45;0.4;65.77832512315271;29.02195174961965;1344.07
2016-07-15;1.11134;105.365;2165.13;46.25;14.88;1.6;0.11;1.49;0.4;66.15978098556496;28.738378378378382;1336.35
2016-07-18;1.10505;105.46;2162.04;45.35;14.8099;1.59;0.1;1.49;0.4;66.24476570289133;29.30253583241455;1332.0
2016-07-19;1.10745;106.117;2163.79;45.7;14.93;1.56;0.12;1.44;0.4;66.94572864321609;29.151422319474836;1328.77
2016-07-20;1.10179;106.157;2166.1;45.82;14.844;1.59;0.13;1.46;0.4;67.77960865087537;28.727193365342643;1331.82
2016-07-21;1.10104;107.21;2172.91;44.99;14.87;1.57;0.05;1.52;0.4;67.3819286256644;29.5872416092465;1316.63
2016-07-22;1.10261;106.191;2166.47;44.24;14.9899;1.57;0.06;1.51;0.4;67.35063613231553;29.91500904159132;1331.18
2016-07-25;1.09709;106.195;2173.71;43.76;14.63;1.58;0.08;1.5;0.4;67.27086795347054;30.065127970749547;1322.76
2016-07-26;1.09937;105.837;2168.97;43.56;14.58;1.57;0.07;1.5;0.4;67.21995926680245;30.307621671258033;1315.4
2016-07-27;1.09853;104.745;2169.81;42.78;14.55;1.52;0.03;1.49;0.4;65.80952380952381;31.335670874240297;1320.1
2016-07-28;1.10549;105.301;2166.05;41.87;14.67;1.52;0.0;1.52;0.4;66.24426761855185;31.912586577501795;1339.7
2016-07-29;1.10767;105.288;2168.83;40.76;14.64;1.46;-0.03;1.49;0.3;66.37947962690231;33.1734543670265;1335.55
2016-08-01;1.11808;102.2;2173.15;40.17;14.89;1.51;0.05;1.46;0.4;66.17130003178562;33.686084142394826;1348.65
2016-08-02;1.11644;102.361;2169.94;40.0;14.68;1.55;0.11;1.44;0.4;66.22135922330096;34.104;1353.66
2016-08-03;1.1222;100.92;2156.81;40.45;14.38;1.55;0.09;1.46;0.4;66.59769551360628;33.578739184178;1363.57
2016-08-04;1.11488;101.266;2163.51;41.33;;1.51;0.04;1.47;0.4;66.82899262899262;32.9051536414227;1358.58
2016-08-05;1.11288;101.173;2168.79;42.47;14.226;1.59;0.09;1.5;0.4;67.82141045154744;31.475394396044265;1360.87
2016-08-08;1.1087;101.93;2183.76;43.24;;1.59;0.08;1.51;0.4;67.64589665653496;30.881822386678998;1335.53
2016-08-09;1.1086;102.413;2182.24;43.37;14.31;1.55;0.06;1.49;0.4;67.50837088693639;30.914226423795252;1335.49
2016-08-10;1.11144;101.855;2182.81;42.19;14.75;1.5;0.06;1.44;0.4;66.83225806451614;31.919175159990523;1340.91
2016-08-11;1.11836;101.184;2177.97;44.23;14.4161;1.57;0.1;1.47;0.4;67.0505758637957;30.273569975130005;1347.11
2016-08-12;1.11411;101.929;2183.74;45.12;14.2;1.51;0.07;1.44;0.4;67.73465246067985;29.58887411347518;1339.13
2016-08-15;1.11688;101.242;2186.08;47.31;14.05;1.55;0.1;1.45;0.4;67.56968091814856;28.31113929401818;1338.44
2016-08-16;1.1184;101.272;2186.24;48.27;14.16;1.57;0.13;1.44;0.4;68.0030303030303;27.894344313238037;1339.83
2016-08-17;1.12747;100.273;2177.84;48.58;;1.56;0.09;1.47;0.4;68.5215845606907;27.772540139975302;1346.04
2016-08-18;1.1288;100.225;2181.9;49.46;;1.53;0.06;1.47;0.4;68.45316455696202;27.33420946219167;1348.99
2016-08-19;1.13524;99.939;2184.24;49.39;14.34;1.58;0.1;1.48;0.4;69.38664596273291;27.1421340352298;1352.56
2016-08-22;1.13184;100.664;2181.58;48.1;13.01;1.55;0.08;1.47;0.4;70.78570295563898;27.833056133056132;1340.48
2016-08-23;1.13209;100.32;2187.81;48.7;13.92;1.55;0.07;1.48;0.4;71.05791710945802;27.460164271047226;1339.15
2016-08-24;1.13077;100.194;2185.09;47.56;13.74;1.56;0.08;1.48;0.4;71.37589952294962;27.841253153910852;1337.69
2016-08-25;1.12633;100.463;2173.29;49.25;;1.58;0.09;1.49;0.4;71.25067385444744;26.836548223350256;1324.3
2016-08-26;1.12846;100.541;2175.1;49.66;13.6401;1.62;0.15;1.47;0.4;70.82520107238606;26.598670962545313;1321.65
2016-08-29;1.11864;101.936;2170.19;49.66;13.7001;1.57;0.11;1.46;0.4;70.12665606783253;26.646999597261377;1320.65
2016-08-30;1.11869;101.895;2179.45;47.94;13.631;1.57;0.11;1.46;0.4;70.4582818460216;27.355861493533585;1323.23
2016-08-31;1.11443;102.977;2173.56;47.94;13.74;1.58;0.11;1.47;0.3;70.18123324396784;27.302461410095958;1311.39
2016-09-01;1.11579;103.359;2171.33;45.05;;1.57;0.12;1.45;0.4;69.54949708840655;29.162930077691456;1308.6
2016-09-02;1.11965;103.231;2177.49;45.96;13.7;1.6;0.13;1.47;0.4;68.31649484536082;28.836814621409918;1314.27
2016-09-05;1.1155;104.062;;46.72;;;;;;68.02562788313685;28.407106164383563;1324.3
2016-09-06;1.11473;103.434;2181.61;46.21;13.62;1.55;0.06;1.49;0.4;67.28129675810473;29.19259900454447;1326.15
2016-09-07;1.12494;102.095;2185.17;47.0;13.85;1.54;0.03;1.51;0.4;67.85836693548387;28.644893617021275;1348.31
2016-09-08;1.12393;101.72;2182.76;49.23;13.782;1.61;0.09;1.52;0.4;68.19622833843017;27.178752793012393;1344.93
2016-09-09;1.12647;102.399;2169.08;48.37;13.7899;1.67;0.17;1.5;0.4;69.62964903090624;27.48046309696093;1337.88
2016-09-12;1.12349;102.574;2120.86;47.82;13.62;1.68;0.17;1.51;0.4;69.42625523012552;27.758887494772065;1327.78
2016-09-13;1.12352;101.934;2150.47;46.48;13.6901;1.73;0.24;1.49;0.4;69.87758346581874;28.36897590361446;1328.17
2016-09-14;1.12166;102.554;2127.86;45.65;;1.7;0.21;1.49;0.4;69.6747496046389;28.95355969331873;1319.18
2016-09-15;1.12495;102.358;2125.36;45.83;13.82;1.71;0.22;1.49;0.4;69.19315789473684;28.685795330569498;1321.92
2016-09-16;1.12442;102.049;2146.48;45.26;14.17;1.7;0.19;1.51;0.4;69.73540752559501;28.97039328325232;1314.0
2016-09-19;1.11537;102.259;2143.99;46.04;14.1737;1.7;0.2;1.5;0.4;68.56344647519583;28.518462206776718;1309.76
2016-09-20;1.11752;101.854;2145.94;45.24;;1.69;0.2;1.49;0.4;68.12694300518135;29.063881520778068;1312.42
2016-09-21;1.1152;101.738;2144.58;45.99;14.16;1.66;0.15;1.51;0.4;67.24918115394306;29.01848227875625;1314.58
2016-09-22;1.1191;100.435;2170.94;47.21;14.3;1.63;0.08;1.55;0.4;67.23490945674045;28.312433806396953;1334.78
2016-09-23;1.12077;100.792;2173.29;46.71;13.94;1.62;0.05;1.57;0.4;67.96951219512195;28.637122671804754;1336.61
2016-09-26;1.12287;101.02;2158.54;46.61;14.49;1.59;0.05;1.54;0.4;68.82492154139013;28.70092254880927;1336.83
2016-09-27;1.12524;100.31;2146.04;44.95;;1.56;0.04;1.52;0.4;69.30966057441253;29.527919911012233;1337.83
2016-09-28;1.12183;100.401;2161.85;45.49;14.3018;1.57;0.01;1.56;0.4;68.8657268676551;29.0488019344911;1326.56
2016-09-29;1.12164;100.73;2168.9;48.43;14.352;1.56;0.02;1.54;0.4;69.1181782489203;27.262647119553993;1322.15
2016-09-30;1.12196;101.099;2156.51;48.24;14.5;1.6;0.0;1.6;0.29;68.6932040353484;27.31281094527363;1320.65
2016-10-03;1.12407;101.331;2164.33;48.61;14.85;1.63;0.0;1.63;0.4;69.64196547144755;26.969965027772062;1318.24
2016-10-04;1.12116;101.636;2163.37;48.81;14.2241;1.69;0.07;1.62;0.4;71.2232235604593;25.987502560950624;1312.17
2016-10-05;1.12042;102.898;2155.15;49.57;14.22;1.72;0.1;1.62;0.4;71.3968432919955;25.55134153722009;1268.9
2016-10-06;1.12068;103.529;2158.22;50.14;14.18;1.75;0.11;1.64;0.4;72.3664166185805;25.01216593538093;1267.33
2016-10-07;1.11475;103.988;2164.19;50.49;14.2;1.73;0.1;1.63;0.4;71.75357347055461;24.85581303228362;1255.08
2016-10-10;1.11914;103.125;2160.39;51.54;14.28;;;;;71.38945578231292;24.433643771827708;1256.61
2016-10-11;1.11385;103.644;2161.35;50.48;;1.77;0.13;1.64;0.41;71.76740189057577;24.815768621236135;1259.61
2016-10-12;1.10544;103.561;2137.67;49.53;;1.79;0.15;1.64;0.41;71.79691075514874;25.33838077932566;1252.85
2016-10-13;1.10085;104.242;2130.26;49.29;14.04;1.75;0.12;1.63;0.41;71.87714285714286;25.51937512680057;1256.16
2016-10-14;1.10548;103.665;2139.68;48.87;13.84;1.8;0.13;1.67;0.41;71.73180515759313;25.613259668508288;1258.26
2016-10-17;1.09695;104.346;2132.95;49.31;13.816;1.77;0.09;1.68;0.41;71.8666285060103;25.4615696613263;1251.46
2016-10-18;1.09987;103.906;2138.31;49.81;;1.75;0.09;1.66;0.41;71.63063829787234;25.346115237904034;1254.95
2016-10-19;1.09786;103.888;2140.81;51.85;13.764;1.76;0.08;1.68;0.41;71.77658371040724;24.47463837994214;1262.48
2016-10-20;1.09743;103.392;2142.51;50.42;13.75;1.76;0.08;1.68;0.41;72.10712250712251;25.09877032923443;1269.41
2016-10-21;1.09251;103.986;2139.43;50.28;;1.74;0.07;1.67;0.41;72.22405929304448;25.195107398568016;1265.8
2016-10-24;1.08808;103.85;2148.5;49.8;13.83;1.77;0.11;1.66;0.41;71.8720864127345;25.386144578313253;1265.64
2016-10-25;1.08754;104.235;2149.72;49.08;14.0579;1.77;0.07;1.7;0.41;71.4983164983165;25.95965770171149;1264.88
2016-10-26;1.08884;104.218;2136.97;48.98;14.071;1.79;0.08;1.71;0.41;71.8485536018151;25.861371988566766;1273.1
2016-10-27;1.09073;104.483;2144.06;49.13;14.1999;1.85;0.13;1.72;0.41;71.9501957002666;25.817423163036842;1266.8
2016-10-28;1.08968;105.255;2132.23;47.78;14.36;1.86;0.13;1.73;0.41;71.73213280810356;26.67810799497698;1268.41
2016-10-31;1.09783;104.62;2129.78;46.2;14.41;1.84;0.11;1.73;0.31;71.36165455561766;27.633333333333333;1277.51
2016-11-01;1.09724;104.853;2128.68;45.77;14.5637;1.83;0.11;1.72;0.41;70.09575625680087;28.14856893161459;1276.42
2016-11-02;1.10563;103.998;2109.43;44.26;14.49;1.81;0.11;1.7;0.41;70.06695464362852;29.31857207410755;1288.62
2016-11-03;1.10981;103.347;2098.8;43.84;14.7;1.82;0.14;1.68;0.41;70.92211328976036;29.701870437956206;1297.96
2016-11-04;1.11068;102.913;2083.79;43.06;14.8973;1.79;0.11;1.68;0.41;70.84682237914177;30.29006038086391;1304.24
2016-11-07;1.10845;103.864;2100.59;42.83;14.97;1.83;0.12;1.71;0.41;70.48129812981298;29.917114172309127;1292.61
2016-11-08;1.10433;104.535;2129.92;43.47;15.3032;1.88;0.15;1.73;0.41;69.42732716385412;29.339314469749254;1281.85
2016-11-09;1.10131;105.117;2131.56;43.88;16.17;2.07;0.25;1.82;0.41;69.15584415584415;29.124886052871467;1275.55
2016-11-10;1.09214;105.656;2167.49;43.67;16.71;2.15;0.27;1.88;0.41;67.65067848985623;28.825509503091364;1278.25
2016-11-11;1.08862;106.791;2162.71;41.61;17.39;;;;;70.67012089810017;29.501081470800287;1259.52
2016-11-14;1.08386;106.825;2165.64;41.83;16.88;2.23;0.4;1.83;0.41;72.12226816302422;29.19029404733445;1227.78
2016-11-15;1.07438;108.294;2168.29;44.15;16.08;2.23;0.41;1.82;0.41;71.9022534386889;27.824462061155156;1221.46
2016-11-16;1.07241;109.042;2177.53;45.07;16.34;2.22;0.39;1.83;0.41;72.14664310954063;27.18105169735966;1227.63
2016-11-17;1.07007;108.879;2178.61;44.57;16.35;2.29;0.42;1.87;0.41;72.95020995800839;27.28472066412385;1224.67
2016-11-18;1.06265;110.21;2186.85;44.41;16.0711;2.34;0.44;1.9;0.41;72.89499094749547;27.198153569015986;1216.16
2016-11-21;1.05879;110.911;2186.43;45.96;16.5;2.33;0.42;1.91;0.41;73.17299578059072;26.412967798085294;1207.7
2016-11-22;1.06315;110.812;2201.56;46.1;16.41;2.31;0.41;1.9;0.41;72.859375;26.29891540130152;1213.59
2016-11-23;1.06275;111.119;2198.55;46.54;16.7293;2.36;0.44;1.92;0.41;72.6010995723885;25.536742587021916;1212.92
2016-11-24;1.05509;112.528;;47.54;;;;;;72.50459277403553;24.905342869162812;1187.54
2016-11-25;1.05574;113.312;2206.27;46.32;17.3;2.36;0.47;1.89;0.41;71.68704600484261;25.567141623488773;1184.7
2016-11-28;1.05993;112.876;2210.21;46.64;19.0;2.32;0.47;1.85;0.41;71.8735701384708;25.59648370497427;1185.14
2016-11-29;1.0611;111.825;2200.76;44.68;17.2128;2.3;0.44;1.86;0.41;71.54184226369657;26.596016114592658;1194.04
2016-11-30;1.06487;112.516;2204.97;47.95;17.26;2.37;0.43;1.94;0.31;71.06723198061779;24.4696558915537;1187.75
2016-12-01;1.05964;114.379;2200.17;52.28;17.73;2.45;0.48;1.97;0.41;70.89924357034796;22.41029074215761;1173.53
2016-12-02;1.06593;114.179;2191.12;52.35;17.13;2.4;0.49;1.91;0.41;70.44817255841821;22.459980897803245;1172.51
2016-12-05;1.05336;113.042;2200.65;53.3;17.6;2.39;0.45;1.94;0.41;69.86213070725157;21.961350844277675;1180.61
2016-12-06;1.07583;113.812;2207.26;52.31;17.33;2.39;0.44;1.95;0.41;69.89247311827958;22.366660294398777;1170.53
2016-12-07;1.07192;114.03;2210.72;51.9;17.31;2.34;0.42;1.92;0.41;68.57067757009345;22.619075144508674;1169.79
2016-12-08;1.07576;113.639;2241.13;51.6;17.2324;2.4;0.45;1.95;0.41;68.73576042278331;22.68546511627907;1175.05
2016-12-09;1.06134;114.129;2249.73;52.19;17.21;2.47;0.51;1.96;0.41;68.73665480427047;22.20540333397203;1170.93
2016-12-12;1.05466;115.455;2258.83;53.99;17.05;2.49;0.51;1.98;0.41;68.04683840749415;21.52694943508057;1159.69
2016-12-13;1.06402;114.848;2263.32;53.28;17.0;2.48;0.53;1.95;0.41;68.47576832151299;21.745683183183182;1162.73
2016-12-14;1.06256;115.252;2268.35;53.15;16.7153;2.54;0.6;1.94;0.41;67.86935866983373;21.503668861712136;1158.25
2016-12-15;1.05268;117.23;2253.77;51.72;16.84;2.6;0.7;1.9;0.66;70.67000626174075;21.82134570765661;1141.64
2016-12-16;1.04206;118.236;2266.81;54.15;16.75;2.6;0.74;1.86;0.66;70.40993788819874;20.93444136657433;1128.85
2016-12-19;1.04469;117.876;2259.24;53.53;16.33;2.54;0.68;1.86;0.66;71.25528384006012;21.25611806463665;1134.26
2016-12-20;1.0401;117.106;2266.5;54.56;16.18;2.57;0.67;1.9;0.66;70.33416149068323;20.75476539589443;1138.15
2016-12-21;1.03905;117.893;2270.54;53.01;16.3;2.55;0.64;1.91;0.66;70.98557089084065;21.345217883418222;1132.64
2016-12-22;1.04275;117.478;2262.93;54.04;16.15;2.55;0.6;1.95;0.66;71.43273187717632;20.87860843819393;1131.25
2016-12-23;1.04356;117.566;2260.25;53.93;16.25;2.55;0.58;1.97;0.66;71.94977749523204;20.985907658075284;1132.65
2016-12-26;;;;;;;;;;;;
2016-12-27;1.04546;117.122;2266.23;;16.27;2.57;0.58;1.99;0.66;71.30932999373826;;1133.96
2016-12-28;1.04586;117.452;2270.23;54.95;16.22;2.51;0.56;1.95;0.66;71.2991880074953;20.773430391264785;1138.36
2016-12-29;1.0419;117.062;2249.5;54.97;16.37;2.49;0.55;1.94;0.66;71.62152133580703;21.068219028561032;1142.05
2016-12-30;1.04926;116.557;2251.61;54.96;16.3001;2.45;0.5;1.95;0.55;72.15736677115989;20.94086608442504;1158.47
2017-01-02;1.05158;116.882;;;;;;;;;;
2017-01-03;1.04631;117.314;2251.57;55.05;16.84;2.45;0.47;1.98;0.66;71.12379549499785;21.050317892824705;1150.53
2017-01-04;1.04108;117.696;2261.6;54.57;17.999;2.46;0.47;1.99;0.66;70.8605359317905;21.32178852849551;1158.73
2017-01-05;1.04871;117.276;2268.18;54.99;16.54;2.37;0.42;1.95;0.66;71.15491259795057;21.466812147663212;1164.01
2017-01-06;1.06024;115.445;2271.14;55.9;16.39;2.42;0.46;1.96;0.66;71.13470873786407;20.97137745974955;1179.81
2017-01-09;1.05334;117.138;2273.59;54.39;16.57;2.38;0.43;1.95;0.66;71.31642512077295;21.713550284978854;1172.76
2017-01-10;1.05844;115.921;2269.72;53.2;17.0134;2.38;0.43;1.95;0.66;70.73853484216797;22.325187969924812;1181.15
2017-01-11;1.05548;115.834;2268.6;53.61;17.02;2.38;0.39;1.99;0.66;71.21936640765092;22.225331094944973;1188.05
2017-01-12;1.05838;115.407;2271.14;54.51;17.31;2.36;0.38;1.98;0.66;71.26340882002383;21.93725921849202;1190.95
2017-01-13;1.06134;114.723;2272.74;54.37;17.3437;2.4;0.41;1.99;0.66;71.2903033908388;22.041383115688802;1194.49
2017-01-16;1.06227;114.421;;54.3;;;;;;71.575252825699;22.158011049723758;1197.51
2017-01-17;1.05982;114.083;2269.14;54.68;17.96;2.33;0.36;1.97;0.66;70.76453488372094;22.259509875640088;1203.11
2017-01-18;1.0711;112.793;2269.14;53.77;17.1269;2.42;0.42;2.0;0.66;70.55008787346222;22.397061558489863;1217.95
2017-01-19;1.06335;114.555;2271.9;53.18;17.0001;2.47;0.43;2.04;0.66;70.77144535840188;22.65005641218503;1203.6
2017-01-20;1.06596;115.055;2269.96;55.04;17.22;2.48;0.44;2.04;0.66;70.7072599531616;21.94186046511628;1204.78
2017-01-23;1.07035;114.394;2267.78;54.8;17.15;2.41;0.39;2.02;0.66;70.62144927536232;22.23029197080292;1209.47
2017-01-24;1.07716;112.558;2267.88;54.7;17.61;2.47;0.41;2.06;0.66;70.69356725146197;22.099817184643506;1218.43
2017-01-25;1.07314;113.864;2288.88;54.34;17.64;2.53;0.45;2.08;0.66;70.63387945995235;22.09550975340449;1209.09
2017-01-26;1.0749;113.341;2298.63;55.89;17.72;2.51;0.43;2.08;0.66;70.77083333333333;21.2730363213455;1201.24
2017-01-27;1.06811;114.541;2299.02;54.8;17.58;2.49;0.41;2.08;0.66;69.48133022170362;21.731934306569347;1189.31
2017-01-30;1.07138;114.894;2286.01;54.77;17.5;2.49;0.42;2.07;0.66;69.83119158878505;21.82782545188972;1192.46
2017-01-31;1.07009;113.739;2274.02;55.25;17.63;2.45;0.4;2.05;0.56;68.94134396355354;21.911493212669683;1195.91
2017-02-01;1.07962;112.674;2285.59;55.79;17.82;2.48;0.43;2.05;0.66;68.96522234891677;21.682201111310274;1211.06
2017-02-02;1.07671;113.287;2276.69;55.94;17.49;2.48;0.43;2.05;0.66;69.59244419004007;21.73364318913121;1209.34
2017-02-03;1.07609;112.866;2288.54;55.92;17.27;2.49;0.44;2.05;0.66;69.75228832951944;21.80382689556509;1215.83
2017-02-06;1.07848;112.561;2294.28;55.02;17.1901;2.42;0.4;2.02;0.66;69.68133107727016;22.454561977462742;1219.9
2017-02-07;1.07482;111.803;2295.87;53.79;17.16;2.4;0.4;2.0;0.66;69.66403162055336;22.936419408812046;1235.0
2017-02-08;1.06805;112.315;2289.55;54.42;17.5077;2.34;0.38;1.96;0.66;69.82620922384702;22.81348768834987;1233.75
2017-02-09;1.06954;111.847;2296.7;53.98;17.54;2.4;0.41;1.99;0.66;69.73006656280981;22.803075213041872;1241.02
2017-02-10;1.06542;113.314;2312.27;55.2;17.8;2.41;0.4;2.01;0.66;68.77424749163879;22.351630434782606;1228.68
2017-02-13;1.06315;113.646;2321.72;54.15;18.48;2.43;0.43;2.0;0.66;68.7402877899638;22.62843951985226;1232.91
2017-02-14;1.05961;113.764;2326.12;54.96;18.53;2.47;0.46;2.01;0.66;68.37917594654787;22.345160116448323;1225.46
2017-02-15;1.05778;114.321;2335.58;54.57;17.9001;2.51;0.45;2.06;0.66;68.6134593993326;22.607110133773137;1227.53
2017-02-16;1.05923;114.305;2349.64;54.16;18.03;2.45;0.43;2.02;0.66;68.42076200993925;22.87850812407681;1233.56
2017-02-17;1.06691;113.29;2343.01;54.48;17.69;2.42;0.41;2.01;0.66;68.635202665186;22.68942731277533;1239.2
2017-02-20;1.06206;112.945;;55.25;;;;;;68.50138350857775;22.403981900452486;1235.3
2017-02-21;1.0614;113.145;2354.91;56.34;17.9804;2.43;0.4;2.03;0.66;68.75949367088607;21.93432729854455;1237.78
2017-02-22;1.05357;113.707;2361.11;54.9;17.94;2.42;0.38;2.04;0.66;68.64837877569136;22.5408014571949;1236.1
2017-02-23;1.05556;113.312;2367.5;55.82;17.75;2.38;0.35;2.03;0.66;68.69873556899395;22.386778932282336;1237.78
2017-02-24;1.05784;112.729;2355.73;54.69;17.28;2.31;0.31;2.0;0.66;68.48392370572206;22.978240994697387;1249.45
2017-02-27;1.05606;112.23;2365.23;54.65;17.48;2.36;0.35;2.01;0.66;68.5883190103454;22.928453796889297;1258.45
2017-02-28;1.0587;112.743;2366.08;53.36;17.58;2.36;0.34;2.02;0.57;68.20808301474605;23.404985007496254;1252.48
2017-03-01;1.05732;112.847;2380.13;55.72;17.94;2.46;0.43;2.03;0.66;67.79967426710097;22.41331658291457;1248.18
2017-03-02;1.05506;113.774;2394.75;54.16;17.58;2.49;0.48;2.01;0.66;69.39066891512086;22.79283604135894;1249.55
2017-03-03;1.05069;114.388;2380.92;54.12;16.12;2.49;0.45;2.04;0.66;68.81498620132133;22.806725794530674;1234.65
2017-03-06;1.06107;114.095;2375.23;54.73;17.5;2.49;0.48;2.01;0.66;68.91050693058172;22.391193129910473;1234.3
2017-03-07;1.05818;113.947;2370.74;54.61;17.345;2.52;0.49;2.03;0.66;69.49400342661335;22.282365867057315;1225.67
2017-03-08;1.05659;113.994;2369.81;53.3;17.11;2.57;0.56;2.01;0.66;70.0818340104469;22.65497185741088;1215.5
2017-03-09;1.05409;114.448;2363.49;50.65;16.8522;2.6;0.6;2.0;0.66;70.94870283018868;23.75695952615992;1208.09
2017-03-10;1.05757;115.093;2372.52;50.63;16.91;2.58;0.57;2.01;0.66;70.72519083969465;23.789255382184475;1200.75
2017-03-13;1.06796;114.877;2371.56;50.1;17.04;2.62;0.61;2.01;0.66;70.9040047114252;24.030938123752495;1206.0
2017-03-14;1.06522;114.944;2368.55;49.6;17.2003;2.6;0.61;1.99;0.66;70.98519834221433;24.17217741935484;1202.05
2017-03-15;1.06093;114.697;2370.34;50.63;17.36;2.51;0.5;2.01;0.66;70.43179190751445;24.06616630456251;1199.02
2017-03-16;1.07309;113.446;2387.71;50.56;16.91;2.53;0.51;2.02;0.91;70.77854671280276;24.274129746835442;1219.29
2017-03-17;1.07716;113.347;2383.71;50.58;17.5043;2.5;0.49;2.01;0.91;70.65632183908048;24.30644523527086;1226.46
2017-03-20;1.0742;112.735;2378.24;50.67;17.57;2.47;0.47;2.0;0.91;70.8267355134825;24.363726070653247;1230.59
2017-03-21;1.07339;112.534;2379.32;50.14;17.211;2.43;0.45;1.98;0.91;70.89055335630678;24.82229756681292;1234.55
2017-03-22;1.08125;111.502;2343.0;49.56;16.9857;2.4;0.43;1.97;0.91;71.17616875712658;25.190274414850688;1245.83
2017-03-23;1.07941;111.295;2345.97;50.17;17.15;2.41;0.46;1.95;0.91;70.78839590443687;24.804863464221647;1247.24
2017-03-24;1.07824;111.033;2350.42;49.97;17.19;2.4;0.42;1.98;0.91;69.99043331457513;24.88953372023214;1244.81
2017-03-27;1.08336;110.941;2329.11;50.12;16.86;2.38;0.41;1.97;0.91;69.30773480662982;25.02932960893855;1246.29
2017-03-28;1.08635;110.639;2339.79;50.72;17.1539;2.42;0.45;1.97;0.91;68.80461665292663;24.682570977917983;1253.64
2017-03-29;1.08131;111.068;2356.54;51.36;17.45;2.39;0.41;1.98;0.91;68.73355263157896;24.410046728971963;1250.96
2017-03-30;1.07675;111.011;2361.31;52.25;17.55;2.42;0.46;1.96;0.91;68.56181015452538;23.776842105263157;1253.75
2017-03-31;1.06816;111.848;2364.82;52.2;17.0852;2.4;0.43;1.97;0.82;68.49588138385502;23.894827586206894;1242.59
2017-04-03;1.06605;111.413;2362.34;52.04;17.3;2.35;0.39;1.96;0.91;68.65005476451259;24.088201383551112;1250.51
2017-04-04;1.06681;110.852;2354.76;53.08;17.01;2.36;0.4;1.96;0.91;68.53627932351337;23.667483044461193;1253.63
2017-04-05;1.0679;110.703;2366.59;53.41;17.5;2.34;0.37;1.97;0.91;68.57018022938286;23.507208387942335;1256.26
2017-04-06;1.0667;110.513;2353.79;53.62;17.46;2.34;0.39;1.95;0.91;68.53723986856517;23.33998508019396;1255.92
2017-04-07;1.06426;110.848;2356.59;54.24;17.118;2.38;0.44;1.94;0.91;69.70833333333333;23.13329646017699;1252.06
2017-04-10;1.05832;111.085;2357.16;54.79;16.98;2.37;0.44;1.93;0.91;69.86852367688023;22.88994342033218;1254.06
2017-04-11;1.05942;110.866;2353.92;54.73;17.15;2.32;0.41;1.91;0.91;69.48008728859793;23.270052987392656;1255.12
2017-04-12;1.06059;109.61;2352.15;54.75;16.89;2.28;0.38;1.9;0.91;69.68381158635626;23.50794520547945;1274.85
2017-04-13;1.06683;108.989;2341.98;55.05;16.73;2.24;0.32;1.92;0.91;69.41693635382956;23.37856494096276;1286.21
2017-04-14;1.06165;109.14;;;;;;;0.91;;;
2017-04-17;1.0609;108.734;2332.62;54.79;16.98;2.26;0.38;1.88;0.91;69.7319587628866;23.456105128673116;1290.47
2017-04-18;1.06459;109.017;2342.53;52.6;16.66;2.18;0.33;1.85;0.91;70.46195874880482;24.51768060836502;1284.73
2017-04-19;1.07306;108.444;2346.79;52.43;16.71;2.21;0.36;1.85;0.91;70.48237885462555;24.41274079725348;1289.86
2017-04-20;1.07097;108.852;2342.69;50.66;16.6558;2.24;0.39;1.85;0.91;71.11369938990572;25.309514409790765;1280.43
2017-04-21;1.07128;109.289;2354.74;49.93;;2.24;0.4;1.84;0.91;71.53856860507196;25.73482876026437;1282.1
2017-04-24;1.08977;110.271;2370.33;49.45;16.5;2.28;0.41;1.87;0.91;71.12653288740245;25.804044489383212;1275.39
2017-04-25;1.08654;109.787;2381.51;49.37;16.828;2.35;0.44;1.91;0.91;71.81363636363636;25.60097225035447;1276.59
2017-04-26;1.09281;111.08;2388.98;49.99;16.94;2.32;0.42;1.9;0.91;72.4288977727013;25.369673934786956;1264.25
2017-04-27;1.09042;111.112;2389.7;49.46;16.7943;2.3;0.39;1.91;0.91;73.22814128546614;25.56914678528104;1268.9
2017-04-28;1.08734;111.265;2393.68;49.46;16.9;2.29;0.37;1.92;0.83;73.60185722576901;25.64011322280631;1264.26
2017-05-01;1.08973;111.418;2388.5;50.41;16.92;2.33;0.41;1.92;0.91;74.54896142433235;24.918666931164456;1268.39
2017-05-02;1.08991;111.829;2391.05;49.31;17.096;2.29;0.41;1.88;0.91;74.63408841255233;25.490772662745893;1256.63
2017-05-03;1.09284;112.019;2386.5;48.82;16.58;2.33;0.46;1.87;0.91;75.09466019417475;25.34944694797214;1256.75
2017-05-04;1.08845;112.667;2389.79;47.53;16.1342;2.36;0.5;1.86;0.91;75.19228413962034;25.83399957921313;1238.62
2017-05-05;1.09803;112.539;2392.37;47.45;16.3953;2.36;0.5;1.86;0.91;75.14731051344744;25.90958904109589;1228.33
2017-05-08;1.10133;112.877;2399.94;46.61;16.22;2.39;0.53;1.86;0.91;75.50893407270486;26.292855610384038;1221.59
2017-05-09;1.09226;113.275;2401.58;47.06;16.2416;2.42;0.56;1.86;0.91;75.42371834465719;25.947938801529958;1226.13
2017-05-10;1.08782;113.977;2396.79;48.09;16.1942;2.41;0.56;1.85;0.91;75.22146822948797;25.355375337908086;1222.0
2017-05-11;1.08675;114.287;2394.84;49.18;16.47;2.39;0.51;1.88;0.91;74.9796480489671;24.90809272061814;1219.18
2017-05-12;1.08618;113.825;2392.44;49.08;16.29;2.33;0.49;1.84;0.91;74.64652604704881;25.020578647106767;1225.3
2017-05-15;1.09329;113.237;2393.98;51.29;16.56;2.34;0.52;1.82;0.91;74.02645820805773;24.001949697796842;1228.37
2017-05-16;1.09781;113.604;2404.55;51.21;16.56;2.33;0.51;1.82;0.91;73.3994065281899;24.151142355008787;1231.45
2017-05-17;1.10812;113.104;2382.95;51.76;16.54;2.22;0.44;1.78;0.91;74.66923076923078;24.380023183925815;1237.13
2017-05-18;1.11652;110.718;2354.69;51.71;16.36;2.23;0.43;1.8;0.91;75.20386007237637;24.112937536259913;1261.06
2017-05-19;1.11013;111.581;2371.37;52.78;16.68;2.23;0.41;1.82;0.91;74.48902077151335;23.780598711633196;1247.12
2017-05-22;1.12015;111.18;2387.21;53.35;16.77;2.25;0.43;1.82;0.91;73.41525201642256;23.62980318650422;1257.53
2017-05-23;1.12369;111.295;2397.04;53.19;16.75;2.29;0.46;1.83;0.91;73.35521688159439;23.527730776461745;1260.65
2017-05-24;1.11848;111.817;2401.41;53.29;16.7503;2.26;0.45;1.81;0.91;73.12013929193267;23.641583786826796;1251.4
2017-05-25;1.12137;111.566;2409.54;52.25;16.8403;2.25;0.45;1.8;0.91;73.09202096680255;24.018947368421053;1258.83
2017-05-26;1.12093;111.834;2414.5;50.84;16.8;2.25;0.44;1.81;0.91;73.08881199538638;24.92840283241542;1255.81
2017-05-29;1.11762;111.284;;52.25;;;;;;72.7256027554535;24.246507177033497;1267.63
2017-05-30;1.11523;111.276;2411.67;50.65;16.25;2.21;0.4;1.81;0.91;72.54885057471265;24.92300098716683;1267.31
2017-05-31;1.118;110.854;2415.63;49.4;16.679;2.21;0.4;1.81;0.83;73.159169550173;25.679757085020242;1263.22
2017-06-01;1.1243;110.838;2415.65;50.41;16.78;2.21;0.4;1.81;0.91;73.12774566473988;25.09640944257092;1269.12
2017-06-02;1.12144;111.369;2431.28;48.46;16.7068;2.15;0.36;1.79;0.91;72.92013690815743;26.378250103177876;1265.88
2017-06-05;1.12798;110.458;2437.83;48.25;16.6399;2.18;0.39;1.79;0.91;72.69760820045558;26.45740932642487;1280.4
2017-06-06;1.12547;110.509;2431.92;48.11;16.5467;2.14;0.37;1.77;0.91;73.05646527385657;26.893161504884638;1279.58
2017-06-07;1.1278;109.359;2432.03;47.08;16.45;2.18;0.4;1.78;0.91;73.1528409090909;27.346856414613423;1294.86
2017-06-08;1.1259;109.791;2434.27;46.3;16.72;2.19;0.41;1.78;0.91;73.23795871559632;27.586825053995682;1287.1
2017-06-09;1.12023;109.857;2436.39;46.64;17.0606;2.21;0.43;1.78;0.91;73.57225769007546;27.179459691252145;1281.67
2017-06-12;1.12054;110.405;2425.88;47.18;16.78;2.21;0.46;1.75;0.91;74.61343547436654;26.837431114879188;1267.48
2017-06-13;1.12053;109.919;2434.15;46.95;16.72;2.21;0.46;1.75;0.91;75.15192878338279;26.971458998935034;1265.6
2017-06-14;1.12087;110.077;2443.75;45.47;;2.15;0.44;1.71;0.91;74.54255319148935;27.738288981746205;1266.48
2017-06-15;1.12172;109.672;2424.14;45.61;16.72;2.16;0.49;1.67;1.16;74.87410501193317;27.513483885112915;1260.93
2017-06-16;1.11475;110.886;2431.24;45.7;;2.16;0.49;1.67;1.16;75.12275449101797;27.451859956236323;1254.29
2017-06-19;1.12007;110.834;2442.55;45.93;16.8;2.19;0.52;1.67;1.16;75.37007874015747;27.09253211408665;1254.09
2017-06-20;1.11503;111.568;2450.66;43.98;;2.16;0.5;1.66;1.16;75.55771567436209;28.278308321964534;1244.12
2017-06-21;1.11345;111.456;2439.31;44.62;16.866;2.16;0.5;1.66;1.16;75.6169696969697;27.962348722545947;1243.03
2017-06-22;1.11681;111.424;2437.4;44.46;;2.15;0.46;1.69;1.16;75.56374622356495;28.128205128205128;1245.92
2017-06-23;1.11518;111.287;2434.65;44.14;16.09;2.15;0.45;1.7;1.16;75.20119760479042;28.451744449478927;1250.49
2017-06-26;1.11939;111.276;2443.32;44.09;17.02;2.14;0.43;1.71;1.16;74.97350993377484;28.244726695395777;1257.36
2017-06-27;1.11833;111.855;2436.34;46.17;17.05;2.21;0.5;1.71;1.16;74.84283143371326;27.022525449426034;1244.55
2017-06-28;1.13358;112.278;2428.7;46.45;17.2559;2.22;0.49;1.73;1.16;74.37440476190476;26.899677072120557;1247.03
2017-06-29;1.13764;112.289;2442.38;47.02;;2.27;0.55;1.72;1.16;74.84786530366807;26.472139515099958;1249.05
2017-06-30;1.14412;112.126;2429.2;47.08;17.375;2.31;0.58;1.73;1.06;74.69193742478942;26.367459643160583;1245.44
2017-07-03;1.14219;112.224;2431.39;49.13;17.41;2.35;0.6;1.75;1.16;75.44678217821782;24.816201913291266;1241.81
2017-07-04;1.13641;113.399;;49.15;;;;;;76.11815920398011;24.9029501525941;1221.35
2017-07-05;1.13471;113.309;2430.78;47.58;17.09;2.33;0.58;1.75;1.16;76.28029832193909;25.795502311895753;1223.75
2017-07-06;1.13508;113.195;2423.44;48.53;17.1012;2.37;0.61;1.76;1.16;76.25155666251557;25.23387595301875;1227.27
2017-07-07;1.14213;113.179;2413.52;46.47;;2.39;0.66;1.73;1.16;77.84007707129095;26.080697224015495;1225.15
2017-07-10;1.13994;114.033;2424.51;46.57;17.48;2.38;0.66;1.72;1.16;77.48540437071304;26.076658793214516;1213.2
2017-07-11;1.13975;114.066;2427.35;46.68;;2.37;0.62;1.75;1.16;76.85678233438486;26.096401028277636;1214.4
2017-07-12;1.14645;113.968;2435.75;46.73;;2.33;0.57;1.76;1.16;76.52575376884423;26.070832441686285;1217.16
2017-07-13;1.14126;113.19;2444.99;47.65;;2.35;0.58;1.77;1.16;77.51519974534457;25.552360965372507;1219.7
2017-07-14;1.14006;113.287;2449.16;47.89;;2.33;0.57;1.76;1.16;76.9718045112782;25.6519106285237;1216.89
2017-07-17;1.14711;112.486;2459.5;47.66;17.48;2.31;0.54;1.77;1.16;76.57844931897861;25.893831305077633;1229.4
2017-07-18;1.14785;112.631;2455.88;47.92;17.6528;2.27;0.51;1.76;1.16;76.27467231482335;25.92654424040067;1234.2
2017-07-19;1.15541;112.071;2463.85;48.34;;2.27;0.51;1.76;1.16;76.2298709280885;25.657012825817127;1242.72
2017-07-20;1.15179;111.889;2475.56;48.54;17.56;2.27;0.5;1.77;1.16;76.13219094247246;25.62834775442934;1241.35
2017-07-21;1.16327;111.847;2467.4;47.47;17.65;2.24;0.48;1.76;1.16;76.0636749545179;26.422793343164102;1244.55
2017-07-24;1.16671;111.144;2472.04;47.81;;2.26;0.48;1.78;1.16;76.11158277744087;26.251411838527503;1255.69
2017-07-25;1.16371;111.176;2477.88;49.19;17.88;2.33;0.52;1.81;1.16;75.77511744203667;25.413701971945517;1255.15
2017-07-26;1.16479;111.871;2479.97;50.08;18.55;2.29;0.49;1.8;1.16;75.7998798076923;25.18590255591054;1250.65
2017-07-27;1.17468;111.127;2482.76;50.67;18.67;2.32;0.49;1.83;1.16;75.91375150784079;24.840142095914743;1260.83
2017-07-28;1.16753;111.328;2469.12;52.0;18.51;2.3;0.47;1.83;1.16;75.86252241482367;24.407307692307693;1259.13
2017-07-31;1.17546;110.66;2475.94;51.99;18.6;2.3;0.48;1.82;1.07;75.42259588247526;24.41623389113291;1270.35
2017-08-01;1.1836;110.255;2477.1;50.77;18.6465;2.26;0.47;1.79;1.16;75.92220227408737;24.988378963955093;1269.62
2017-08-02;1.18059;110.378;2480.38;52.09;18.69;2.27;0.48;1.79;1.16;76.38474295190714;24.316567479362643;1269.1
2017-08-03;1.1855;110.739;2476.03;52.88;18.6;2.24;0.46;1.78;1.16;76.10564225690277;23.97730711043873;1266.7
2017-08-04;1.18709;109.976;2476.88;52.48;18.6037;2.27;0.47;1.8;1.16;77.32309582309581;23.986661585365855;1268.83
2017-08-07;1.17764;110.757;2477.14;51.42;18.7624;2.26;0.46;1.8;1.16;77.17495395948436;24.44924154025671;1259.1
2017-08-08;1.17954;110.769;2478.35;52.18;18.98;2.29;0.46;1.83;1.16;76.61276595744681;24.15254886929858;1257.47
2017-08-09;1.17498;110.32;2465.35;52.16;18.83;2.24;0.42;1.82;1.16;75.35883897230168;24.489455521472394;1260.59
2017-08-10;1.17598;109.945;2465.38;52.59;18.72;2.2;0.4;1.8;1.16;75.14953271028037;24.46396653356151;1277.09
2017-08-11;1.17719;109.149;2441.04;51.47;18.81;2.19;0.4;1.79;1.16;75.40654205607477;25.081795220516806;1286.67
2017-08-14;1.18239;109.091;2454.96;51.29;18.7629;2.22;0.45;1.77;1.16;75.0762744122039;24.99590563462663;1290.26
2017-08-15;1.17763;109.61;2468.66;49.9;18.6358;2.27;0.49;1.78;1.16;76.44441772380209;25.480961923847698;1281.86
2017-08-16;1.17356;110.583;2468.63;50.39;18.86;2.23;0.45;1.78;1.16;74.91753028754927;25.464377852748562;1271.54
2017-08-17;1.17718;110.119;2462.95;50.37;19.07;2.19;0.42;1.77;1.16;75.55927230046949;25.56144530474489;1284.15
2017-08-18;1.17261;109.443;2427.64;50.96;18.87;2.19;0.43;1.76;1.16;75.50469483568075;25.247252747252745;1288.31
2017-08-21;1.17583;109.279;2425.5;51.94;19.19;2.18;0.43;1.75;1.16;75.90951821386604;24.874470542934155;1282.96
2017-08-22;1.1814;108.953;2433.75;52.29;19.39;2.22;0.45;1.77;1.16;75.61564035423226;24.5754446356856;1291.97
2017-08-23;1.17653;109.587;2444.88;52.31;19.36;2.17;0.42;1.75;1.16;75.4890779892973;24.67501433760275;1285.11
2017-08-24;1.18095;108.961;2447.91;51.73;19.33;2.19;0.44;1.75;1.16;75.86454652532392;24.901991107674466;1290.72
2017-08-25;1.18002;109.564;2444.72;51.87;19.65;2.17;0.42;1.75;1.16;75.76760563380282;24.89068825910931;1286.56
2017-08-28;1.19447;109.256;2447.35;51.87;19.86;2.16;0.41;1.75;1.16;75.16284403669724;25.271640640061694;1292.29
2017-08-29;1.1978;108.793;2431.94;51.64;20.0;2.13;0.39;1.74;1.16;75.27931034482759;25.36522075910147;1315.42
2017-08-30;1.19682;109.639;2446.06;51.91;19.86;2.15;0.39;1.76;1.16;75.02350917431193;25.205355422847237;1309.09
2017-08-31;1.18935;110.238;2462.65;52.69;19.8655;2.12;0.36;1.76;1.07;75.12172923777021;25.064338584171573;1309.07
2017-09-01;1.19214;109.941;2474.42;53.15;19.87;2.16;0.37;1.79;1.16;74.85431959345003;24.942050799623708;1321.98
2017-09-04;1.18788;109.655;;52.6;;;;;;74.52555152192126;25.368441064638784;1335.99
2017-09-05;1.18975;109.695;2470.35;53.63;20.28;2.07;0.3;1.77;1.16;74.89475890985325;24.980048480328175;1334.1
2017-09-06;1.19137;108.73;2463.83;54.48;20.16;2.1;0.32;1.78;1.16;74.65185889725012;24.491372980910427;1339.57
2017-09-07;1.19217;109.221;2468.06;54.16;20.17;2.05;0.26;1.79;1.16;74.42835470969521;24.911373707533237;1334.52
2017-09-08;1.20191;108.393;2462.25;54.55;19.8;2.06;0.25;1.81;1.16;74.76624097723486;24.684509624197982;1349.03
2017-09-11;1.20233;108.243;2474.52;54.2;19.62;2.14;0.31;1.83;1.16;74.61516853932585;24.50461254612546;1334.21
2017-09-12;1.19554;109.368;2491.94;55.06;19.8;2.17;0.33;1.84;1.16;74.38431898140392;24.191790773701417;1327.37
2017-09-13;1.19654;110.158;2493.89;55.52;19.18;2.2;0.35;1.85;1.16;74.47356580427447;23.84978386167147;1334.48
2017-09-14;1.1888;110.498;2494.56;56.76;18.96;2.2;0.35;1.85;1.16;74.70320404721754;23.41384778012685;1323.89
2017-09-15;1.19144;110.236;2495.67;56.18;18.9;2.2;0.35;1.85;1.16;75.00908574673481;23.512103951584194;1329.69
2017-09-18;1.19352;111.138;2502.51;55.5;19.04;2.23;0.36;1.87;1.16;75.91289198606272;23.553513513513515;1320.11
2017-09-19;1.19519;111.559;2506.29;56.58;19.01;2.24;0.37;1.87;1.16;75.71242962321352;23.17338282078473;1306.49
2017-09-20;1.19957;111.575;2506.84;57.2;18.97;2.28;0.43;1.85;1.16;75.67946480511925;22.74353146853147;1311.14
2017-09-21;1.18945;112.298;2507.16;57.73;18.76;2.27;0.44;1.83;1.16;76.17806603773585;22.379698596916683;1301.45
2017-09-22;1.19402;112.412;2497.26;58.16;18.83;2.26;0.42;1.84;1.16;76.3502060035315;22.303817056396152;1291.4
2017-09-25;1.19157;112.179;2499.39;59.42;18.79;2.22;0.38;1.84;1.16;76.25247236765561;22.059575900370245;1297.97
2017-09-26;1.18466;111.718;2501.04;59.77;18.75;2.24;0.4;1.84;1.16;76.87931034482757;21.634766605320394;1311.2
2017-09-27;1.17913;112.243;2503.3;58.74;18.745;2.31;0.44;1.87;1.16;76.50633666318772;21.83895131086142;1294.22
2017-09-28;1.17441;112.81;2503.41;58.8;;2.31;0.44;1.87;1.16;76.18483412322276;21.87074829931973;1282.49
2017-09-29;1.17834;112.315;2509.96;57.02;19.0739;2.33;0.49;1.84;1.06;76.86614645858343;22.45861101367941;1287.25
2017-10-02;1.18069;112.517;2521.2;55.67;18.94;2.34;0.51;1.83;1.16;76.62085593731165;22.833483024968565;1280.04
2017-10-03;1.1734;112.723;2530.34;56.12;;2.33;0.49;1.84;1.16;76.43505439682636;22.659479686386316;1270.95
2017-10-04;1.1737;112.888;2533.48;56.0;19.05;2.33;0.48;1.85;1.16;76.85404101326901;22.754285714285714;1271.87
2017-10-05;1.1757;112.797;2540.86;57.09;19.34;2.35;0.49;1.86;1.16;76.4216424655058;22.217025748817655;1274.97
2017-10-06;1.17117;112.792;2547.44;55.5;19.4;2.37;0.5;1.87;1.16;75.93091125670043;22.970810810810814;1268.27
2017-10-09;1.17375;112.675;2551.39;55.29;19.505;;;;;75.63641720683559;23.214867064568637;1276.41
2017-10-10;1.17413;112.663;2549.99;56.62;19.45;2.35;0.47;1.88;1.16;75.24975170882747;22.74902861179795;1284.11
2017-10-11;1.18086;112.374;2550.62;56.13;19.75;2.35;0.46;1.89;1.16;75.2198218133116;23.01353999643684;1288.18
2017-10-12;1.18604;112.51;2552.88;56.13;20.0;2.33;0.44;1.89;1.16;75.03826086956522;23.060929983965796;1292.24
2017-10-13;1.18321;112.279;2555.66;56.86;20.1093;2.28;0.43;1.85;1.16;74.91379310344828;22.924727400633135;1293.78
2017-10-16;1.18112;111.897;2555.57;57.49;20.68;2.3;0.46;1.84;1.16;75.20545560069645;22.539398156201077;1303.39
2017-10-17;1.17972;112.147;2557.17;57.63;20.62;2.3;0.48;1.82;1.16;75.49618320610686;22.309560992538607;1295.21
2017-10-18;1.17659;112.197;2562.87;58.05;20.4292;2.34;0.5;1.84;1.16;75.43143025309006;22.077174849267873;1285.1
2017-10-19;1.17926;112.963;2553.39;57.82;20.25;2.33;0.49;1.84;1.16;74.77449275362318;22.30819785541335;1281.06
2017-10-20;1.18466;112.566;2567.56;57.89;20.49;2.39;0.52;1.87;1.16;75.15727699530517;22.122646398341683;1289.74
2017-10-23;1.17721;113.839;2578.08;57.69;20.31;2.38;0.52;1.86;1.16;75.07322788517868;22.21355520887502;1278.49
2017-10-24;1.17493;113.479;2568.66;57.84;20.4345;2.42;0.55;1.87;1.16;75.370720188902;22.07434301521438;1282.15
2017-10-25;1.17637;113.925;2566.52;58.45;20.3828;2.44;0.56;1.88;1.16;75.38252656434474;21.847390932420872;1276.84
2017-10-26;1.18159;113.684;2560.08;58.75;20.34;2.46;0.57;1.89;1.16;75.40511600237954;21.575489361702125;1277.42
2017-10-27;1.1654;114.019;2570.26;60.15;19.81;2.42;0.54;1.88;1.16;75.56379821958457;21.167913549459684;1267.21
2017-10-30;1.1595;113.744;2577.75;60.65;19.96;2.37;0.5;1.87;1.16;75.7782857821453;21.04237427864798;1272.74
2017-10-31;1.16434;113.139;2575.99;61.35;19.86;2.38;0.5;1.88;1.07;76.08078994614003;20.722249388753056;1276.22
2017-11-01;1.16497;113.643;2583.21;60.98;20.1415;2.37;0.49;1.88;1.16;74.3574636878026;20.903738930796983;1270.6
2017-11-02;1.16186;114.16;2579.46;60.79;20.11;2.35;0.48;1.87;1.16;74.68516355140186;21.03322914953117;1275.74
2017-11-03;1.16575;114.034;2581.93;61.42;20.038;2.34;0.48;1.86;1.16;75.37078251580166;20.67665255617063;1277.59
2017-11-06;1.16138;114.124;2587.47;64.27;20.32;2.32;0.46;1.86;1.16;74.45554909936084;19.93745137700327;1270.24
2017-11-07;1.16101;113.786;2592.11;64.36;19.8917;2.32;0.44;1.88;1.16;75.24734356552538;19.805624611559978;1281.76
2017-11-08;1.15934;113.823;2588.71;63.96;19.97;2.32;0.45;1.87;1.16;75.20833333333333;20.03674171357098;1275.89
2017-11-09;1.15934;113.866;2584.0;64.49;19.78;2.33;0.46;1.87;1.16;75.6370588235294;19.93844006822763;1281.91
2017-11-10;1.16438;113.467;2580.18;64.35;19.9;2.4;0.52;1.88;1.16;75.49704142011835;19.82750582750583;1285.31
2017-11-13;1.16582;113.595;2576.53;62.94;20.08;2.4;0.52;1.88;1.16;74.9366568914956;20.2998093422307;1275.07
2017-11-14;1.16647;113.608;2577.75;60.91;20.0;2.38;0.51;1.87;1.16;75.06576629477392;20.987850927598096;1278.69
2017-11-15;1.17983;113.47;2569.45;61.25;20.0;2.33;0.48;1.85;1.16;75.18882352941176;20.868734693877553;1280.54
2017-11-16;1.177;112.884;2572.95;61.18;19.66;2.37;0.53;1.84;1.16;74.9185705916813;20.903236351748937;1278.07
2017-11-17;1.17713;113.108;2582.94;61.34;19.71;2.35;0.49;1.86;1.16;74.83355988084566;21.091620476035214;1279.0
2017-11-20;1.17666;112.192;2579.49;61.34;19.66;2.37;0.52;1.85;1.16;75.48434774897277;20.814802738832736;1293.16
2017-11-21;1.17342;112.583;2589.17;62.28;20.1266;2.36;0.52;1.84;1.16;75.4600901617608;20.560693641618496;1276.99
2017-11-22;1.17339;112.467;2600.31;62.92;20.17;2.32;0.48;1.84;1.16;75.33832832862015;20.535441830896374;1280.68
2017-11-23;1.18176;111.255;;63.27;;;;;;75.51805819564264;20.407302038880985;1292.06
2017-11-24;1.18506;111.23;2600.42;63.58;20.56;2.34;0.5;1.84;1.16;75.60151368476635;20.26722239698018;1291.63
2017-11-27;1.19355;111.599;2602.66;63.25;20.27;2.32;0.49;1.83;1.16;75.9126227825832;20.466403162055336;1289.24
2017-11-28;1.18997;111.077;2605.94;63.56;19.89;2.34;0.5;1.84;1.16;76.72398458345687;20.3579295154185;1294.33
2017-11-29;1.18467;111.497;2627.82;63.74;19.66;2.37;0.53;1.84;1.16;77.64143811798857;20.14182616881079;1294.02
2017-11-30;1.18496;112.006;2633.93;63.53;19.72;2.42;0.56;1.86;1.07;77.55863117870722;20.067212340626472;1283.94
2017-12-01;1.18898;112.669;2645.1;64.57;19.63;2.37;0.51;1.86;1.16;77.82821377571173;19.835527334675547;1274.57
2017-12-04;1.18694;112.737;2657.19;63.45;19.725;2.37;0.5;1.87;1.16;78.14874919623995;20.112371946414502;1274.8
2017-12-05;1.18683;112.499;2639.78;63.45;19.62;2.36;0.5;1.86;1.16;78.62861401819819;19.952088258471235;1276.19
2017-12-06;1.18289;112.587;2626.24;62.25;18.9901;2.33;0.47;1.86;1.16;79.14732324656204;20.29413654618474;1265.91
2017-12-07;1.18032;112.241;2628.38;62.37;20.42;2.37;0.5;1.87;1.16;79.32832972904211;19.996793330126664;1263.2
2017-12-08;1.17758;113.085;2646.21;63.86;19.0131;2.38;0.5;1.88;1.16;78.7319812005173;19.54306295020357;1247.63
2017-12-11;1.17699;113.584;2652.19;65.62;19.23;2.39;0.51;1.88;1.16;79.05171042163882;18.928680280402315;1248.52
2017-12-12;1.17732;113.541;2661.73;64.96;19.24;2.4;0.51;1.89;1.17;79.0799339179057;19.158866995073893;1241.94
2017-12-13;1.17369;113.547;2667.59;63.66;19.455;2.36;0.48;1.88;1.17;78.07773631840797;19.721803330191644;1244.25
2017-12-14;1.18259;112.692;2665.87;63.72;19.49;2.35;0.48;1.87;1.41;78.80987576662997;19.66227244193346;1255.36
2017-12-15;1.17691;112.383;2660.63;63.81;19.725;2.35;0.47;1.88;1.41;78.22893630275658;19.679830747531735;1252.97
2017-12-18;1.17468;112.627;2685.92;64.45;19.97;2.39;0.5;1.89;1.42;78.15373185153082;19.585725368502715;1254.99
2017-12-19;1.17829;112.564;2692.71;63.69;20.09;2.46;0.55;1.91;1.42;78.16807607719232;19.81080232375569;1262.35
2017-12-20;1.18419;112.858;2688.18;64.43;20.42;2.49;0.57;1.92;1.42;78.19940062409245;19.642092193077755;1261.67
2017-12-21;1.18726;113.35;2683.02;64.64;20.4542;2.48;0.55;1.93;1.42;78.54033608234637;19.594987623762375;1265.57
2017-12-22;1.18664;113.358;2684.22;64.61;20.63;2.48;0.54;1.94;1.42;78.00655095356169;19.720167156786875;1266.75
2017-12-25;;;;;;;;;;;;
2017-12-26;1.18715;113.299;2679.09;;20.91;2.47;0.53;1.94;1.42;77.50792931581333;;1275.07
2017-12-27;1.18605;113.198;2682.1;66.03;21.03;2.42;0.48;1.94;1.42;77.13258426966293;19.49341208541572;1283.5
2017-12-28;1.18992;113.237;2686.1;66.8;21.085;2.43;0.47;1.96;1.42;76.7952557449963;19.38562874251497;1288.13
2017-12-29;1.19384;112.881;2689.15;66.73;21.11;2.4;0.44;1.96;1.33;76.87221681559468;19.531395174584144;1295.26
2018-01-01;;;;;;;;;;;;
2018-01-02;1.2014;112.602;2683.73;66.65;21.07;2.46;0.46;2.0;1.42;76.68441728502837;19.76939234808702;1303.38
2018-01-03;1.20576;112.231;2697.85;67.85;20.8055;2.44;0.46;1.98;1.42;76.65119808539825;19.353721444362566;1317.61
2018-01-04;1.20107;112.547;2719.31;68.73;20.751;2.46;0.45;2.01;1.42;76.79895485556685;19.244434744652988;1313.23
2018-01-05;1.20721;112.777;2731.33;68.01;20.61;2.47;0.46;2.01;1.42;76.71750181554104;19.416262314365532;1322.73
2018-01-08;1.20323;113.113;2742.67;68.48;20.64;2.49;0.47;2.02;1.42;77.05873770826646;19.2821261682243;1320.97
2018-01-09;1.19684;113.157;2751.15;69.08;20.67;2.55;0.52;2.03;1.42;77.35717863351108;19.003908511870296;1320.69
2018-01-10;1.1936;112.626;2745.55;69.79;20.68;2.55;0.52;2.03;1.42;77.5955221682133;18.87075512251039;1312.32
2018-01-11;1.19495;111.418;2752.97;70.36;20.7;2.54;0.54;2.0;1.42;77.80026474481542;18.794911881750995;1316.99
2018-01-12;1.20384;111.233;2770.18;69.64;20.69;2.55;0.54;2.01;1.42;77.54918721567036;19.215249856404366;1322.89
2018-01-15;1.22046;111.1;;70.31;;;;;;77.23094654948855;19.060588820935855;1336.55
2018-01-16;1.22647;110.548;2798.96;69.4;20.43;2.54;0.51;2.03;1.42;77.83606176034428;19.285734870317004;1340.45
2018-01-17;1.22563;110.426;2784.99;69.19;20.31;2.57;0.53;2.04;1.42;78.05535131319668;19.178783061136002;1338.68
2018-01-18;1.21655;111.353;2802.4;69.48;20.46;2.62;0.57;2.05;1.42;78.28972596678562;19.099740932642487;1327.35
2018-01-19;1.22409;111.052;2802.6;68.56;20.33;2.64;0.58;2.06;1.42;78.23824764365622;19.432322053675612;1327.11
2018-01-22;1.22592;110.624;2809.16;69.32;20.43;2.66;0.6;2.06;1.42;78.38636697517262;19.24321984997115;1334.87
2018-01-23;1.2261;110.935;2835.05;69.81;20.02;2.63;0.57;2.06;1.42;78.65650197918194;19.21343647041971;1333.8
2018-01-24;1.22972;110.284;2845.42;69.91;20.46;2.65;0.58;2.07;1.42;77.36226189459298;19.432413102560435;1341.83
2018-01-25;1.2403;109.184;2846.24;71.08;20.67;2.63;0.56;2.07;1.42;77.88877654196158;18.965391108610017;1357.99
2018-01-26;1.23734;109.655;2847.48;70.08;20.32;2.66;0.57;2.09;1.42;77.51873869216853;19.25856164383562;1347.51
2018-01-29;1.24199;108.659;2867.23;68.41;20.39;2.7;0.61;2.09;1.42;78.08686027205732;19.593626662768603;1350.05
2018-01-30;1.23838;108.996;2832.74;67.78;20.37;2.73;0.63;2.1;1.42;78.13629067561652;19.750221304219533;1340.74
2018-01-31;1.24053;108.772;2832.41;67.78;20.5312;2.72;0.61;2.11;1.34;77.5626351448753;19.845529654765418;1338.35
2018-02-01;1.24125;109.197;2816.45;68.6;20.44;2.78;0.67;2.11;1.42;78.27341052203941;19.660204081632656;1345.09
2018-02-02;1.25075;109.45;2808.92;67.45;20.59;2.84;0.7;2.14;1.42;80.2802639905976;19.747516679021498;1348.99
2018-02-05;1.24314;110.275;2741.06;67.69;20.55;2.77;0.67;2.1;1.42;80.04840299979084;19.789776924213324;1332.12
2018-02-06;1.23755;109.134;2614.78;66.75;20.44;2.79;0.69;2.1;1.42;79.5847230986508;19.83895131086142;1340.0
2018-02-07;1.23817;109.706;2690.95;65.74;20.08;2.84;0.74;2.1;1.42;80.50496107464508;20.05582598113782;1324.05
2018-02-08;1.22543;109.37;2685.01;64.26;19.88;2.85;0.76;2.09;1.42;80.33565837166093;20.52209772798008;1318.17
2018-02-09;1.22494;108.763;2601.78;63.04;19.62;2.83;0.78;2.05;1.42;80.55877217167539;20.85723350253807;1318.4
2018-02-12;1.2251;108.852;2636.75;62.2;19.7;2.86;0.79;2.07;1.42;79.92446901719086;21.265434083601285;1315.15
2018-02-13;1.22911;108.721;2646.27;61.94;20.1048;2.83;0.78;2.05;1.42;80.203287588599;21.465450435905716;1322.71
2018-02-14;1.23503;107.831;2651.21;62.29;20.37;2.91;0.82;2.09;1.42;80.10497909314671;21.68261358163429;1329.55
2018-02-15;1.24514;106.956;2713.46;62.86;20.72;2.9;0.79;2.11;1.42;80.26922848840657;21.53324848870506;1350.32
2018-02-16;1.25001;106.189;2727.14;64.3;20.65;2.87;0.78;2.09;1.42;80.80035944286357;20.976049766718507;1353.6
2018-02-19;1.24151;106.291;;64.95;;;;;;80.8003599820009;20.735026943802925;1347.61
2018-02-20;1.24069;106.608;2722.99;64.68;20.43;2.88;0.78;2.1;1.42;80.78524326131219;20.550401978973404;1346.58
2018-02-21;1.23355;107.319;2720.53;64.81;20.42;2.94;0.82;2.12;1.42;80.25324891702765;20.43851257521987;1329.28
2018-02-22;1.22758;107.73;2710.42;66.12;20.62;2.92;0.81;2.11;1.42;80.1179302045728;20.13853599516031;1324.01
2018-02-23;1.23301;106.729;2715.8;67.04;20.5;2.88;0.76;2.12;1.42;80.41863278886872;19.828758949880665;1331.4
2018-02-26;1.22886;107.06;2757.37;67.96;20.52;2.86;0.73;2.13;1.42;80.00840084008401;19.619482048263684;1327.95
2018-02-27;1.23131;106.999;2780.45;67.59;20.36;2.9;0.77;2.13;1.42;80.25384264191143;19.50540020713123;1333.26
2018-02-28;1.22355;107.351;2753.78;66.08;20.15;2.87;0.75;2.12;1.35;80.31131960521505;19.949001210653755;1317.95
2018-03-01;1.21932;106.659;2715.22;64.23;19.75;2.81;0.71;2.1;1.42;79.94779811223405;20.50599408376148;1319.52
2018-03-02;1.2272;106.1;2658.89;64.26;19.88;2.86;0.74;2.12;1.42;80.02845294669613;20.5718954248366;1317.4
2018-03-05;1.23525;105.624;2681.06;65.78;19.9;2.88;0.75;2.13;1.42;80.33217740463589;20.073274551535423;1323.71
2018-03-06;1.23343;106.217;2730.18;65.67;20.1037;2.88;0.76;2.12;1.42;79.63362969150903;20.32252169940612;1319.95
2018-03-07;1.24212;105.666;2710.18;65.09;19.96;2.89;0.76;2.13;1.42;80.36495907850863;20.36595483177139;1337.79
2018-03-08;1.24108;106.127;2732.75;63.87;19.5949;2.86;0.75;2.11;1.42;80.12424242424242;20.69907624863003;1325.4
2018-03-09;1.23127;106.291;2752.91;65.19;19.87;2.9;0.78;2.12;1.42;79.77396021699819;20.301426599171652;1322.15
2018-03-12;1.23107;106.945;2790.54;64.53;19.97;2.87;0.77;2.1;1.42;79.97098558346177;20.502092050209203;1323.03
2018-03-13;1.23339;106.409;2792.31;64.2;19.96;2.84;0.75;2.09;1.42;79.81746987951807;20.63816199376947;1323.65
2018-03-14;1.23937;106.499;2774.06;63.61;20.1913;2.81;0.74;2.07;1.42;80.09063444108762;20.837918566263166;1326.25
2018-03-15;1.23683;106.319;2754.27;63.67;19.85;2.82;0.74;2.08;1.43;80.27726995734308;20.690277995916443;1323.75
2018-03-16;1.23062;106.29;2750.57;64.68;19.85;2.85;0.77;2.08;1.43;80.45131659522352;20.311842918985775;1316.31
2018-03-19;1.22855;105.978;2741.38;64.82;19.77;2.85;0.77;2.08;1.43;80.67497626558051;20.319962974390624;1313.48
2018-03-20;1.23359;106.044;2715.05;66.0;19.35;2.89;0.81;2.08;1.44;80.93827160493828;19.866666666666667;1317.12
2018-03-21;1.22455;106.54;2714.99;68.15;19.41;2.89;0.8;2.09;1.44;80.42051282051283;19.559354365370506;1311.36
2018-03-22;1.23426;105.965;2691.36;68.98;19.3558;2.83;0.75;2.08;1.68;81.16046369737644;19.284140330530587;1332.08
2018-03-23;1.23204;104.849;2646.71;69.03;19.21;2.82;0.75;2.07;1.68;81.36473429951693;19.519049688541216;1331.05
2018-03-26;1.23593;104.67;2619.35;68.81;19.04;2.85;0.77;2.08;1.68;81.02484286141875;19.670396744659204;1347.18
2018-03-27;1.24478;105.463;2667.57;68.63;19.02;2.78;0.71;2.07;1.68;81.33619646745706;19.592743698091216;1353.71
2018-03-28;1.24065;105.381;2611.3;68.13;19.09;2.77;0.72;2.05;1.68;81.31574102485423;19.448701012769707;1345.72
2018-03-29;1.23104;106.796;2614.41;69.02;19.38;2.74;0.69;2.05;1.68;81.01650366748167;19.20356418429441;1324.9
2018-03-30;1.23022;106.49;;;;;;;1.67;;;
2018-04-02;1.23205;106.267;2633.45;;19.49;2.73;0.68;2.05;1.68;80.80667510090969;;1326.02
2018-04-03;1.23018;105.853;2592.17;69.02;19.42;2.79;0.71;2.08;1.69;81.17303124429014;19.310055056505362;1340.76
2018-04-04;1.22706;106.597;2584.04;66.04;19.17;2.79;0.71;2.08;1.69;81.70220588235294;20.190490611750455;1332.89
2018-04-05;1.22821;106.753;2657.36;66.54;19.37;2.83;0.75;2.08;1.69;80.89146341463415;19.937180643222117;1333.0
2018-04-06;1.22393;107.417;2645.82;66.51;19.34;2.77;0.7;2.07;1.69;81.45693341478314;20.048864832356035;1326.7
2018-04-09;1.22779;106.918;2617.18;68.19;19.59;2.78;0.71;2.07;1.69;81.0063045586809;19.596421762721807;1334.32
2018-04-10;1.23227;106.776;2638.41;70.67;19.91;2.8;0.72;2.08;1.69;80.82302540276353;18.954011603226263;1336.3
2018-04-11;1.23537;107.19;2643.89;72.74;19.93;2.79;0.68;2.11;1.69;81.1646875374835;18.605169095408304;1339.49
2018-04-12;1.23677;106.801;2653.83;71.44;19.4001;2.83;0.7;2.13;1.69;81.06557377049181;18.68910974244121;1352.87
2018-04-13;1.23258;107.303;2676.9;73.18;19.545;2.82;0.69;2.13;1.69;80.79326923076923;18.371139655643617;1334.9
2018-04-16;1.2331;107.501;2670.1;72.05;19.7871;2.83;0.71;2.12;1.69;80.71497120921305;18.67702984038862;1343.2
2018-04-17;1.23808;107.136;2692.74;71.71;19.57;2.82;0.68;2.14;1.69;80.28663369286694;18.788035141542323;1345.88
2018-04-18;1.23742;107.018;2710.11;73.73;20.16;2.87;0.71;2.16;1.69;78.47115608280996;18.30177675301777;1347.7
2018-04-19;1.23783;107.219;2701.16;74.85;19.96;2.92;0.75;2.17;1.69;77.99408832734439;17.97875751503006;1349.44
2018-04-20;1.23463;107.395;2692.56;74.62;19.96;2.96;0.79;2.17;1.7;77.9515013569115;17.89949075314929;1345.91
2018-04-23;1.2283;107.772;2675.4;74.54;20.22;2.98;0.8;2.18;1.7;79.70880211780278;17.77354440568822;1334.68
2018-04-24;1.22085;108.721;2680.8;75.86;20.08;3.0;0.83;2.17;1.7;79.54497892313671;17.536910097548112;1324.58
2018-04-25;1.22339;108.82;2634.92;73.79;20.02;3.03;0.86;2.17;1.7;79.88408596957257;17.93196910150427;1330.05
2018-04-26;1.21622;109.44;2651.65;75.39;19.96;3.0;0.82;2.18;1.7;79.74386145508493;17.468231860989523;1322.88
2018-04-27;1.2105;109.312;2675.47;75.33;19.44;2.96;0.79;2.17;1.7;80.07320024198425;17.57082171777512;1316.91
2018-04-30;1.21283;109.084;2682.51;75.92;19.46;2.95;0.78;2.17;1.69;80.58358848744643;17.333113804004217;1323.9
2018-05-01;1.20792;109.267;2642.96;74.85;19.28;2.97;0.81;2.16;1.7;80.70606435643565;17.42431529726119;1315.38
2018-05-02;1.1993;109.846;2654.24;73.14;19.4252;2.97;0.8;2.17;1.7;79.66564978645515;17.85233798195242;1304.16
2018-05-03;1.19553;109.842;2628.08;73.45;19.56;2.94;0.78;2.16;1.7;79.85097323600972;17.872702518720217;1304.59
2018-05-04;1.19871;109.173;2621.45;74.75;19.47;2.95;0.79;2.16;1.7;79.56053268765133;17.58314381270903;1312.12
2018-05-07;1.1958;109.095;2680.34;;19.69;2.95;0.78;2.17;1.7;79.78033980582524;;1317.54
2018-05-08;1.19223;109.087;2670.26;74.16;19.36;2.97;0.81;2.16;1.7;79.73588342440802;17.708333333333336;1313.59
2018-05-09;1.18624;109.073;2678.12;77.6;19.4;3.0;0.82;2.18;1.7;79.53785584494246;16.92229381443299;1314.8
2018-05-10;1.1852;109.734;2705.02;77.59;19.68;2.97;0.8;2.17;1.7;78.98744019138756;17.021136744425828;1312.72
2018-05-11;1.19165;109.427;2722.7;77.37;19.73;2.97;0.82;2.15;1.7;79.09352517985612;17.05157037611477;1321.64
2018-05-14;1.19468;109.322;2738.47;78.17;19.6;3.0;0.85;2.15;1.7;79.54661016949152;16.81092490725342;1318.36
2018-05-15;1.19268;109.694;2718.59;78.94;19.3648;3.08;0.9;2.18;1.7;79.37369391518132;16.359386876108438;1312.98
2018-05-16;1.18381;110.342;2712.62;78.19;19.4202;3.09;0.92;2.17;1.7;78.82590103848503;16.503133393017013;1290.09
2018-05-17;1.18118;110.292;2719.71;80.09;19.5702;3.11;0.95;2.16;1.7;78.55995130858186;16.116119365713573;1290.62
2018-05-18;1.17949;110.786;2717.35;78.38;;3.06;0.91;2.15;1.7;78.6299452221546;16.48239346772136;1290.9
2018-05-21;1.17685;110.885;2735.39;78.34;;3.06;0.9;2.16;1.7;78.25750007568189;16.499106459024762;1290.78
2018-05-22;1.17944;111.03;2738.34;80.42;;3.06;0.91;2.15;1.7;78.13793103448275;16.060930116886347;1292.75
2018-05-23;1.17781;110.909;2713.98;78.69;19.53;3.01;0.87;2.14;1.7;78.62515188335358;16.446435379336638;1291.26
2018-05-24;1.17033;109.953;2730.94;78.9;19.48;2.98;0.86;2.12;1.7;78.34714714714715;16.53333333333333;1294.1
2018-05-25;1.17215;109.221;2723.6;76.6;;2.93;0.84;2.09;1.7;78.84232868405094;16.972715404699738;1304.46
2018-05-28;1.16877;109.751;;;;;;;;78.7821758135017;;1300.34
2018-05-29;1.16245;109.374;2705.11;74.51;19.5;2.77;0.73;2.04;1.7;79.40953545232274;17.435780432156758;1297.49
2018-05-30;1.15421;108.585;2702.43;75.89;19.33;2.84;0.78;2.06;1.7;78.76620230163537;17.135722756621426;1298.61
2018-05-31;1.16674;108.896;2720.98;76.45;;2.83;0.76;2.07;1.7;79.0659156644847;16.984434270765206;1301.62
2018-06-01;1.16928;108.777;2718.7;74.54;19.58;2.89;0.8;2.09;1.7;78.88109756097562;17.355111349610947;1298.97
2018-06-04;1.16631;109.48;2741.67;73.41;19.8;2.94;0.82;2.12;1.7;78.70359099208764;17.6147663806021;1292.62
2018-06-05;1.16969;109.81;2748.46;72.91;20.12;2.92;0.79;2.13;1.7;78.53365676167375;17.76189823069538;1292.44
2018-06-06;1.17172;109.833;2753.25;73.23;20.64;2.97;0.83;2.14;1.7;77.83793517406963;17.708316263826298;1296.57
2018-06-07;1.17769;110.145;2774.84;75.23;20.95;2.93;0.8;2.13;1.7;77.51077844311378;17.206300677921043;1296.68
2018-06-08;1.1798;109.707;2765.84;75.11;20.91;2.93;0.82;2.11;1.7;77.4271063144714;17.288377046997738;1297.1
2018-06-11;1.17745;109.323;2780.18;74.58;20.8;2.96;0.83;2.13;1.7;76.83022658119407;17.436175918476806;1300.01
2018-06-12;1.17825;110.061;2785.6;74.86;20.63;2.96;0.83;2.13;1.7;76.97034400948992;17.335292546086027;1300.33
2018-06-13;1.17451;110.385;2787.94;75.07;20.66;2.98;0.86;2.12;1.7;76.26173708920189;17.310510190488877;1295.97
2018-06-14;1.17941;110.257;2783.21;74.77;20.54;2.94;0.82;2.12;1.9;76.024504084014;17.427577905577103;1299.79
2018-06-15;1.15736;110.673;2777.78;72.02;20.16;2.93;0.81;2.12;1.9;77.29287439613528;17.77242432657595;1302.61
2018-06-18;1.15953;110.678;2765.79;74.87;19.83;2.92;0.8;2.12;1.9;77.57377049180329;17.06477895018031;1277.73
2018-06-19;1.16215;110.554;2752.01;74.92;19.34;2.89;0.77;2.12;1.91;78.29158993247391;17.023091297383875;1278.33
2018-06-20;1.15861;110.033;2769.73;74.25;19.31;2.93;0.81;2.12;1.92;77.94471744471744;17.090101010101012;1274.71
2018-06-21;1.15735;110.355;2769.28;72.87;19.3;2.9;0.79;2.11;1.92;77.55480710349052;17.37985453547413;1267.61
2018-06-22;1.16078;109.888;2760.79;73.67;19.2186;2.9;0.78;2.12;1.92;77.17071688942892;17.24216098819058;1266.99
2018-06-25;1.16658;109.908;2742.94;72.82;19.1652;2.87;0.77;2.1;1.92;77.50436353614846;17.37887942872837;1270.2
2018-06-26;1.17011;109.737;2722.12;73.58;18.97;2.88;0.76;2.12;1.92;77.33271945979129;17.120820875237836;1265.76
2018-06-27;1.1647;110.026;2728.45;76.09;18.96;2.83;0.72;2.11;1.91;78.06417445482866;16.466421343146273;1258.99
2018-06-28;1.15588;110.236;2698.69;76.26;18.72;2.84;0.74;2.1;1.91;78.03372891942534;16.38237608182533;1251.91
2018-06-29;1.15615;110.468;2727.13;77.44;18.74;2.85;0.74;2.11;1.91;77.83439490445859;16.1744576446281;1248.29
2018-07-02;1.1668;110.674;2704.95;76.71;18.57;2.87;0.73;2.14;1.91;78.39179810725552;16.197497066875247;1251.96
2018-07-03;1.16353;110.862;2733.27;75.87;18.578;2.83;0.71;2.12;1.91;78.1110417966313;16.503492816660074;1241.88
2018-07-04;1.16588;110.582;;76.99;;;;;;78.12181479179615;16.326535913755034;1252.43
2018-07-05;1.16561;110.451;2724.19;77.09;18.05;2.84;0.71;2.13;1.91;78.29452054794521;16.310935270463094;1256.73
2018-07-06;1.16898;110.702;2737.68;74.98;17.92;2.82;0.7;2.12;1.91;78.29008109794135;16.737663376900507;1257.62
2018-07-09;1.17483;110.425;2775.62;77.08;18.0648;2.86;0.73;2.13;1.91;78.19950279676819;16.323689673066944;1255.15
2018-07-10;1.17483;110.848;2788.56;77.8;17.8881;2.87;0.74;2.13;1.91;78.22353673723538;16.147429305912596;1257.74
2018-07-11;1.17397;110.993;2779.82;75.35;17.87;2.85;0.74;2.11;1.91;78.6049160102496;16.48825481088255;1256.2
2018-07-12;1.16739;111.934;2783.14;72.11;17.57;2.85;0.75;2.1;1.91;78.2072425145007;17.295936763278327;1242.3
2018-07-13;1.16692;112.527;2796.93;74.11;17.5785;2.83;0.72;2.11;1.91;78.53700189753322;16.754419106733234;1247.3
2018-07-16;1.16864;112.32;2797.36;71.03;17.4361;2.85;0.75;2.1;1.91;78.4762808349146;17.46740813740673;1240.93
2018-07-17;1.17103;112.275;2789.34;70.87;17.37;2.86;0.77;2.09;1.91;78.87989723827874;17.32975871313673;1240.73
2018-07-18;1.16587;112.9;2811.35;70.52;17.32;2.88;0.79;2.09;1.91;78.84190231362467;17.396199659671016;1227.1
2018-07-19;1.16441;112.841;2809.37;71.94;17.05;2.84;0.75;2.09;1.91;79.86416326530613;16.999165971643038;1227.36
2018-07-20;1.16452;112.438;2804.55;71.99;17.3;2.89;0.78;2.11;1.91;79.31636597938144;17.099458258091403;1223.03
2018-07-23;1.17243;111.408;2799.17;73.45;17.4;2.96;0.85;2.11;1.91;79.60519480519481;16.690537780803268;1231.77
2018-07-24;1.16889;111.316;2820.68;73.53;17.72;2.95;0.84;2.11;1.91;79.24660194174757;16.651162790697672;1224.79
2018-07-25;1.16828;111.211;2817.73;73.67;17.85;2.94;0.81;2.13;1.91;78.97309417040358;16.733677209176054;1224.24
2018-07-26;1.17239;110.871;2835.49;74.51;17.75;2.98;0.87;2.11;1.91;79.56827048114434;16.424104147094347;1232.05
2018-07-27;1.16394;111.243;2842.35;74.84;17.75;2.96;0.84;2.12;1.91;78.93935483870968;16.349011223944412;1222.96
2018-07-30;1.16585;110.971;2819.0;74.99;17.6352;2.98;0.85;2.13;1.91;78.82398452611218;16.302973729830644;1222.69
2018-07-31;1.17067;111.047;2809.73;74.16;17.74;2.96;0.84;2.12;1.91;78.84719535783366;16.490291262135923;1221.79
2018-08-01;1.16875;111.841;2821.17;72.28;17.46;3.0;0.87;2.13;1.91;78.97270955165692;16.815024903154402;1223.95
2018-08-02;1.16604;111.689;2800.48;72.95;17.24;2.98;0.86;2.12;1.91;78.8896866840731;16.56737491432488;1215.99
2018-08-03;1.15864;111.643;2829.62;72.48;17.36;2.95;0.83;2.12;1.91;78.7088197146563;16.745171081677704;1207.99
2018-08-06;1.15685;111.224;2840.29;72.51;17.25;2.94;0.83;2.11;1.91;78.78314826910517;16.634533167838917;1213.91
2018-08-07;1.15537;111.397;2855.92;72.31;17.4052;2.98;0.85;2.13;1.91;78.84135240572171;16.769188217397314;1207.49
2018-08-08;1.15967;111.382;2856.79;70.71;17.4;2.96;0.85;2.11;1.91;78.6340038935756;17.136897185688024;1210.83
2018-08-09;1.16143;110.925;2857.19;70.55;17.5901;2.93;0.82;2.11;1.91;78.47766990291262;17.186109142452164;1213.96
2018-08-10;1.15281;111.101;2838.9;71.0;17.35;2.87;0.78;2.09;1.91;79.02870189171558;17.063521126760563;1212.63
2018-08-13;1.13871;110.507;2835.46;70.62;17.44;2.88;0.78;2.1;1.91;79.67178118745831;16.91135655621637;1211.18
2018-08-14;1.14055;110.745;2827.88;70.77;17.03;2.89;0.8;2.09;1.91;79.32757475083056;16.869860110216194;1194.13
2018-08-15;1.13456;111.216;2827.95;68.38;16.75;2.86;0.78;2.08;1.91;81.40512465373962;17.19055279321439;1194.31
2018-08-16;1.13462;110.691;2831.44;69.21;16.45;2.87;0.79;2.08;1.92;80.25920873124147;17.000433463372346;1175.99
2018-08-17;1.13748;110.942;2838.32;70.14;16.56;2.87;0.79;2.08;1.92;79.93992777834025;16.885514684915883;1174.09
2018-08-20;1.14371;110.535;2853.93;71.11;16.87;2.82;0.75;2.07;1.92;80.65447154471545;16.74110532977078;1183.59
2018-08-21;1.14906;110.034;2861.51;71.65;16.99;2.85;0.77;2.08;1.92;80.86747802569303;16.692672714584784;1190.61
2018-08-22;1.15725;110.172;2860.99;72.96;16.98;2.82;0.74;2.08;1.92;81.07520325203252;16.401726973684212;1196.25
2018-08-23;1.15946;110.543;2860.29;73.73;;2.82;0.73;2.09;1.92;81.76811594202898;16.069713820697135;1196.05
2018-08-24;1.15437;111.302;2862.35;74.41;17.0097;2.82;0.73;2.09;1.92;81.38503594208768;16.204273619137215;1185.52
2018-08-27;1.16245;111.3;2884.69;74.41;17.25;2.85;0.74;2.11;1.92;81.32706514439221;16.274156699368366;1207.64
2018-08-28;1.16795;111.055;2901.45;75.91;17.25;2.88;0.77;2.11;1.92;81.70564242012237;15.833091819259652;1211.39
2018-08-29;1.16931;111.175;2900.62;76.07;17.16;2.89;0.77;2.12;1.92;81.73509485094851;15.859208623636126;1201.29
2018-08-30;1.17092;111.734;2908.94;77.05;16.95;2.86;0.76;2.1;1.92;82.49690721649483;15.578585334198571;1206.8
2018-08-31;1.16673;111.029;2898.37;76.94;16.8747;2.86;0.78;2.08;1.91;82.6685044796692;15.590330127371978;1200.52
2018-09-03;1.15974;111.093;;77.81;;;;;;82.86522278935027;15.439917748361394;1201.09
2018-09-04;1.16148;111.078;2896.96;77.51;16.29;2.9;0.8;2.1;1.92;83.98166431593793;15.363953038317634;1201.54
2018-09-05;1.15812;111.444;2891.59;76.68;16.365;2.9;0.81;2.09;1.92;84.30659762584101;15.606285863328116;1191.31
2018-09-06;1.16334;111.495;2888.64;75.67;16.58;2.88;0.8;2.08;1.92;84.76832886000848;15.86031452358927;1196.64
2018-09-07;1.16234;110.679;2868.26;75.55;16.56;2.94;0.84;2.1;1.92;84.49505649717514;15.83653209794838;1200.3
2018-09-10;1.15515;111.039;2881.39;76.77;16.52;2.94;0.84;2.1;1.92;84.34015525758645;15.567278884981112;1195.23
2018-09-11;1.15962;111.104;2871.57;78.22;16.28;2.98;0.86;2.12;1.92;84.64002828854314;15.300562515980568;1195.33
2018-09-12;1.16005;111.607;2888.29;80.02;16.49;2.97;0.85;2.12;1.92;84.62304858796702;15.072356910772307;1198.54
2018-09-13;1.16286;111.256;2896.85;77.66;17.03;2.97;0.87;2.1;1.92;84.9434628975265;15.477079577646151;1207.15
2018-09-14;1.169;111.908;2906.38;77.87;16.75;2.99;0.89;2.1;1.92;84.8843078016705;15.33466033132143;1201.66
2018-09-17;1.16295;112.041;2903.83;78.22;16.54;2.99;0.89;2.1;1.92;84.71177237950852;15.358476093070825;1194.34
2018-09-18;1.16855;111.852;2890.74;79.25;17.09;3.05;0.92;2.13;1.92;84.68676018515247;15.121261829652996;1201.65
2018-09-19;1.16714;112.368;2906.6;79.43;17.16;3.08;0.93;2.15;1.92;84.52665941240478;15.158504343447058;1198.25
2018-09-20;1.16732;112.273;2919.73;79.03;17.109;3.07;0.92;2.15;1.92;84.31050738555017;15.275211944831078;1203.95
2018-09-21;1.17774;112.489;2936.76;78.9;17.73;3.07;0.92;2.15;1.92;83.849784957516;15.196577946768059;1207.5
2018-09-24;1.17465;112.527;2921.83;80.89;17.97;3.08;0.92;2.16;1.93;84.06797477224949;14.83063419458524;1199.69
2018-09-25;1.17489;112.778;2921.75;82.21;17.83;3.1;0.94;2.16;1.93;83.04775086505191;14.597250942707701;1198.86
2018-09-26;1.17654;112.957;2916.98;81.87;17.72;3.06;0.92;2.14;1.93;83.35834176640961;14.588982533284476;1201.14
2018-09-27;1.17425;112.68;2911.65;81.54;17.46;3.06;0.91;2.15;2.18;83.02270892562564;14.504537650233013;1194.9
2018-09-28;1.16391;113.408;2910.03;82.72;17.56;3.05;0.91;2.14;2.18;81.47368421052632;14.409574468085108;1183.03
2018-10-01;1.16098;113.727;2926.29;84.94;17.35;3.09;0.95;2.14;2.18;81.96206896551725;13.9916411584648;1192.48
2018-10-02;1.15749;113.996;2923.8;85.63;17.81;3.05;0.93;2.12;2.18;81.84479237576582;14.04063996262992;1189.01
2018-10-03;1.1547;113.649;2931.69;85.45;17.5698;3.15;0.99;2.16;2.18;81.78907849829352;14.022352252779402;1203.44
2018-10-04;1.14816;114.484;2919.35;86.07;17.8795;3.19;1.03;2.16;2.18;82.30363262508567;13.951551063088184;1197.7
2018-10-05;1.15145;113.892;2902.54;85.12;17.45;3.23;1.07;2.16;2.18;82.17008196721311;14.132636278195488;1200.03
2018-10-08;1.15263;113.758;2877.53;84.22;17.35;;;;;82.68532052620589;14.105200664925198;1203.31
2018-10-09;1.14918;113.178;2882.51;85.16;17.39;3.21;1.04;2.17;2.18;82.69905814478852;13.97076092062001;1188.62
2018-10-10;1.14929;112.973;2873.9;83.82;17.64;3.22;1.06;2.16;2.18;83.54723582925124;14.24349797184443;1189.49
2018-10-11;1.15272;112.271;2776.87;81.35;17.37;3.14;1.02;2.12;2.18;83.9087791495199;15.038598647818072;1195.02
2018-10-12;1.15917;112.135;2770.54;80.71;17.6904;3.15;1.03;2.12;2.18;83.31463748290014;15.091810184611573;1224.44
2018-10-15;1.15522;112.161;2763.83;80.91;17.68;3.16;1.03;2.13;2.18;83.41360544217687;15.154863428500805;1217.7
2018-10-16;1.15824;111.78;2767.05;80.53;17.5;3.16;1.03;2.13;2.18;83.69918144611187;15.236930336520551;1227.08
2018-10-17;1.15724;112.294;2811.67;79.91;17.4996;3.19;1.06;2.13;2.19;83.687414500684;15.311099987485923;1224.31
2018-10-18;1.15002;112.69;2802.0;80.3;17.19;3.17;1.07;2.1;2.19;84.29306794783803;15.294520547945208;1222.31
2018-10-19;1.14565;112.189;2775.66;80.38;17.31;3.2;1.09;2.11;2.19;83.83048530416951;15.258024384175169;1225.72
2018-10-22;1.15148;112.537;2773.94;80.45;17.58;3.2;1.09;2.11;2.19;83.90950599059356;15.19080174021131;1227.44
2018-10-23;1.14649;112.819;2721.03;78.67;17.2151;3.17;1.08;2.09;2.2;83.5563093622795;15.65552307105631;1222.0
2018-10-24;1.14719;112.42;2737.87;77.34;17.2901;3.1;1.03;2.07;2.2;84.03309837572786;15.954228083785882;1230.54
2018-10-25;1.13973;112.148;2674.88;77.3;17.2748;3.14;1.09;2.05;2.2;84.06689419795221;15.932470892626132;1234.64
2018-10-26;1.13737;112.382;2667.86;77.4;17.12;3.08;1.02;2.06;2.2;83.94149659863946;15.942377260981912;1232.24
2018-10-29;1.1404;111.869;2682.65;77.56;17.2885;3.08;1.02;2.06;2.2;84.99067357512953;15.86178442496132;1233.31
2018-10-30;1.13733;112.347;2640.68;75.68;16.85;3.12;1.07;2.05;2.2;84.43409247757074;16.166094080338265;1229.85
2018-10-31;1.13433;113.087;2705.6;74.84;16.79;3.15;1.1;2.05;2.2;85.19645298096806;16.239577765900584;1222.63
2018-11-01;1.13173;112.933;2717.58;71.25;16.8;3.14;1.12;2.02;2.2;83.64518317503392;17.304280701754386;1215.32
2018-11-02;1.14043;112.648;2745.45;71.11;17.4659;3.22;1.16;2.06;2.19;83.65264586160109;17.339895935873997;1234.22
2018-11-05;1.13917;113.217;2726.37;72.68;17.4;3.2;1.14;2.06;2.2;84.08873720136519;16.94964226747386;1233.19
2018-11-06;1.14084;113.204;2738.4;70.64;17.28;3.22;1.15;2.07;2.2;84.41953232462174;17.376274065685166;1231.7
2018-11-07;1.14197;113.455;2774.13;70.1;17.15;3.22;1.15;2.07;2.2;84.16529492455419;17.505420827389447;1227.24
2018-11-08;1.14307;113.529;2806.38;69.29;17.12;3.24;1.17;2.07;2.2;84.7712078700336;17.659546832154714;1226.6
2018-11-09;1.13639;114.05;2794.1;69.01;16.2379;3.19;1.15;2.04;2.19;85.36705824249479;17.532966236777277;1223.55
2018-11-12;1.1318;113.874;2773.93;69.81;16.8341;;;;;85.74868698417235;17.189657642171607;1208.41
2018-11-13;1.12203;113.803;2730.05;65.45;16.92;3.14;1.12;2.02;2.2;85.92359646928493;18.36822001527884;1200.53
2018-11-14;1.12983;113.816;2737.9;64.88;16.9516;3.12;1.12;2.0;2.2;85.75300778485492;18.675863131935884;1202.2
2018-11-15;1.1314;113.58;2693.52;65.61;17.22;3.11;1.11;2.0;2.2;85.02941176470588;18.506630086877;1211.18
2018-11-16;1.1324;113.588;2718.54;65.29;17.3265;3.08;1.06;2.02;2.2;84.74394091744391;18.7172614489202;1213.91
2018-11-19;1.14167;112.808;2730.74;64.14;17.5;3.06;1.07;1.99;2.2;84.84422110552764;19.08465855940131;1222.51
2018-11-20;1.14536;112.501;2654.6;61.5;17.52;3.06;1.09;1.97;2.2;85.34800838574422;19.859024390243903;1224.12
2018-11-21;1.13679;112.731;2657.74;61.65;17.4942;3.06;1.09;1.97;2.2;84.53756030323915;19.89683698296837;1221.73
2018-11-22;1.1386;113.109;;61.11;;;;;;84.71408358353177;20.084765177548686;1226.13
2018-11-23;1.14042;112.955;2633.36;57.69;17.37;3.05;1.09;1.96;2.2;85.64896187108293;21.20142139018894;1227.13
2018-11-26;1.1337;112.916;2649.97;59.7;17.27;3.07;1.11;1.96;2.2;86.04289732770745;20.49463986599665;1223.49
2018-11-27;1.13307;113.567;2663.75;59.58;17.15;3.06;1.15;1.91;2.2;85.85593220338983;20.404833836858007;1222.27
2018-11-28;1.12941;113.77;2691.45;57.97;17.25;3.06;1.12;1.94;2.2;85.27513966480447;21.065033638088668;1214.96
2018-11-29;1.13684;113.628;2736.97;58.29;17.43;3.03;1.05;1.98;2.2;85.52723463687151;21.011322696860525;1220.81
2018-11-30;1.13884;113.457;2737.76;57.71;17.3273;3.01;1.04;1.97;2.2;86.18688293370946;21.177092358343444;1224.29
2018-12-03;1.1332;113.724;2790.5;60.17;17.81;2.98;1.02;1.96;2.19;85.64255910987482;20.467674921057004;1222.34
2018-12-04;1.13539;113.625;2782.43;61.22;17.4;2.91;0.97;1.94;2.2;85.2152682255846;20.238974191440704;1231.33
2018-12-05;1.13413;112.76;;61.4;;;;;2.2;85.328781766146;20.151628664495114;1239.1
2018-12-06;1.13481;113.165;2663.51;57.83;17.04;2.87;0.97;1.9;2.2;85.58534899792674;21.41483659000519;1237.47
2018-12-07;1.1377;112.73;2691.26;61.71;17.18;2.85;0.96;1.89;2.19;85.3345635978402;20.232215200129637;1238.05
2018-12-10;1.13968;112.636;2630.86;60.29;17.1;2.85;0.99;1.86;2.2;85.63220368140375;20.641068170509207;1249.96
2018-12-11;1.1351;113.264;2664.44;59.73;17.26;2.89;1.06;1.83;2.19;85.53370013755159;20.821362799263355;1244.62
2018-12-12;1.13198;113.397;2658.23;59.94;17.22;2.91;1.08;1.83;2.19;84.5045961805909;20.78144811478145;1243.17
2018-12-13;1.13712;113.275;2658.7;59.03;17.42;2.91;1.08;1.83;2.19;84.19105691056912;21.05132983228867;1246.37
2018-12-14;1.13586;113.603;2629.68;58.56;17.12;2.89;1.07;1.82;2.19;84.88211103495546;21.148053278688526;1241.92
2018-12-17;1.13065;113.324;2590.75;57.59;17.08;2.86;1.05;1.81;2.2;85.04092769440655;21.64785553047404;1239.22
2018-12-18;1.13474;112.827;2559.9;55.26;16.825;2.82;1.01;1.81;2.2;85.21160409556313;22.590481360839668;1246.07
2018-12-19;1.13701;112.48;2547.05;55.6;16.65;2.77;0.97;1.8;2.2;85.15636239082033;22.357374100719422;1249.85
2018-12-20;1.13803;112.423;2496.77;52.84;16.48;2.79;1.03;1.76;2.4;85.354096140826;23.858440575321726;1243.46
2018-12-21;1.14492;111.288;2465.38;51.93;16.77;2.79;1.02;1.77;2.4;85.81408065618592;24.176006162141345;1260.55
2018-12-24;1.13686;111.034;2400.56;;16.6;2.74;0.99;1.75;2.4;85.8989543501066;;1257.54
2018-12-25;;;;;;;;;;;;
2018-12-26;1.14093;110.23;2363.12;;16.9;2.81;1.04;1.77;2.4;84.26928191489363;;1269.3
2018-12-27;1.13555;111.306;2442.5;51.49;16.6608;2.77;1.03;1.74;2.4;83.75508864084044;24.773548261798403;1266.68
2018-12-28;1.14295;110.929;2498.77;50.57;16.75;2.72;0.99;1.73;2.4;83.28171763175017;25.31224045877002;1275.68
2018-12-31;1.14398;110.303;2498.94;;16.6;2.69;0.98;1.71;2.4;82.78052086358795;;1280.85
2019-01-01;;;;;;;;;;;;
2019-01-02;1.14621;109.678;2476.96;54.06;16.26;2.66;0.96;1.7;2.4;82.66194462330972;23.74657787643359;1282.6
2019-01-03;1.13432;106.754;2491.92;53.23;16.15;2.56;0.88;1.68;2.4;82.23331214240305;24.300770242344544;1286.46
2019-01-04;1.13938;107.676;2474.33;55.64;16.26;2.67;0.91;1.76;2.4;81.90121096239643;23.095434938892883;1294.23
2019-01-07;1.14054;108.479;2535.61;57.1;16.525;2.7;0.92;1.78;2.4;82.24505424377791;22.570577933450085;1286.01
2019-01-08;1.14766;108.657;2568.11;56.91;16.46;2.73;0.91;1.82;2.4;82.03512132822478;22.573712879985944;1288.88
2019-01-09;1.14412;108.794;2580.0;59.46;16.6734;2.74;0.91;1.83;2.4;82.08063492063492;21.741843255970398;1285.07
2019-01-10;1.15495;108.158;2573.51;60.47;16.4994;2.74;0.93;1.81;2.4;82.70520231213872;21.29518769637837;1293.87
2019-01-11;1.14983;108.44;2588.11;59.24;16.55;2.71;0.88;1.83;2.4;82.5801282051282;21.746286293045237;1286.67
2019-01-14;1.1465;108.507;2580.31;58.8;16.45;2.71;0.9;1.81;2.4;82.5192473564834;21.96513605442177;1287.68
2019-01-15;1.14661;108.163;2585.1;58.65;16.54;2.72;0.91;1.81;2.4;82.74813079613644;21.983631713554985;1292.08
2019-01-16;1.14062;108.653;2614.75;59.81;16.68;2.73;0.91;1.82;2.4;82.96987179487179;21.640695535863564;1289.34
2019-01-17;1.13951;109.12;2609.28;59.85;16.58;2.75;0.96;1.79;2.4;83.1841596909208;21.584795321637426;1294.15
2019-01-18;1.13885;109.198;2651.27;62.04;16.94;2.79;0.96;1.83;2.4;83.5045632333768;20.647324306898774;1292.28
2019-01-21;1.13659;109.741;;62.18;;;;;;83.84557451128065;20.58990028948215;1280.81
2019-01-22;1.137;109.639;2657.88;60.9;16.72;2.74;0.95;1.79;2.4;83.67209908735332;21.076026272577998;1279.67
2019-01-23;1.13631;109.339;2643.48;61.05;16.66;2.76;0.96;1.8;2.4;83.48405985686404;21.01801801801802;1285.22
2019-01-24;1.13803;109.567;2638.84;61.09;16.6;2.72;0.95;1.77;2.4;83.63855972317435;20.969880504174167;1283.07
2019-01-25;1.13025;109.579;2657.44;61.49;16.96;2.76;0.97;1.79;2.4;82.65924984106802;21.145389494226702;1280.96
2019-01-28;1.14093;109.537;2644.97;59.71;16.85;2.75;0.97;1.78;2.4;82.77318932655653;21.81962820298107;1302.32
2019-01-29;1.1428;109.304;2644.89;60.98;17.04;2.72;0.94;1.78;2.4;82.75631313131312;21.496556247950146;1303.4
2019-01-30;1.14351;109.367;2653.62;61.89;17.31;2.7;0.86;1.84;2.4;82.22789539227895;21.33753433511068;1312.06
2019-01-31;1.14816;109.06;2685.49;62.46;17.472;2.63;0.78;1.85;2.4;82.23356256028876;21.155459494076208;1320.6
2019-02-01;1.14461;108.836;2702.32;61.86;17.45;2.7;0.82;1.88;2.4;82.78194780314689;21.305043646944714;1321.34
2019-02-04;1.14565;109.493;2706.49;62.26;17.29;2.73;0.86;1.87;2.4;82.6796973518285;21.061676839062;1318.18
2019-02-05;1.14357;109.914;2728.34;61.67;17.65;2.71;0.84;1.87;2.4;82.95962145110411;21.32171233987352;1312.24
2019-02-06;1.1405;109.949;2735.05;62.22;17.78;2.7;0.84;1.86;2.4;83.4211869814933;21.0094824815172;1315.46
2019-02-07;1.13674;109.934;2717.53;61.01;17.77;2.65;0.81;1.84;2.4;83.34011443102352;21.48729716439928;1306.8
2019-02-08;1.13425;109.774;2692.36;61.37;17.69;2.63;0.81;1.82;2.4;83.05373898208701;21.41844549454131;1310.4
2019-02-11;1.13191;109.81;2712.4;61.3;17.47;2.65;0.83;1.82;2.4;83.26288987905792;21.338662316476345;1314.43
2019-02-12;1.12769;110.39;2722.61;62.58;17.309;2.68;0.85;1.83;2.4;83.45859872611464;20.937999360818154;1308.22
2019-02-13;1.13291;110.468;2750.3;63.27;17.36;2.71;0.85;1.86;2.4;83.91393705844573;20.650229176544965;1309.56
2019-02-14;1.12572;111.035;2743.5;64.0;17.3;2.66;0.81;1.85;2.4;84.04676489429853;20.49953125;1305.96
2019-02-15;1.1295;110.49;2760.24;65.65;17.42;2.66;0.8;1.86;2.4;83.65513092486465;20.12246763137852;1312.79
2019-02-18;1.12912;110.504;;66.41;;;;;;83.92306962325625;19.974853184761333;1321.64
2019-02-19;1.13102;110.616;2769.28;65.86;17.77;2.65;0.78;1.87;2.4;83.88673341677097;20.353932584269664;1326.19
2019-02-20;1.13393;110.587;2779.05;66.82;18.08;2.65;0.76;1.89;2.4;83.43551401869159;20.041005686920087;1340.6
2019-02-21;1.13453;110.812;2780.24;66.91;18.16;2.69;0.78;1.91;2.4;83.83037974683543;19.795546256165;1338.86
2019-02-22;1.13365;110.679;2780.67;66.91;18.34;2.65;0.74;1.91;2.4;83.42239944739238;19.854431325661338;1325.83
2019-02-25;1.13367;110.763;2804.35;64.02;18.47;2.67;0.75;1.92;2.4;83.63664987405542;20.745860668541084;1329.06
2019-02-26;1.13596;111.062;2792.36;64.51;18.44;2.64;0.72;1.92;2.4;83.44974874371859;20.594016431560995;1327.54
2019-02-27;1.13932;110.569;2787.5;65.55;18.6;2.69;0.76;1.93;2.4;83.82043147208122;20.152707856598017;1323.75
2019-02-28;1.13725;110.95;2788.11;65.03;18.52;2.73;0.78;1.95;2.4;83.9699296225208;20.182223589112716;1319.88
2019-03-01;1.13705;111.384;2798.22;63.71;18.57;2.76;0.8;1.96;2.4;85.18403693931398;20.269816355360227;1314.14
2019-03-04;1.13778;111.828;2814.37;64.44;18.28;2.72;0.78;1.94;2.4;85.37002652519895;19.977963997517072;1290.36
2019-03-05;1.13376;111.756;2794.41;64.24;18.37;2.72;0.79;1.93;2.4;85.1606080634501;20.057285180572855;1286.54
2019-03-06;1.13005;111.895;2790.27;64.51;18.32;2.69;0.78;1.91;2.4;85.33908427339084;19.93582390327081;1287.79
2019-03-07;1.13085;111.703;2766.53;64.82;18.2;2.64;0.74;1.9;2.4;85.5572569906791;19.825208269052762;1286.71
2019-03-08;1.11935;111.61;2730.79;65.66;18.05;2.62;0.72;1.9;2.4;84.70162866449512;19.80155345720378;1286.07
2019-03-11;1.12344;111.089;2747.61;65.06;18.125;2.64;0.73;1.91;2.4;84.44306647955355;19.884875499538886;1296.67
2019-03-12;1.12634;111.324;2787.34;65.33;18.48;2.61;0.71;1.9;2.4;84.26226323457989;19.917648859635698;1293.01
2019-03-13;1.12897;111.316;2799.78;65.89;18.3275;2.61;0.69;1.92;2.4;84.7047403332794;19.864926392472302;1301.0
2019-03-14;1.13373;111.249;2810.38;66.18;18.18;2.63;0.69;1.94;2.4;85.34246124477504;19.590208522212148;1309.9
2019-03-15;1.13061;111.698;2810.79;66.11;18.1744;2.59;0.65;1.94;2.4;85.1505541569948;19.698230222356678;1296.51
2019-03-18;1.13265;111.491;2822.61;66.65;18.27;2.6;0.64;1.96;2.4;84.93014167073768;19.56324081020255;1302.31
2019-03-19;1.13351;111.4;2840.76;67.13;18.28;2.61;0.66;1.95;2.4;85.02099404355043;19.45553403843289;1303.46
2019-03-20;1.13536;111.366;2831.34;68.35;18.28;2.54;0.58;1.96;2.41;84.75145963033451;19.220043891733727;1306.85
2019-03-21;1.14212;110.727;2819.72;68.3;18.2761;2.54;0.58;1.96;2.41;84.63044953624406;19.170717423133237;1314.13
2019-03-22;1.13761;110.787;2844.52;66.29;18.04;2.44;0.54;1.9;2.41;85.0589378238342;19.811585457836774;1309.2
2019-03-25;1.12958;110.013;2796.01;67.37;17.78;2.43;0.55;1.88;2.4;85.04133560652362;19.620602642125572;1312.6
2019-03-26;1.13149;110.043;2812.66;67.51;17.91;2.41;0.55;1.86;2.4;85.2742410989082;19.49459339357132;1322.26
2019-03-27;1.12756;110.529;2819.72;67.35;17.92;2.39;0.55;1.84;2.41;85.61492956825832;19.447364513734225;1316.53
2019-03-28;1.12494;110.491;2809.4;66.08;17.96;2.39;0.56;1.83;2.41;85.95690832195544;19.53087167070218;1309.65
2019-03-29;1.12285;110.658;2828.27;67.93;18.4;2.41;0.53;1.88;2.43;85.35949007562998;19.023995289268363;1291.14
2019-04-01;1.12293;110.947;2848.63;69.08;18.4;2.49;0.59;1.9;2.41;85.19351637446246;18.64070642733063;1292.46
2019-04-02;1.12026;111.412;2868.24;69.68;18.27;2.48;0.58;1.9;2.41;85.4573704915865;18.549081515499424;1287.75
2019-04-03;1.12036;111.332;2876.09;69.21;18.27;2.52;0.61;1.91;2.41;85.26329699372316;18.645571449212543;1292.55
2019-04-04;1.12368;111.456;2873.99;69.8;18.2296;2.51;0.61;1.9;2.41;85.42989417989419;18.50573065902579;1290.24
2019-04-05;1.12212;111.617;2884.16;69.93;18.1941;2.5;0.6;1.9;2.41;85.5088195386703;18.474331474331475;1292.32
2019-04-08;1.1217;111.704;2888.46;71.12;18.31;2.52;0.61;1.91;2.41;85.18503937007874;18.253937007874015;1291.95
2019-04-09;1.12608;111.495;2886.58;71.02;18.5;2.51;0.6;1.91;2.41;85.75492772667543;18.37778090678682;1297.71
2019-04-10;1.12645;111.145;2881.37;71.63;18.34;2.48;0.54;1.94;2.41;85.86465177398159;18.244590255479547;1304.38
2019-04-11;1.12751;110.919;2891.92;71.3;18.2126;2.51;0.57;1.94;2.41;86.326435246996;18.13702664796634;1308.37
2019-04-12;1.12574;111.628;2900.86;71.57;18.42;2.56;0.61;1.95;2.41;86.06569951642487;18.029062456336455;1292.79
2019-04-15;1.13017;111.987;2908.32;70.9;18.37;2.55;0.61;1.94;2.41;85.91615010331267;18.180535966149506;1291.42
2019-04-16;1.13008;112.003;2912.26;70.74;18.4;2.6;0.64;1.96;2.41;85.08412460436449;18.050607859768167;1287.89
2019-04-17;1.12861;112.015;2916.04;71.14;18.72;2.59;0.65;1.94;2.42;84.96933333333332;17.91594039921282;1276.88
2019-04-18;1.12977;112.042;2904.81;70.71;18.41;2.57;0.62;1.95;2.43;84.93808255659121;18.0422853910338;1273.8
2019-04-19;;;;;;;;;2.44;;;
2019-04-22;1.12441;111.919;2898.78;70.71;18.14;2.59;0.64;1.95;2.44;84.91424384720418;18.029415924197426;1275.64
2019-04-23;1.12581;111.926;2909.99;74.39;18.0935;2.57;0.62;1.95;2.44;85.69946091644205;17.096115069229736;1275.3
2019-04-24;1.12229;111.875;2934.0;73.59;18.192;2.53;0.57;1.96;2.44;85.38286479250334;17.33414866150292;1272.3
2019-04-25;1.11555;112.069;2928.99;74.94;18.08;2.54;0.56;1.98;2.44;85.39866220735787;17.036429143314653;1275.91
2019-04-26;1.11346;111.586;2925.81;71.03;18.01;2.51;0.54;1.97;2.44;85.39741588334938;18.098409122905814;1277.19
2019-04-29;1.11488;111.585;2940.58;71.22;18.04;2.54;0.58;1.96;2.45;85.90140845070422;17.98357203032856;1287.44
2019-04-30;1.11828;111.656;2937.14;72.19;18.28;2.51;0.56;1.95;2.45;85.90896921017404;17.779193794154317;1280.1
2019-05-01;1.12151;111.447;2952.33;72.01;17.84;2.52;0.59;1.93;2.45;87.03201634877385;17.74239688932093;1283.34
2019-05-02;1.11995;111.412;2922.16;70.56;17.37;2.55;0.66;1.89;2.41;86.93023255813955;18.011904761904763;1276.95
2019-05-03;1.11721;111.518;2929.21;71.95;17.6;2.54;0.63;1.91;2.4;85.67627345844504;17.76636553161918;1270.74
2019-05-06;1.11801;110.609;2908.89;71.95;17.56;2.51;0.6;1.91;2.4;85.93671353310292;17.79708130646282;1278.94
2019-05-07;1.11952;110.688;2913.03;70.98;17.51;2.45;0.58;1.87;2.4;85.91018766756032;18.05832628909552;1281.33
2019-05-08;1.11938;110.267;2879.61;71.09;17.3113;2.49;0.62;1.87;2.39;86.30101010101009;18.027430018286676;1284.41
2019-05-09;1.11946;110.072;2859.84;70.61;17.16;2.45;0.6;1.85;2.38;86.9268788083954;18.183118538450646;1280.9
2019-05-10;1.12187;109.731;2863.1;71.63;17.22;2.47;0.59;1.88;2.38;87.0318738580226;17.954348736562892;1284.23
2019-05-13;1.12364;109.79;2840.19;72.35;17.04;2.4;0.55;1.85;2.38;88.02371273712737;17.95756738078784;1287.92
2019-05-14;1.12265;109.218;2820.12;72.53;17.0;2.42;0.56;1.86;2.38;87.55202702702702;17.86529711843375;1300.09
2019-05-15;1.12074;109.651;2820.38;73.09;17.07;2.37;0.54;1.83;2.4;87.610906510795;17.73854152414831;1297.19
2019-05-16;1.1205;109.59;2855.8;74.7;17.2727;2.4;0.56;1.84;2.39;88.46153846153845;17.24230254350736;1296.65
2019-05-17;1.11748;109.861;2858.6;73.94;17.1242;2.39;0.58;1.81;2.39;88.57103257103257;17.285366513389235;1287.04
2019-05-20;1.11614;110.083;2841.94;73.21;17.06;2.41;0.6;1.81;2.39;88.28008298755186;17.43655238355416;1277.62
2019-05-21;1.11678;110.074;2854.02;72.94;17.0042;2.43;0.6;1.83;2.39;88.1521438450899;17.475733479572252;1277.72
2019-05-22;1.1163;110.515;2856.06;71.94;16.8;2.39;0.6;1.79;2.38;88.2319944598338;17.710175145954963;1274.79
2019-05-23;1.11525;110.332;2836.7;68.37;16.6989;2.31;0.58;1.73;2.38;88.00685400959561;18.780459265759834;1273.4
2019-05-24;1.11833;109.62;2832.41;67.98;16.91;2.32;0.56;1.76;2.38;88.18050789293068;18.89952927331568;1281.05
2019-05-27;1.12098;109.322;;;;;;;;88.0815627141878;;1284.64
2019-05-28;1.11942;109.476;2830.03;70.19;16.87;2.26;0.53;1.73;2.39;89.03064066852369;18.21456047870067;1285.28
2019-05-29;1.11658;109.366;2790.25;70.64;16.71;2.25;0.5;1.75;2.39;88.94170714781403;18.14340317100793;1279.48
2019-05-30;1.11357;109.551;2786.94;69.55;16.56;2.22;0.48;1.74;2.39;88.70951086021135;18.526959022286125;1280.28
2019-05-31;1.11299;109.599;2766.15;66.78;16.48;2.14;0.4;1.74;2.4;89.56584362139917;19.554806828391733;1288.45
2019-06-03;1.11683;108.318;2751.53;63.16;16.57;2.07;0.34;1.73;2.38;89.60378634212306;20.982267257758075;1307.21
2019-06-04;1.12444;108.057;2762.64;63.56;16.54;2.12;0.38;1.74;2.38;89.56283783783783;20.85478288231592;1324.88
2019-06-05;1.12536;108.154;2818.09;62.14;16.4174;2.12;0.37;1.75;2.38;89.82241728561782;21.40762793691664;1325.36
2019-06-06;1.12267;108.287;2828.51;62.77;16.5;2.12;0.39;1.73;2.37;89.67897918065815;21.273219690935157;1331.22
2019-06-07;1.12771;108.367;2852.87;64.1;16.27;2.09;0.35;1.74;2.37;89.30426098535285;20.925897035881437;1335.56
2019-06-10;1.13278;108.473;2885.83;64.31;16.545;2.15;0.42;1.73;2.37;90.33877551020409;20.64966568185352;1336.47
2019-06-11;1.13133;108.437;2903.27;63.56;16.92;2.15;0.43;1.72;2.37;89.95593220338982;20.87555066079295;1327.95
2019-06-12;1.13273;108.563;2882.73;61.66;16.61;2.13;0.42;1.71;2.37;90.21072213766277;21.627311060655206;1326.87
2019-06-13;1.12919;108.488;2886.24;63.28;16.6047;2.1;0.42;1.68;2.37;90.01945003353454;21.210335018963338;1333.98
2019-06-14;1.12775;108.382;2886.82;63.13;16.48;2.09;0.46;1.63;2.36;90.24764468371467;21.243149057500393;1342.28
2019-06-17;1.12109;108.507;2889.75;62.56;16.5;2.09;0.48;1.61;2.38;90.27291105121294;21.413842710997443;1342.07
2019-06-18;1.12215;108.568;2906.71;63.35;16.771;2.06;0.42;1.64;2.37;89.71219187208527;21.256195737963694;1340.11
2019-06-19;1.11948;108.472;2920.55;62.85;16.78;2.03;0.36;1.67;2.37;89.73350923482849;21.644550517104214;1346.56
2019-06-20;1.12296;108.079;2949.6;65.44;17.06;2.01;0.27;1.74;2.37;90.0197737365879;21.218062347188265;1360.42
2019-06-21;1.12943;107.305;2952.71;65.99;16.9;2.07;0.34;1.73;2.38;91.24009521635634;21.20063646006971;1387.56
2019-06-24;1.13733;107.295;2951.42;65.16;16.8689;2.02;0.31;1.71;2.38;91.93459608224057;21.78790669122161;1400.48
2019-06-25;1.13968;107.311;2945.78;66.24;17.08;2.0;0.33;1.67;2.38;92.61158100195186;21.489130434782613;1419.71
2019-06-26;1.13689;107.143;2926.07;66.85;17.04;2.05;0.35;1.7;2.38;92.27111984282908;21.076738967838445;1423.84
2019-06-27;1.13741;107.751;2919.66;66.78;16.932;2.01;0.33;1.68;2.38;92.3826998689384;21.110512129380055;1409.59
2019-06-28;1.1368;107.814;2932.94;67.52;17.005;2.0;0.31;1.69;2.4;92.16655780535596;20.89854857819905;1409.96
2019-07-01;1.13659;108.22;2971.41;65.1;16.94;2.03;0.34;1.69;2.39;91.36633663366337;21.26267281105991;1398.55
2019-07-02;1.12879;108.431;2964.66;62.72;16.68;1.98;0.33;1.65;2.4;92.59921671018276;22.61830357142857;1383.97
2019-07-03;1.12896;107.907;2978.08;63.53;16.69;1.96;0.31;1.65;2.41;92.70653594771242;22.326617346135684;1421.68
2019-07-04;1.12807;107.817;;63.62;;;;;;92.60805549193469;22.244419993712672;1419.25
2019-07-05;1.12855;107.815;2984.25;64.23;16.65;2.04;0.35;1.69;2.42;93.26098535286285;21.808812081581813;1415.41
2019-07-08;1.12275;108.443;2979.77;64.89;16.72;2.05;0.35;1.7;2.41;92.84896872920825;21.505933117583602;1398.73
2019-07-09;1.12157;108.707;2965.52;64.3;16.5;2.07;0.36;1.71;2.41;92.49305095962939;21.735147744945568;1395.41
2019-07-10;1.12082;108.855;2989.3;66.41;16.71;2.07;0.33;1.74;2.41;93.12703048600402;21.366209908146367;1397.47
2019-07-11;1.12542;108.411;2999.62;67.64;16.82;2.13;0.36;1.77;2.4;92.87661263645384;20.75443524541691;1418.75
2019-07-12;1.12536;108.482;3003.36;66.65;16.75;2.12;0.35;1.77;2.38;92.88443860801051;21.224756189047262;1404.51
2019-07-15;1.1269;107.893;3017.8;66.86;17.01;2.09;0.32;1.77;2.4;91.8843404808317;21.150164522883635;1415.76
2019-07-16;1.1261;107.889;3012.13;65.87;16.9873;2.13;0.33;1.8;2.41;90.39117996849988;21.346288143312584;1414.64
2019-07-17;1.12115;108.236;3005.1;63.67;16.85;2.06;0.31;1.75;2.41;89.32435817157169;22.40474320716193;1406.28
2019-07-18;1.12281;107.918;2978.87;60.7;17.0;2.04;0.25;1.79;2.41;88.4452599388379;23.82339373970346;1426.86
2019-07-19;1.12776;107.276;3004.26;61.04;17.4;2.05;0.25;1.8;2.41;88.00617283950618;23.35681520314548;1447.07
2019-07-22;1.1219;107.741;2981.93;61.96;17.1;2.05;0.26;1.79;2.4;87.09596577017116;22.996933505487412;1427.78
2019-07-23;1.12091;107.895;2994.74;62.28;16.99;2.08;0.27;1.81;2.4;86.40219378427787;22.765895953757223;1425.32
2019-07-24;1.11524;108.232;2998.77;63.83;16.93;2.05;0.26;1.79;2.4;85.89457831325299;22.338242205859313;1417.92
2019-07-25;1.11424;108.166;3016.26;63.47;17.03;2.08;0.28;1.8;2.4;86.20353443022546;22.287694974003465;1425.83
2019-07-26;1.11475;108.636;3013.25;62.46;16.92;2.08;0.3;1.78;2.4;86.64587155963302;22.681075888568685;1414.32
2019-07-29;1.11282;108.677;3024.47;62.29;16.99;2.06;0.29;1.77;2.4;86.68529769137302;22.906405522555787;1419.32
2019-07-30;1.11457;108.828;3007.66;62.55;16.84;2.06;0.28;1.78;2.39;86.35123717561858;22.875139888089528;1426.96
2019-07-31;1.1156;108.59;3016.22;64.07;16.71;2.02;0.26;1.76;2.4;86.8918254456054;22.065397221788672;1431.15
2019-08-01;1.10711;108.773;2980.32;62.9;16.66;1.9;0.2;1.7;2.14;88.51735015772869;22.974403815580285;1413.05
2019-08-02;1.10834;107.331;2943.9;61.12;16.33;1.86;0.2;1.66;2.14;88.83908754623921;23.57607984293194;1445.72
2019-08-05;1.11078;106.57;2898.07;59.32;15.92;1.75;0.15;1.6;2.13;89.29279375438384;24.679703304113282;1440.0
2019-08-06;1.12139;105.661;2861.18;58.63;16.06;1.73;0.11;1.62;2.13;89.62613981762918;25.146682585706973;1468.76
2019-08-07;1.12027;106.446;2858.65;55.03;15.98;1.71;0.09;1.62;2.12;87.73407364114554;27.278393603489008;1474.45
2019-08-08;1.12016;106.219;2896.21;56.29;16.33;1.72;0.07;1.65;2.12;88.65091553455404;26.662995203410908;1500.33
2019-08-09;1.11936;105.863;2930.51;57.37;16.35;1.74;0.08;1.66;2.12;88.24970553592462;26.119574690604846;1505.69
2019-08-12;1.12017;105.625;2907.07;57.13;16.2076;1.65;0.04;1.61;2.12;88.53075571177504;26.452301767897776;1498.0
2019-08-13;1.12158;105.219;2880.72;59.9;16.13;1.68;0.05;1.63;2.12;88.47967000589276;25.06677796327212;1511.2
2019-08-14;1.11726;106.735;2894.15;57.86;16.32;1.59;0.02;1.57;2.12;88.05632984901278;26.20687867265814;1502.1
2019-08-15;1.1142;105.765;2846.2;57.37;16.25;1.52;-0.02;1.54;2.13;88.20555877243775;26.552379292313056;1516.64
2019-08-16;1.11067;106.114;2864.74;59.0;16.2;1.55;0.01;1.54;2.13;88.46320093457943;25.669322033898304;1523.56
2019-08-19;1.10932;106.333;2913.48;59.79;16.33;1.6;0.04;1.56;2.13;88.62973933649289;25.022077270446562;1512.6
2019-08-20;1.10802;106.6;2919.01;59.03;16.24;1.55;0.02;1.53;2.13;87.83158508158509;25.532610537015078;1495.87
2019-08-21;1.10983;106.248;2922.04;60.6;16.1824;1.59;0.05;1.54;2.12;87.76752336448597;24.795049504950494;1507.55
2019-08-22;1.10881;106.588;2930.94;59.81;16.13;1.62;0.07;1.55;2.12;87.88431642859237;25.047985286741344;1502.54
2019-08-23;1.10811;106.421;2911.07;58.64;15.98;1.52;-0.02;1.54;2.12;87.50429307384088;26.06923601637108;1498.6
2019-08-26;1.11487;104.817;2866.7;58.64;15.93;1.54;0.0;1.54;2.12;86.44029428409733;26.047066848567532;1539.19
2019-08-27;1.11023;106.129;2893.14;58.44;16.0185;1.49;-0.06;1.55;2.12;84.76868131868132;26.39955509924709;1527.7
2019-08-28;1.10911;105.758;2861.28;60.42;15.97;1.47;-0.08;1.55;2.12;83.82080610021787;25.47087057265806;1542.13
2019-08-29;1.10816;105.99;2910.37;60.59;16.12;1.5;-0.09;1.59;2.12;83.61521620142311;25.212906420201353;1539.17
2019-08-30;1.10584;106.512;2937.09;61.04;16.11;1.5;-0.05;1.55;2.13;83.08178844056707;24.96264744429882;1527.9
2019-09-02;1.09935;105.936;;58.55;;;;;;82.80477569916344;26.119214346712212;1528.45
2019-09-03;1.09698;106.197;2909.01;57.93;15.7;1.47;-0.03;1.5;2.13;80.32866043613707;26.70688762299327;1529.55
2019-09-04;1.09717;105.935;2924.67;60.68;16.11;1.47;-0.04;1.51;2.13;79.21122448979591;25.58569545154911;1547.19
2019-09-05;1.10349;106.367;2960.6;62.7;16.45;1.57;0.01;1.56;2.13;81.45093833780162;24.2274322169059;1552.02
2019-09-06;1.10378;106.925;2980.33;61.28;16.48;1.55;0.01;1.54;2.12;83.42271468144044;24.572127937336813;1518.5
2019-09-09;1.1028;106.846;2988.43;63.99;16.4499;1.63;0.06;1.57;2.13;83.24264297612437;23.428660728238786;1508.1
2019-09-10;1.10489;107.249;2971.01;64.67;16.33;1.72;0.12;1.6;2.13;82.4986118822876;22.97510437606309;1498.98
2019-09-11;1.10489;107.52;2981.41;63.02;16.41;1.75;0.15;1.6;2.13;82.61810154525385;23.754998413202156;1485.9
2019-09-12;1.10091;107.82;3009.08;60.76;16.32;1.79;0.16;1.63;2.13;82.83259668508286;24.67527978933509;1497.58
2019-09-13;1.10637;108.086;3012.21;61.25;16.83;1.9;0.23;1.67;2.14;85.25286697247705;24.274448979591835;1498.9
2019-09-16;1.10727;107.704;2996.41;68.42;16.64;1.84;0.17;1.67;2.25;83.92266741384141;21.888336743642206;1505.82
2019-09-17;1.10008;108.111;2995.67;65.59;16.44;1.81;0.15;1.66;2.3;83.31687014428412;22.890227168775723;1498.41
2019-09-18;1.10716;108.117;3001.5;64.29;16.37;1.8;0.21;1.59;2.25;84.11936936936937;23.23782858920516;1501.55
2019-09-19;1.10332;108.41;3010.36;64.25;16.37;1.79;0.18;1.61;1.9;84.26250702641934;23.331206225680933;1494.0
2019-09-20;1.10416;108.035;3008.42;65.23;16.34;1.74;0.13;1.61;1.9;84.47688022284122;23.246359037252795;1499.31
2019-09-23;1.10171;107.724;2983.5;64.66;16.25;1.72;0.11;1.61;1.9;81.66845493562231;23.54314877822456;1514.48
2019-09-24;1.0995;107.529;3002.43;64.13;16.32;1.64;0.06;1.58;1.9;82.30897367006986;23.88538905348511;1522.44
2019-09-25;1.10196;107.112;2968.35;62.41;16.38;1.73;0.13;1.6;1.9;83.97264098269123;24.09790097740747;1531.61
2019-09-26;1.0944;107.732;2985.73;62.08;16.33;1.7;0.13;1.57;1.85;84.44612794612794;24.240173969072163;1504.01
2019-09-27;1.09178;107.838;2985.47;62.48;16.24;1.69;0.16;1.53;1.83;85.57004002287022;23.953585147247118;1505.0
2019-09-30;1.09408;107.987;2967.07;60.99;16.26;1.68;0.15;1.53;1.9;86.6815773984697;24.146909329398262;1495.16
2019-10-01;1.08986;108.079;2983.69;60.06;15.9;1.65;0.13;1.52;1.88;85.79640371229699;24.62753912753913;1472.34
2019-10-02;1.09307;107.763;2924.78;57.92;16.1;1.6;0.1;1.5;1.85;85.38895216400913;25.887948895027623;1478.94
2019-10-03;1.09607;107.16;2885.38;58.01;15.96;1.54;0.06;1.48;1.83;85.72917556599744;25.947078089984487;1499.58
2019-10-04;1.09718;106.878;2918.56;59.13;15.89;1.52;0.02;1.5;1.82;85.76410256410257;25.45509893455099;1505.15
2019-10-07;1.09799;106.676;2944.23;59.46;16.6762;1.56;0.05;1.51;1.82;85.66249856602042;25.11671712075345;1512.54
2019-10-08;1.09715;107.234;2920.4;58.14;16.1292;1.54;0.06;1.48;1.82;84.91483361534122;25.895080839353284;1493.57
2019-10-09;1.09558;107.073;2911.1;59.7;16.07;1.59;0.1;1.49;1.82;84.91652566271856;25.218927973199328;1505.8
2019-10-10;1.09733;107.463;2918.55;59.08;16.36;1.67;0.15;1.52;1.82;85.28196347031964;25.290115098171974;1505.86
2019-10-11;1.10087;107.872;2963.07;60.59;16.42;1.76;0.2;1.56;1.82;84.75984027381631;24.52285855751774;1494.23
2019-10-14;1.10363;108.39;2965.81;58.81;16.4;;;;;84.5554926387316;25.391089950688656;1488.2
2019-10-15;1.10244;108.369;2973.61;59.19;16.38;1.77;0.21;1.56;1.9;85.0706490522688;25.02247001182632;1493.4
2019-10-16;1.10315;108.841;2989.68;59.3;16.18;1.75;0.18;1.57;1.9;85.63678160919541;25.127824620573357;1481.25
2019-10-17;1.10733;108.729;3000.77;59.35;16.3585;1.76;0.17;1.59;1.85;85.01581331737755;25.13732097725358;1490.4
2019-10-18;1.11271;108.618;2996.84;59.96;16.49;1.76;0.16;1.6;1.85;84.8950650682006;24.86040693795864;1492.1
2019-10-21;1.11568;108.423;2996.48;58.95;16.58;1.8;0.19;1.61;1.85;84.53872437357631;25.182357930449534;1491.58
2019-10-22;1.11502;108.581;3010.73;60.5;16.6;1.78;0.17;1.61;1.85;84.91095890410959;24.58909090909091;1485.08
2019-10-23;1.1125;108.476;2994.01;60.52;16.58;1.77;0.16;1.61;1.85;85.01923022136123;24.65515532055519;1488.01
2019-10-24;1.11321;108.645;3014.78;61.71;16.8;1.77;0.15;1.62;1.85;84.48208066509382;24.37125263328472;1492.03
2019-10-25;1.11054;108.638;3003.32;62.06;16.73;1.8;0.15;1.65;1.83;83.32982844493635;24.263132452465356;1503.82
2019-10-28;1.10821;108.705;3032.12;60.39;16.87;1.85;0.21;1.64;1.83;83.61614520601663;24.715846994535518;1503.26
2019-10-29;1.10982;108.969;3035.39;61.05;16.81;1.84;0.23;1.61;1.82;83.4744812114414;24.37919737919738;1492.11
2019-10-30;1.11124;108.873;3039.74;60.22;16.71;1.78;0.21;1.57;1.82;83.69910514541387;24.851212221853206;1487.4
2019-10-31;1.11531;108.808;3046.9;59.3;16.6881;1.69;0.15;1.54;1.58;83.50827814569536;25.51720067453626;1495.68
2019-11-01;1.11518;108.03;3050.72;60.17;16.59;1.73;0.14;1.59;1.57;83.5866865375062;25.167691540634866;1512.4
2019-11-04;1.1165;108.238;3078.96;62.52;16.73;1.79;0.15;1.64;1.56;83.60077519379846;24.149552143314136;1513.33
2019-11-05;1.11231;108.597;3080.8;62.72;17.04;1.86;0.18;1.68;1.56;84.39192263936292;23.654496173469386;1509.51
2019-11-06;1.1075;109.176;3075.1;62.11;16.8213;1.81;0.15;1.66;1.55;84.5;23.999033971985188;1482.95
2019-11-07;1.10676;108.967;3087.02;62.6;16.95;1.92;0.23;1.69;1.55;85.82758620689656;23.458626198083067;1490.17
2019-11-08;1.10491;109.313;3081.25;62.0;16.88;1.94;0.23;1.71;1.55;86.78167757287329;23.529032258064515;1468.62
2019-11-11;1.10205;109.235;3080.33;62.58;16.74;;;;;86.34756820877817;23.263342921061042;1459.01
2019-11-12;1.10317;109.064;3089.28;62.19;16.69;1.92;0.22;1.7;1.55;86.85254212017296;23.41694806238945;1455.18
2019-11-13;1.10117;108.973;3084.18;62.27;16.5423;1.88;0.22;1.66;1.55;86.24337065409547;23.503292114983136;1456.24
2019-11-14;1.10077;108.775;3090.75;62.46;16.54;1.82;0.2;1.62;1.55;86.39812096300645;23.556836375280177;1463.47
2019-11-15;1.10217;108.398;3107.92;63.32;16.6;1.84;0.21;1.63;1.55;86.49233490566037;23.166614024005057;1471.29
2019-11-18;1.1052;108.764;3117.91;62.82;16.54;1.81;0.18;1.63;1.55;86.36243580337491;23.422476918178926;1467.83
2019-11-19;1.10722;108.664;3127.45;62.37;16.69;1.79;0.16;1.63;1.55;85.85772594752187;23.60846560846561;1471.48
2019-11-20;1.10781;108.552;3114.66;63.8;16.69;1.73;0.13;1.6;1.55;85.8150858675686;23.065830721003135;1472.53
2019-11-21;1.10765;108.444;3108.49;64.99;16.51;1.77;0.14;1.63;1.55;85.64093567251462;22.533620557008774;1474.9
2019-11-22;1.10623;108.621;3111.41;64.83;16.54;1.77;0.15;1.62;1.55;86.00941176470589;22.553755977171065;1464.26
2019-11-25;1.10221;108.705;3117.44;64.67;16.6404;1.76;0.14;1.62;1.55;86.16222616933096;22.50316993969383;1460.69
2019-11-26;1.10138;108.941;3134.85;64.82;16.7207;1.74;0.12;1.62;1.55;85.55971896955504;22.544893551373033;1455.05
2019-11-27;1.10231;109.06;3145.49;65.03;16.832;1.77;0.14;1.63;1.55;85.75707547169812;22.36567737967092;1461.69
2019-11-28;1.1006;109.535;;64.68;;;;;;85.89397917342694;22.508658008658006;1454.72
2019-11-29;1.10105;109.52;3147.18;64.5;16.64;1.78;0.17;1.61;1.56;86.02268053352137;22.697984496124032;1455.54
2019-12-02;1.10211;109.523;3143.85;63.2;16.64;1.83;0.18;1.65;1.56;86.48078060319338;23.139082278481013;1464.07
2019-12-03;1.10769;109.058;3087.41;62.95;16.5;1.72;0.09;1.63;1.55;86.05066977285964;23.470849880857823;1462.25
2019-12-04;1.10819;108.64;3103.5;65.25;16.64;1.77;0.11;1.66;1.55;87.46263345195729;22.599540229885054;1477.35
2019-12-05;1.10784;108.86;3119.21;65.67;16.69;1.8;0.13;1.67;1.55;87.03242924528301;22.477082381604994;1474.74
2019-12-06;1.11045;108.752;3134.62;66.5;16.82;1.84;0.15;1.69;1.55;88.14785757392877;21.96406015037594;1475.8
2019-12-09;1.10579;108.594;3141.86;66.44;17.16;1.83;0.14;1.69;1.55;87.99638771824202;21.999096929560505;1459.65
2019-12-10;1.10654;108.577;3135.36;66.57;17.36;1.85;0.14;1.71;1.55;87.84343131373724;21.997145861499174;1461.72
2019-12-11;1.10933;108.8;3135.75;65.37;17.5;1.79;0.1;1.69;1.55;87.46856465005932;22.559583906990973;1463.98
2019-12-12;1.11319;108.546;3141.23;66.67;17.4216;1.9;0.18;1.72;1.55;86.81866509155346;22.046497675116242;1474.82
2019-12-13;1.11788;109.467;3166.65;67.44;17.52;1.82;0.12;1.7;1.55;87.12848502729015;21.895166073546857;1467.23
2019-12-16;1.11293;109.36;3183.63;68.04;17.67;1.89;0.16;1.73;1.56;86.63086854460094;21.69591416813639;1475.65
2019-12-17;1.11379;109.61;3195.4;68.99;17.67;1.89;0.14;1.75;1.55;86.76149053720466;21.396724162922165;1476.05
2019-12-18;1.11531;109.513;3195.21;69.12;17.51;1.92;0.16;1.76;1.55;86.7164266823391;21.34664351851852;1476.13
2019-12-19;1.11162;109.574;3192.32;69.7;17.64;1.92;0.15;1.77;1.55;86.67936694021103;21.215925394548062;1475.6
2019-12-20;1.11238;109.382;3223.33;68.66;17.6;1.92;0.15;1.77;1.55;86.0058207217695;21.520244683949898;1478.76
2019-12-23;1.10781;109.46;3226.05;67.49;17.62;1.93;0.18;1.75;1.55;85.14441260744987;22.014668839828126;1478.5
2019-12-24;1.10901;109.403;3225.45;69.26;17.61;1.9;0.15;1.75;1.55;84.32785041473359;21.651169506208486;1485.55
2019-12-25;;;;;;;;;;;;
2019-12-26;1.10916;109.39;3227.2;69.26;17.87;1.9;0.16;1.74;1.55;84.42960893854749;21.820531331215708;1500.15
2019-12-27;1.10963;109.577;3247.23;68.91;17.7;1.88;0.15;1.73;1.55;85.11887323943661;21.925119721375708;1511.12
2019-12-30;1.11794;109.438;3240.09;68.3;17.74;1.9;0.15;1.75;1.55;84.50195203569436;22.183308931185945;1511.63
2019-12-31;1.12022;108.873;3215.18;67.77;17.6;1.92;0.15;1.77;1.55;84.98879740099703;22.389036446805374;1514.89
2020-01-01;;;;;;;;;;;;
2020-01-02;1.12149;108.686;3244.67;67.05;17.53;1.88;0.08;1.8;1.55;84.85793562708103;22.805965697240868;1518.17
2020-01-03;1.11718;108.547;3226.36;69.08;17.48;1.8;0.03;1.77;1.55;85.96115427302996;22.423566878980893;1529.16
2020-01-06;1.11598;107.806;3217.55;70.25;17.41;1.81;0.06;1.75;1.55;86.26666666666668;22.288113879003557;1560.58
2020-01-07;1.11959;108.378;3241.86;68.74;17.47;1.83;0.09;1.74;1.55;85.53204205264731;22.901658423043354;1565.48
2020-01-08;1.11476;108.459;3238.59;67.31;17.57;1.87;0.12;1.75;1.55;85.99005524861879;23.123161491606;1576.75
2020-01-09;1.11086;109.078;3266.03;66.58;17.57;1.85;0.11;1.74;1.55;86.72569832402236;23.316161009312108;1556.85
2020-01-10;1.11067;109.478;3281.81;66.77;17.69;1.83;0.07;1.76;1.54;86.30216543599104;23.3682791672907;1552.31
2020-01-13;1.11154;109.538;3271.13;64.14;17.71;1.85;0.08;1.77;1.54;86.18541202672606;24.132990333645154;1560.71
2020-01-14;1.11358;109.935;3285.35;64.45;17.94;1.82;0.05;1.77;1.54;86.87865168539325;23.9944142746315;1548.36
2020-01-15;1.11266;109.987;3282.27;63.29;17.9;1.79;0.04;1.75;1.54;86.43414512232373;24.589824616843103;1546.36
2020-01-16;1.1151;109.887;3302.97;64.63;17.962;1.81;0.07;1.74;1.54;86.53734671125974;24.021042859353244;1556.42
2020-01-17;1.11376;110.178;3323.66;64.05;18.05;1.84;0.09;1.75;1.55;86.40788013318534;24.310226385636224;1552.54
2020-01-20;1.10907;110.136;;64.63;;;;;;86.38197769352115;24.146990561658672;1557.52
2020-01-21;1.10972;110.175;3321.03;63.66;17.69;1.78;0.04;1.74;1.55;87.58909499718943;24.477065661325796;1560.92
2020-01-22;1.10831;109.857;3330.02;62.11;17.45;1.77;0.05;1.72;1.55;87.39453398738614;25.099017871518274;1558.63
2020-01-23;1.10934;109.8315;3315.77;61.26;17.27;1.74;0.04;1.7;1.55;87.80393258426966;25.512732615083255;1559.0
2020-01-24;1.10557;109.53;3333.1;59.34;16.98;1.7;0.02;1.68;1.55;86.73620309050773;26.48567576676778;1562.82
2020-01-27;1.10304;108.913;3247.16;58.54;16.39;1.61;-0.02;1.63;1.55;87.40552486187845;27.024940211820976;1581.29
2020-01-28;1.10184;108.918;3255.35;59.37;16.25;1.65;0.0;1.65;1.55;89.71322266742989;26.398686205154117;1581.79
2020-01-29;1.1022;109.241;3289.46;59.46;16.21;1.6;-0.04;1.64;1.55;89.79612756264237;26.51900437268752;1567.04
2020-01-30;1.10103;109.01;3256.45;57.72;15.97;1.57;-0.07;1.64;1.6;88.26988843415373;27.27772002772003;1577.16
2020-01-31;1.10336;108.9355;3282.33;57.77;15.93;1.51;-0.14;1.65;1.59;88.0059895183429;27.468928509607064;1573.92
2020-02-03;1.10859;108.339;3235.66;54.0;15.8256;1.54;-0.09;1.63;1.59;89.18212669683258;29.198888888888888;1593.43
2020-02-04;1.10593;108.667;3280.61;53.9;16.02;1.61;-0.03;1.64;1.59;88.28368391131325;28.810946196660485;1577.24
2020-02-05;1.10449;109.459;3324.91;55.36;16.1988;1.66;0.0;1.66;1.59;88.35831913685406;28.10675578034682;1552.94
2020-02-06;1.1;109.803;3344.92;55.18;16.35;1.65;-0.02;1.67;1.59;87.91975308641975;28.39307720188474;1556.23
2020-02-07;1.09809;109.987;3335.54;54.53;16.04;1.59;-0.07;1.66;1.58;88.66120835686053;28.79497524298551;1566.85
2020-02-10;1.09445;109.72;3318.28;53.39;15.98;1.56;-0.1;1.66;1.58;88.47214406302759;29.446525566585503;1572.05
2020-02-11;1.09116;109.763;3365.87;54.0;16.21;1.59;-0.06;1.65;1.58;88.83456090651559;29.035740740740742;1572.19
2020-02-12;1.09191;109.788;3370.5;55.54;16.38;1.62;-0.04;1.66;1.58;89.54202401372213;28.197515304285197;1568.07
2020-02-13;1.08719;110.083;3365.9;56.34;16.44;1.61;-0.06;1.67;1.58;89.29235127478755;27.973198438054666;1566.04
2020-02-14;1.08405;109.82;3378.08;57.37;16.4;1.59;-0.07;1.66;1.58;89.2664767759948;27.586717796757892;1576.17
2020-02-17;1.08393;109.783;;57.83;;;;;;88.90950493379438;27.34393913193844;1582.4
2020-02-18;1.0837;109.863;3369.04;57.35;16.35;1.55;-0.1;1.65;1.59;88.14639515685194;27.927114210985177;1584.33
2020-02-19;1.07948;109.866;3380.39;59.72;16.38;1.56;-0.09;1.65;1.59;87.42934635204774;26.98861352980576;1601.68
2020-02-20;1.08086;111.247;3380.45;59.57;16.2797;1.52;-0.11;1.63;1.59;88.18152120651168;27.18868557998993;1612.29
2020-02-21;1.07876;112.052;3360.5;58.6;16.23;1.46;-0.15;1.61;1.58;88.8308108108108;28.0438566552901;1620.57
2020-02-24;1.083;111.445;3257.61;56.71;16.04;1.38;-0.21;1.59;1.58;89.02414163090128;29.261329571504145;1654.84
2020-02-25;1.08521;110.676;3238.94;55.29;16.155;1.33;-0.2;1.53;1.58;90.845;29.575149213239285;1659.35
2020-02-26;1.0881;110.209;3139.9;54.96;16.05;1.33;-0.21;1.54;1.58;91.57254464285714;29.857714701601164;1634.97
2020-02-27;1.08828;110.426;3062.54;52.19;15.85;1.3;-0.23;1.53;1.58;92.53269582337224;31.519448170147538;1640.81
2020-02-28;1.10028;109.5415;2916.9;51.31;15.74;1.13;-0.28;1.41;1.58;94.90974729241877;30.742545312804523;1644.275
2020-03-02;1.10532;107.403;2974.28;52.52;16.04;1.1;-0.31;1.41;1.59;95.0011954572624;30.262185833968008;1592.13
2020-03-03;1.11395;108.282;3096.46;52.24;16.11;1.02;-0.43;1.45;1.59;95.29152148664345;31.411179173047472;1587.07
2020-03-04;1.11707;107.155;3045.75;51.86;16.19;1.02;-0.44;1.46;1.09;95.06213704994194;31.565175472425764;1640.18
2020-03-05;1.11336;107.547;3075.7;51.29;16.1;0.92;-0.48;1.4;1.09;95.88360091743118;32.603041528563075;1639.46
2020-03-06;1.12333;106.162;2954.2;45.6;15.98;0.74;-0.57;1.31;1.09;96.54991344489326;36.69320175438597;1672.58
2020-03-09;1.13876;103.717;2863.89;35.33;15.52;0.54;-0.45;0.99;1.09;98.6079295154185;47.517690348146054;1698.35
2020-03-10;1.14387;102.443;2813.48;35.57;15.87;0.76;-0.24;1.0;1.09;97.69720290069559;46.39724486927186;1671.53
2020-03-11;1.13088;105.1005;2825.6;34.45;15.59;0.82;-0.14;0.96;1.09;97.6458662532423;47.534687953555874;1653.22
2020-03-12;1.1259;104.732;2630.86;31.02;15.19;0.88;-0.04;0.92;1.1;99.5608417200366;50.866860090264346;1638.94
2020-03-13;1.11768;104.796;2569.99;32.25;15.75;0.94;0.04;0.9;1.1;104.06462585034014;47.434108527131784;1577.09
2020-03-16;1.11589;106.412;2508.59;27.98;14.6;0.73;0.0;0.73;0.25;117.12262494635401;53.644924946390276;1546.77
2020-03-17;1.11684;106.28;2425.66;27.97;14.63;1.02;0.39;0.63;0.25;120.93484531194436;54.71469431533786;1508.19
2020-03-18;1.10162;107.252;2436.5;22.79;13.39;1.18;0.55;0.63;0.25;123.55096407210675;64.80868802106187;1532.86
2020-03-19;1.0934;108.013;2393.48;23.98;13.49;1.12;0.62;0.5;0.2;121.41913919036024;61.35008340283569;1485.0
2020-03-20;1.06649;110.861;2431.94;25.55;13.8968;0.92;0.17;0.75;0.15;118.83809523809524;58.6050880626223;1467.94
2020-03-23;1.06593;111.077;2290.71;23.75;13.13;0.76;-0.04;0.8;0.15;117.27841187328134;65.54505263157894;1489.05
2020-03-24;1.07461;110.987;2344.44;24.5;13.87;0.84;-0.13;0.97;0.12;113.08797002913833;66.5326530612245;1564.79
2020-03-25;1.08122;111.204;2457.77;25.62;13.64;0.88;-0.19;1.07;0.1;111.1444517173666;62.962334113973455;1632.12
2020-03-26;1.08815;111.017;2501.29;23.55;13.68;0.83;-0.24;1.07;0.1;113.04553190011461;69.10658174097665;1611.37
2020-03-27;1.1035;109.34;2555.87;22.39;13.59;0.72;-0.22;0.94;0.1;111.75659369074297;72.38722644037516;1629.26
2020-03-30;1.11218;107.7505;2558.98;19.19;13.57;0.7;-0.25;0.95;0.09;115.48754448398576;84.55445544554455;1620.75
2020-03-31;1.10474;107.846;2614.69;14.85;13.74;0.7;-0.17;0.87;0.08;112.68779510659608;106.07070707070707;1623.38
2020-04-01;1.10302;107.532;2498.08;14.97;13.5;0.62;-0.29;0.91;0.06;114.02650429799426;106.33333333333333;1576.59
2020-04-02;1.09477;107.107;2458.54;20.24;13.48;0.63;-0.4;1.03;0.05;111.36300897170463;79.725790513834;1590.73
2020-04-03;1.08557;107.873;2514.92;24.33;13.7199;0.62;-0.46;1.08;0.05;112.66597222222222;66.68269625976161;1615.89
2020-04-06;1.08124;108.456;2578.28;22.58;13.77;0.67;-0.47;1.14;0.05;110.65912117177096;73.60938883968113;1617.65
2020-04-07;1.07943;109.214;2738.65;22.1;14.32;0.75;-0.42;1.17;0.05;109.79856833694024;74.61085972850678;1663.92
2020-04-08;1.08909;108.771;2685.0;25.22;14.14;0.77;-0.42;1.19;0.05;109.95323981295925;65.26566217287868;1648.92
2020-04-09;1.08568;108.838;2776.99;20.23;14.3;0.73;-0.5;1.23;0.05;109.01878238341969;83.20563519525457;1645.8
2020-04-10;;;;;;;;;0.05;;;
2020-04-13;1.09427;108.455;2782.46;;14.87;0.76;-0.5;1.26;0.05;111.2237354085603;;1685.3
2020-04-14;1.09081;107.73;2805.1;21.74;14.86;0.76;-0.53;1.29;0.05;109.66031746031747;79.44572217111316;1711.84
2020-04-15;1.09816;107.138;2795.64;19.8;14.68;0.63;-0.56;1.19;0.05;111.14110032362461;86.72373737373738;1727.59
2020-04-16;1.09088;107.395;2799.34;18.69;14.5533;0.61;-0.42;1.03;0.05;110.89089735313105;91.9047619047619;1717.84
2020-04-17;1.08614;108.038;2842.43;19.75;14.92;0.65;-0.36;1.01;0.05;111.01516150296638;85.27088607594936;1717.64
2020-04-20;1.08741;107.573;2845.62;17.36;14.71;0.63;-0.31;0.94;0.05;110.766065830721;97.69873271889401;1682.59
2020-04-21;1.08693;107.64;2784.81;9.12;13.75;0.58;-0.38;0.96;0.05;113.23707186030892;184.87938596491227;1696.475
2020-04-22;1.08576;107.767;2787.89;13.77;14.38;0.63;-0.43;1.06;0.05;113.59310801855533;124.48220769789397;1688.49
2020-04-23;1.0823;107.745;2810.42;15.06;14.6464;0.61;-0.44;1.05;0.04;113.53871391076115;114.8957503320053;1713.94
2020-04-24;1.07783;107.565;2812.64;15.87;14.95;0.6;-0.51;1.11;0.05;113.38779527559055;108.88657844990549;1730.53
2020-04-27;1.08219;107.547;2854.65;15.17;14.78;0.67;-0.5;1.17;0.04;112.66456340990503;112.9950560316414;1728.52
2020-04-28;1.08309;107.2595;2909.96;15.6;15.19;0.62;-0.52;1.14;0.04;112.59591298615689;109.49230769230769;1713.255
2020-04-29;1.08219;106.874;2918.46;17.86;15.34;0.63;-0.51;1.14;0.04;112.05493786788752;95.93057110862262;1708.59
2020-04-30;1.08749;106.636;2930.91;18.11;15.0;0.64;-0.43;1.07;0.05;112.75015039101665;93.14494754279404;1714.05
2020-05-01;1.09514;107.1625;2869.09;18.49;14.94;0.64;-0.42;1.06;0.05;113.6608695652174;91.89994591671174;1686.93
2020-05-04;1.09718;106.836;2815.01;20.4;14.84;0.64;-0.43;1.07;0.05;115.06017579445572;83.4186274509804;1701.92
2020-05-05;1.09017;106.763;2868.88;25.46;14.7;0.66;-0.44;1.1;0.05;114.03275401069519;67.00432050274941;1701.07
2020-05-06;1.0842;106.546;2883.14;24.2;15.0;0.72;-0.38;1.1;0.05;113.52053872053872;69.6603305785124;1706.04
2020-05-07;1.07963;106.086;2878.26;24.23;14.9;0.63;-0.45;1.08;0.05;111.86049543676663;70.8188196450681;1683.73
2020-05-08;1.08318;106.303;2908.83;;15.33;0.69;-0.43;1.12;0.05;110.06769825918762;;1717.12
2020-05-11;1.08328;106.678;2915.46;25.53;15.2;0.73;-0.4;1.13;0.05;109.61910910264687;66.50998824911868;1702.03
2020-05-12;1.08078;107.652;2939.5;26.67;14.875;0.69;-0.4;1.09;0.05;110.21488673139159;63.84776902887138;1697.26
2020-05-13;1.0847;107.196;2865.86;27.89;15.05;0.64;-0.43;1.07;0.05;110.15285806037251;61.49444245249193;1702.26
2020-05-14;1.08179;107.065;2794.54;29.87;14.63;0.63;-0.43;1.06;0.05;109.02457466918715;57.925008369601606;1716.515
2020-05-15;1.08071;107.229;2829.95;30.95;14.84;0.64;-0.45;1.09;0.05;104.87244283995186;56.31599353796446;1730.43
2020-05-18;1.08169;107.128;2913.86;33.3;15.11;0.73;-0.44;1.17;0.05;102.02455975027976;52.02027027027028;1746.2
2020-05-19;1.09164;107.3115;2948.59;33.06;15.31;0.7;-0.45;1.15;0.05;100.59779789012508;52.78493647912885;1732.54
2020-05-20;1.09212;107.7465;2953.63;34.76;15.43;0.68;-0.48;1.16;0.05;99.61937321937322;50.296892980437285;1745.91
2020-05-21;1.09816;107.557;2969.95;34.78;15.55;0.68;-0.46;1.14;0.05;100.9573348918761;49.66589994249569;1747.92
2020-05-22;1.09475;107.662;2948.05;33.8;15.1;0.66;-0.46;1.12;0.05;101.011641443539;51.34260355029586;1727.32
2020-05-25;1.08979;107.59;;;;;;;;100.70875763747455;;1733.7
2020-05-26;1.0894;107.731;3004.08;33.95;15.22;0.69;-0.44;1.13;0.05;99.88500379429105;50.401472754050076;1728.84
2020-05-27;1.0977;107.545;3015.65;32.73;15.21;0.68;-0.46;1.14;0.05;99.15313225058006;52.22731439046747;1710.75
2020-05-28;1.10061;107.716;3046.61;33.98;15.79;0.7;-0.48;1.18;0.05;98.94300518134715;50.5779870512066;1711.29
2020-05-29;1.10797;107.63;3025.17;34.15;15.31;0.65;-0.5;1.15;0.05;96.94848824188131;50.702781844802345;1719.05
2020-06-01;1.11132;107.712;3038.78;36.74;15.38;0.66;-0.52;1.18;0.05;95.00709994538504;47.34839412084921;1736.49
2020-06-02;1.11321;107.658;3064.78;37.72;15.74;0.68;-0.5;1.18;0.06;95.61483121195351;45.80487804878049;1738.97
2020-06-03;1.1171;108.643;3098.9;37.98;15.65;0.77;-0.44;1.21;0.06;96.30311614730878;44.753817798841496;1727.8
2020-06-04;1.12356;108.909;3111.56;38.41;15.58;0.82;-0.4;1.22;0.06;96.78656126482213;44.626139026295235;1700.42
2020-06-05;1.13363;109.116;3163.84;41.0;15.95;0.91;-0.36;1.27;0.07;96.65632183908046;41.019999999999996;1715.26
2020-06-08;1.12963;109.633;3199.92;39.66;16.0;0.88;-0.4;1.28;0.07;95.58075407990997;42.825769036812915;1684.24
2020-06-09;1.12912;108.424;3213.32;40.45;16.22;0.84;-0.42;1.26;0.07;97.9041095890411;42.40494437577256;1698.16
2020-06-10;1.13367;107.723;3213.42;41.18;16.59;0.75;-0.52;1.27;0.08;95.95582551076754;42.199125789218066;1713.9
2020-06-11;1.1376;107.115;3123.53;37.76;16.53;0.66;-0.55;1.21;0.08;97.93705698894243;45.73940677966102;1737.94
2020-06-12;1.12934;106.8175;3071.04;38.54;16.32;0.71;-0.5;1.21;0.08;98.93542857142856;44.923975090814736;1727.795
2020-06-15;1.12425;107.409;2993.76;39.44;16.24;0.71;-0.52;1.23;0.09;99.25834292289989;43.74011156186612;1733.4
2020-06-16;1.13255;107.376;3131.0;40.75;16.4;0.75;-0.52;1.27;0.09;98.89576174112256;42.37349693251534;1725.15
2020-06-17;1.12622;107.318;3136.13;40.47;16.215;0.74;-0.52;1.26;0.09;98.67542857142857;42.66913763281443;1726.26
2020-06-18;1.12428;107.011;3101.64;41.75;16.41;0.71;-0.57;1.28;0.09;99.06958021851638;41.2651497005988;1726.33
2020-06-19;1.12046;106.95;3140.29;42.33;16.65;0.7;-0.6;1.3;0.09;98.67044167610419;41.16513111268604;1722.2
2020-06-22;1.11835;106.798;3094.42;43.2;16.51;0.71;-0.63;1.34;0.08;99.06493506493506;40.612037037037034;1750.03
2020-06-23;1.12628;106.92;3138.7;42.72;16.64;0.72;-0.66;1.38;0.08;98.51699164345405;41.39466292134832;1754.85
2020-06-24;1.13082;106.491;3114.4;40.4;16.76;0.69;-0.64;1.33;0.08;100.62400000000001;43.58712871287129;1768.13
2020-06-25;1.12547;107.028;3046.6;41.18;16.64;0.68;-0.65;1.33;0.08;99.08539325842696;42.82952889752307;1761.38
2020-06-26;1.12153;107.19;3073.2;40.97;16.81;0.64;-0.68;1.32;0.08;99.3252944475603;43.22601903832072;1765.32
2020-06-29;1.1222;107.136;3018.59;41.58;16.93;0.64;-0.7;1.34;0.08;99.26763717805152;42.638768638768646;1775.68
2020-06-30;1.12408;107.575;3050.2;41.64;17.0;0.66;-0.68;1.34;0.08;97.85494505494506;42.77041306436119;1772.85
2020-07-01;1.12322;107.959;3105.92;42.18;17.15;0.69;-0.68;1.37;0.08;98.2870627429206;41.96657183499289;1782.69
2020-07-02;1.12509;107.461;3143.64;43.19;17.23;0.68;-0.73;1.41;0.09;98.84910913140311;41.10511692521417;1769.51
2020-07-03;1.12393;107.517;;42.92;;;;;0.09;98.38629248968057;41.372903075489276;1776.11
2020-07-06;1.1245;107.518;3155.29;42.73;17.29;0.69;-0.76;1.45;0.09;97.67651888341544;41.76339808097356;1776.455
2020-07-07;1.13106;107.374;3166.44;43.28;17.29;0.65;-0.78;1.43;0.09;98.24028461959496;41.470656192236596;1784.8
2020-07-08;1.12748;107.547;3153.07;43.67;17.61;0.67;-0.75;1.42;0.09;96.67931587386424;41.42134188229906;1795.56
2020-07-09;1.13321;107.275;3176.17;42.35;17.92;0.62;-0.77;1.39;0.09;96.75751072961373;42.58701298701298;1809.61
2020-07-10;1.1284;107.221;3152.47;43.27;17.86;0.65;-0.76;1.41;0.09;96.12927350427351;41.58862953547492;1802.42
2020-07-13;1.13042;106.925;3205.08;42.85;18.45;0.64;-0.78;1.42;0.09;94.48060796645703;42.06977829638273;1798.98
2020-07-14;1.1346;107.268;3141.11;42.97;18.15;0.63;-0.78;1.41;0.09;94.18688183237896;42.10681871072841;1803.11
2020-07-15;1.14027;107.273;3225.98;43.96;18.26;0.64;-0.77;1.41;0.1;93.26429675425038;41.17970882620564;1808.71
2020-07-16;1.14124;106.946;3208.36;43.71;18.0;0.62;-0.79;1.41;0.1;93.75169535732915;41.11690688629604;1810.38
2020-07-17;1.13809;107.263;3224.21;43.53;18.11;0.64;-0.82;1.46;0.09;93.64304190377652;41.583275901677;1797.74
2020-07-20;1.14189;107.088;3224.29;43.3;18.13;0.62;-0.84;1.46;0.1;91.34824120603015;41.982217090069284;1809.11
2020-07-21;1.14438;107.252;3268.52;44.31;18.42;0.61;-0.87;1.48;0.1;86.46807511737089;41.565560821484986;1818.24
2020-07-22;1.15328;106.792;3254.86;43.98;18.17;0.6;-0.88;1.48;0.09;81.43347826086956;42.5868576625739;1841.55
2020-07-23;1.15735;107.142;3271.64;42.96;18.33;0.59;-0.9;1.49;0.09;83.51070891229313;43.92865456238361;1872.59
2020-07-24;1.15958;106.8485;3218.58;43.29;18.12;0.59;-0.92;1.51;0.09;83.62114053400724;43.94987294987295;1887.39
2020-07-27;1.16448;106.046;3219.84;43.39;18.04;0.62;-0.9;1.52;0.1;78.8691056910569;44.71491126987785;1901.81
2020-07-28;1.17512;105.391;3234.27;43.11;18.1;0.59;-0.92;1.51;0.1;80.27764127764128;45.47390396659708;1942.45
2020-07-29;1.17204;105.071;3227.22;43.51;18.2;0.58;-0.95;1.53;0.1;81.01522007404361;45.26499655251666;1957.28
2020-07-30;1.17928;104.939;3231.76;42.98;18.2;0.55;-0.97;1.52;0.1;83.0268085106383;45.396230805025596;1970.99
2020-07-31;1.18435;104.781;3270.45;43.13;18.13;0.55;-1.0;1.55;0.1;81.17598684210526;45.773243681891955;1957.4
2020-08-03;1.17766;105.829;3288.26;43.76;18.19;0.56;-1.02;1.58;0.1;81.25154130702836;45.17481718464351;1979.6
2020-08-04;1.17624;105.967;3289.92;43.99;18.05;0.52;-1.05;1.57;0.1;77.52825836216839;45.8401909524892;1977.11
2020-08-05;1.17972;105.727;3317.37;44.92;18.25;0.55;-1.06;1.61;0.1;75.61983011239289;45.3836821015138;2019.35
2020-08-06;1.18659;105.6015;3323.17;45.04;18.14;0.55;-1.08;1.63;0.1;71.41597510373444;45.855905861456485;2040.645
2020-08-07;1.18767;105.514;3340.05;44.07;17.91;0.57;-1.04;1.61;0.1;72.32787468850125;46.10142954390742;2065.72
2020-08-10;1.17864;105.928;3356.04;44.19;17.89;0.59;-1.02;1.61;0.1;69.60521798832818;45.8836840914234;2033.15
2020-08-11;1.17394;105.938;3370.34;43.68;17.93;0.64;-0.99;1.63;0.1;77.0894649840745;43.77403846153846;2028.33
2020-08-12;1.17417;106.5245;3355.46;45.09;17.93;0.69;-0.98;1.67;0.1;75.10386861599969;42.495564426702146;1911.93
2020-08-13;1.17842;106.8745;3372.95;44.87;17.74;0.71;-0.96;1.67;0.1;70.8018115942029;43.550924894138625;1915.15
2020-08-14;1.18147;106.938;3368.66;44.86;17.77;0.71;-0.94;1.65;0.1;73.61818181818182;43.324119482835485;1953.25
2020-08-17;1.18439;106.618;3380.86;44.91;18.1;0.69;-0.97;1.66;0.1;72.3274917853231;44.11155644622579;1947.1
2020-08-18;1.18724;106.03;3387.04;45.34;18.36;0.67;-1.01;1.68;0.09;72.19913263462233;44.061535068372294;1985.2
2020-08-19;1.19328;105.42;3392.51;45.21;18.75;0.68;-0.99;1.67;0.09;72.50674157303371;42.82083609820836;2002.66
2020-08-20;1.18417;106.062;3360.48;44.56;18.44;0.65;-0.97;1.62;0.09;71.50770925110132;43.71342010771993;1929.5
2020-08-21;1.18611;105.803;3386.01;43.94;18.2;0.64;-1.0;1.64;0.09;72.5306886227545;44.106053709604005;1947.37
2020-08-24;1.17954;105.763;3418.09;44.43;18.28;0.65;-1.02;1.67;0.09;72.4884437596302;43.41312176457349;1941.74
2020-08-25;1.17902;105.981;3435.95;46.01;18.26;0.69;-1.01;1.7;0.09;72.66239638281839;41.91393175396653;1928.575
2020-08-26;1.1834;106.399;3449.97;45.79;18.43;0.69;-1.03;1.72;0.09;71.03598691384951;42.677440489189785;1931.33
2020-08-27;1.18311;106.006;3485.14;44.84;18.69;0.74;-0.99;1.73;0.08;71.25869726128794;42.939562890276534;1955.57
2020-08-28;1.18202;106.551;3494.69;45.22;18.75;0.74;-1.03;1.77;0.09;71.37368229734642;43.42083149049093;1929.87
2020-08-31;1.19086;105.437;3509.73;;18.9;0.72;-1.08;1.8;0.09;69.92963752665244;;1965.48
2020-09-01;1.19389;105.896;3507.44;45.72;19.04;0.68;-1.08;1.76;0.09;70.096762717894;43.09755030621172;1967.59
2020-09-02;1.19166;105.947;3543.76;42.7;18.69;0.66;-1.07;1.73;0.09;70.7931650089263;45.50491803278688;1969.84
2020-09-03;1.18551;106.1735;3564.74;42.72;18.63;0.63;-1.02;1.65;0.09;72.65824928496161;45.1937031835206;1942.885
2020-09-04;1.18509;106.1575;3453.6;41.1;18.8;0.72;-0.98;1.7;0.09;71.8992939427722;47.07566909975669;1931.63
2020-09-07;1.18404;106.254;;40.67;;;;;;71.80729845466394;47.415416769117286;1931.64
2020-09-08;1.18161;106.291;3371.88;38.53;18.69;0.69;-0.99;1.68;0.09;72.45611402850713;50.1344406955619;1929.81
2020-09-09;1.17739;105.951;3369.82;39.98;18.84;0.71;-1.0;1.71;0.09;72.15678280207561;48.69409704852426;1932.05
2020-09-10;1.18037;106.192;3412.56;39.27;18.89;0.68;-1.01;1.69;0.09;72.39806547619048;49.555895085306844;1946.16
2020-09-11;1.18215;106.142;3352.7;38.8;18.78;0.67;-0.98;1.65;0.09;72.5456107262236;50.06301546391753;1945.25
2020-09-14;1.18373;106.11;3363.56;38.57;19.01;0.68;-0.97;1.65;0.09;72.16488380671339;50.72310085558725;1940.06
2020-09-15;1.18669;105.714;3407.73;39.54;19.04;0.68;-0.99;1.67;0.09;71.99889462048637;49.419575113808804;1957.67
2020-09-16;1.18485;105.426;3411.23;41.23;18.92;0.69;-0.99;1.68;0.09;72.14577581446714;47.5343196701431;1953.74
2020-09-17;1.18145;104.951;3346.86;42.35;18.77;0.69;-0.97;1.66;0.09;71.94670614359734;45.90318772136954;1959.45
2020-09-18;1.18447;104.77;3357.38;42.16;19.04;0.7;-0.97;1.67;0.09;72.76911600149198;46.27466793168881;1942.64
2020-09-21;1.18462;104.535;3285.57;40.37;19.07;0.68;-0.94;1.62;0.09;77.33845531742823;47.376269507059696;1949.69
2020-09-22;1.17686;104.671;3295.75;40.84;19.09;0.68;-0.94;1.62;0.09;77.93478260869566;46.52424094025465;1912.77
2020-09-23;1.17075;104.931;3320.11;41.09;18.7;0.68;-0.92;1.6;0.09;81.8265642151482;45.35410075444146;1900.17
2020-09-24;1.16611;105.346;3226.14;41.24;18.09;0.67;-0.91;1.58;0.09;80.71866897147795;45.29170708050436;1863.11
2020-09-25;1.16716;105.41;3236.66;40.91;18.3;0.66;-0.92;1.58;0.09;81.33886462882097;45.53067709606454;1868.41
2020-09-28;1.16268;105.657;3333.9;41.59;18.48;0.67;-0.94;1.61;0.09;79.43093549476528;45.24068285645588;1859.49
2020-09-29;1.16647;105.5185;3350.92;40.33;18.42;0.66;-0.98;1.64;0.09;78.4302049087112;47.026035209521446;1881.485
2020-09-30;1.17408;105.6445;3341.21;40.3;18.72;0.69;-0.94;1.63;0.09;81.17950925527335;46.79404466501241;1898.73
2020-10-01;1.17239;105.439;3385.87;39.75;18.35;0.68;-0.95;1.63;0.09;80.11979823455233;47.950943396226414;1886.25
2020-10-02;1.17461;105.555;3338.94;38.0;18.03;0.7;-0.94;1.64;0.09;80.03071938056263;50.04763157894737;1905.63
2020-10-05;1.1713;105.501;3367.27;39.78;18.08;0.78;-0.9;1.68;0.09;78.54852944194734;48.1035696329814;1902.67
2020-10-06;1.17817;105.734;3408.74;41.27;18.33;0.76;-0.9;1.66;0.09;81.40745557000433;45.50690574267021;1913.135
2020-10-07;1.1733;105.626;3384.56;40.62;18.69;0.81;-0.9;1.71;0.09;79.2692146157077;46.46479566715904;1879.08
2020-10-08;1.17658;106.001;3434.28;42.0;18.735;0.78;-0.94;1.72;0.09;79.4366610738255;45.08976190476191;1887.74
2020-10-09;1.17593;106.024;3459.67;41.63;18.98;0.79;-0.94;1.73;0.09;76.67872763419484;46.32404515974057;1894.21
2020-10-12;1.18139;105.747;3500.02;40.5;19.09;;;;;76.59920318725099;47.4725925925926;1928.66
2020-10-13;1.18134;105.325;3534.01;41.34;18.8;0.74;-0.96;1.7;0.09;78.37173642768339;45.745283018867916;1922.71
2020-10-14;1.17444;105.485;3515.47;41.81;18.79;0.73;-0.96;1.69;0.09;78.38557444616177;45.48744319540779;1892.08
2020-10-15;1.17487;105.1145;3453.72;41.61;18.7;0.74;-0.95;1.69;0.09;78.5914042710929;45.85820716173997;1902.15
2020-10-16;1.17103;105.4155;3493.5;41.34;19.0006;0.76;-0.95;1.71;0.09;78.68019884009942;45.94436381228834;1908.965
2020-10-19;1.17202;105.384;3493.66;41.29;19.07;0.78;-0.93;1.71;0.09;78.07954079540795;46.12157907483652;1899.86
2020-10-20;1.17676;105.438;3439.38;41.62;19.24;0.81;-0.91;1.72;0.09;77.43460601137286;45.805862566074005;1904.35
2020-10-21;1.18239;105.473;3439.91;40.09;19.62;0.83;-0.91;1.74;0.09;76.85674353598881;48.0091045148416;1908.94
2020-10-22;1.18598;104.5645;3438.5;41.28;19.57;0.87;-0.89;1.76;0.09;77.05665722379602;46.125726744186046;1924.3
2020-10-23;1.18209;104.862;3464.9;40.71;19.48;0.85;-0.9;1.75;0.09;77.31722177091795;46.758781626136084;1904.22
2020-10-26;1.18419;104.703;3441.42;39.06;19.17;0.81;-0.91;1.72;0.09;78.31484264042979;48.70417306707629;1893.52
2020-10-27;1.18073;104.885;3403.15;39.72;19.21;0.79;-0.92;1.71;0.09;78.27872720185462;48.03046324269889;1902.59
2020-10-28;1.17802;104.509;3342.48;37.86;18.97;0.79;-0.91;1.7;0.09;80.20150003205197;49.56880612783941;1904.79
2020-10-29;1.17486;104.302;3277.17;36.56;18.97;0.85;-0.86;1.71;0.09;80.26331049590858;51.109682713347915;1877.98
2020-10-30;1.16693;104.622;3293.59;36.33;18.98;0.88;-0.82;1.7;0.09;79.42410147991545;51.70327552986513;1866.73
2020-11-02;1.16444;104.641;3296.2;37.78;18.95;0.87;-0.84;1.71;0.09;78.66390041493776;50.179989412387506;1877.11
2020-11-03;1.16402;104.754;3336.25;38.17;19.27;0.9;-0.82;1.72;0.09;78.81675608749484;50.032224259889965;1895.75
2020-11-04;1.17282;104.603;3406.46;39.68;19.14;0.78;-0.86;1.64;0.09;79.62301255230126;47.95841733870968;1908.7
2020-11-05;1.1722;104.508;3485.74;39.47;19.25;0.79;-0.87;1.66;0.09;76.85218762317697;49.39802381555612;1903.1
2020-11-06;1.18221;103.593;3508.34;38.08;19.56;0.83;-0.82;1.65;0.09;76.30023455824863;51.254201680672274;1948.87
2020-11-09;1.18892;103.285;3583.04;40.93;19.88;0.96;-0.77;1.73;0.09;77.29709543568464;45.513315416564865;1954.4
2020-11-10;1.18171;105.284;3543.26;42.25;19.27;0.98;-0.78;1.76;0.09;77.4447194719472;44.43218934911243;1864.76
2020-11-11;1.18193;105.263;3563.22;42.5;19.36;;;;;76.83855024711697;43.897411764705886;1877.23
2020-11-12;1.17779;105.423;3562.67;42.16;19.42;0.88;-0.83;1.71;0.09;77.27501029230136;44.521110056926;1865.84
2020-11-13;1.18069;105.131;3552.57;41.51;19.7;0.89;-0.83;1.72;0.09;76.64799025578563;45.47916164779571;1876.89
2020-11-16;1.18374;104.663;3600.16;42.71;20.01;0.91;-0.81;1.72;0.09;76.2612030682277;44.22828377429173;1889.82
2020-11-17;1.1856;104.585;3610.31;42.54;19.94;0.87;-0.83;1.7;0.09;76.78848509595754;44.20662905500705;1889.04
2020-11-18;1.18628;104.192;3612.09;42.91;20.0;0.88;-0.82;1.7;0.09;76.93015612161052;43.63738056397111;1880.85
2020-11-19;1.18528;103.822;3559.41;43.09;19.8301;0.86;-0.84;1.7;0.08;77.61611709426587;43.31840334184265;1872.91
2020-11-20;1.18706;103.7845;3579.31;43.79;20.3;0.83;-0.86;1.69;0.08;77.40330578512398;42.77597625028545;1866.175
2020-11-23;1.18585;103.822;3566.82;45.0;20.32;0.86;-0.85;1.71;0.08;77.87542372881354;40.84133333333333;1870.13
2020-11-24;1.18391;104.5;3594.52;46.63;21.0;0.88;-0.86;1.74;0.08;77.6764073914912;38.76324254771606;1838.06
2020-11-25;1.18924;104.481;3635.5;47.3;20.57;0.88;-0.87;1.75;0.08;77.45913054656867;38.2161733615222;1807.93
2020-11-26;1.19149;104.4525;;46.32;;;;;;77.59746244025804;39.08268566493955;1807.735
2020-11-27;1.19104;104.266;3638.55;46.88;21.09;0.84;-0.91;1.75;0.08;78.76143049159376;38.12318686006826;1811.09
2020-11-30;1.19656;104.069;3634.18;46.84;21.45;0.84;-0.93;1.77;0.09;78.51391957578436;37.93274978650726;1789.6
2020-12-01;1.19304;104.349;3645.87;47.03;21.71;0.92;-0.89;1.81;0.09;75.61957133037555;38.59685307250691;1777.15
2020-12-02;1.20723;104.3215;3653.78;47.8;21.4;0.95;-0.9;1.85;0.09;75.99045246990453;38.297280334728036;1815.325
2020-12-03;1.21128;104.429;3668.28;48.37;21.8;0.92;-0.94;1.86;0.09;76.51870324189527;38.061608434980364;1830.57
2020-12-04;1.21444;103.864;3670.94;49.1;21.73;0.97;-0.92;1.89;0.09;75.98345055854364;37.40366598778004;1841.4
2020-12-07;1.21277;104.188;3694.73;48.63;21.71;0.94;-0.94;1.88;0.09;76.04369130257248;38.295496607032696;1838.86
2020-12-08;1.21104;104.041;3683.05;48.84;21.79;0.92;-0.97;1.89;0.09;76.1877800407332;38.29668304668304;1862.35
2020-12-09;1.21062;104.159;3705.98;48.81;21.64;0.95;-0.96;1.91;0.09;76.79716193656093;37.69842245441507;1870.93
2020-12-10;1.20806;104.286;3659.13;50.33;21.72;0.92;-0.96;1.88;0.09;76.5648186744477;36.49493343930062;1839.84
2020-12-11;1.21413;104.24;3656.08;50.01;21.81;0.9;-0.97;1.87;0.09;76.77378964941569;36.78264347130574;1837.38
2020-12-14;1.21338;103.947;3675.27;50.27;21.85;0.9;-0.98;1.88;0.09;76.64093959731544;36.34613089317684;1841.46
2020-12-15;1.21457;104.024;3666.41;50.77;21.82;0.92;-0.99;1.91;0.09;75.64734693877551;36.50502265117195;1827.79
2020-12-16;1.2152;103.678;3696.25;50.83;22.07;0.92;-1.0;1.92;0.09;73.56646942800789;36.68915994491442;1853.49
2020-12-17;1.21978;103.448;3713.65;51.2;22.44;0.94;-1.0;1.94;0.09;72.33509158914357;36.82802734375;1864.49
2020-12-18;1.2267;103.1145;3722.39;52.17;22.4;0.95;-1.0;1.95;0.09;72.99524687166553;36.06037952846464;1885.88
2020-12-21;1.22306;103.391;3684.28;50.61;22.42;0.95;-1.0;1.95;0.09;71.71417653802062;37.082789962458016;1884.24
2020-12-22;1.22403;103.337;3698.08;49.88;21.81;0.93;-1.01;1.94;0.09;73.85152838427948;37.29591018444266;1877.39
2020-12-23;1.21641;103.627;3693.42;51.05;21.99;0.96;-1.01;1.97;0.09;73.28677621283255;36.69363369245838;1861.01
2020-12-24;1.21905;103.545;3694.03;50.88;21.91;0.94;-1.03;1.97;0.09;72.87677605691135;36.94614779874213;1873.2
2020-12-25;;;;;;;;;;;;
2020-12-28;1.219;103.569;3723.03;50.88;22.19;0.94;-1.03;1.97;0.09;71.36176694592535;36.8309748427673;1883.2
2020-12-29;1.22093;103.775;3750.01;50.44;22.11;0.94;-1.02;1.96;0.09;71.66768409004197;37.24048374306106;1873.15
2020-12-30;1.22534;103.554;3736.19;50.74;21.95;0.93;-1.03;1.96;0.09;71.0112443778111;37.33898305084745;1878.27
2020-12-31;1.22989;103.22;3733.27;51.22;21.85;0.93;-1.06;1.99;0.09;71.95062336579636;37.06960171807887;1894.32
2021-01-01;;;;;;;;;;;;
2021-01-04;1.2242;103.219;3764.61;50.37;22.35;0.93;-1.08;2.01;0.09;71.3208516886931;38.57018066309311;1903.49
2021-01-05;1.22504;103.127;3698.02;53.16;22.23;0.96;-1.07;2.03;0.09;70.70993473531546;36.685101580135445;1942.4
2021-01-06;1.22973;102.712;3712.2;53.8;22.59;1.04;-1.02;2.06;0.09;70.31062271062271;35.678066914498146;1950.56
2021-01-07;1.23286;103.068;3764.71;53.7;22.87;1.08;-1.01;2.09;0.09;70.52156284555842;35.62849162011173;1919.47
2021-01-08;1.22681;103.849;3815.05;55.51;22.86;1.13;-0.93;2.06;0.09;73.03871987356776;33.302287876058365;1914.74
2021-01-11;1.2218;103.939;3803.14;54.84;22.06;1.15;-0.91;2.06;0.09;74.01565636290647;33.62016776075857;1849.22
2021-01-12;1.21527;104.217;3801.62;55.98;22.36;1.15;-0.93;2.08;0.09;72.59295499021526;33.132368703108256;1844.16
2021-01-13;1.22055;103.774;3802.23;55.52;22.42;1.1;-0.96;2.06;0.09;73.19000396667988;33.233429394812674;1855.42
2021-01-14;1.21564;103.871;3814.98;55.76;22.57;1.15;-0.94;2.09;0.09;72.35868286946295;33.10383787661406;1845.29
2021-01-15;1.21522;103.824;3788.73;54.8;22.28;1.11;-0.99;2.1;0.09;73.87980574666126;33.31332116788321;1847.05
2021-01-18;1.20771;103.843;;54.21;;;;;;73.58728951004146;33.89752813134108;1828.23
2021-01-19;1.20773;103.698;3781.88;55.38;22.53;1.1;-1.0;2.1;0.09;72.95638382236321;33.22426868905742;1838.09
2021-01-20;1.21284;103.92;3816.22;55.66;22.6;1.1;-1.02;2.12;0.09;72.42260061919505;33.621990657563785;1840.53
2021-01-21;1.21102;103.568;3857.46;55.68;22.65;1.12;-0.98;2.1;0.08;72.0898313253012;33.58171695402299;1871.26
2021-01-22;1.21679;103.5105;3844.24;55.22;22.22;1.1;-0.99;2.09;0.08;72.84361493123772;33.572437522636726;1870.085
2021-01-25;1.21678;103.82;3851.68;55.44;22.35;1.05;-1.03;2.08;0.08;73.24191002367799;33.4767316017316;1855.1
2021-01-26;1.2143;103.769;3862.96;55.26;22.37;1.05;-1.03;2.08;0.08;72.63775510204081;33.492761491132825;1856.22
2021-01-27;1.21607;103.638;3836.83;55.07;22.0;1.04;-1.04;2.08;0.08;72.95449149188761;33.47666606137643;1851.24
2021-01-28;1.21089;104.074;3755.75;54.87;22.07;1.07;-1.06;2.13;0.07;69.6044578768417;33.57809367596136;1844.43
2021-01-29;1.21222;104.229;3778.05;55.25;22.19;1.11;-1.02;2.13;0.07;68.48049052396878;33.35402714932127;1842.99
2021-02-01;1.2129;104.805;3731.17;56.42;21.98;1.09;-1.02;2.11;0.08;64.07059228650138;32.97784473590925;1862.7
2021-02-02;1.2062;104.95;3791.84;57.62;21.71;1.12;-1.03;2.15;0.08;68.83782771535581;31.89812565081569;1860.45
2021-02-03;1.2044;105.017;3840.27;58.61;21.81;1.15;-1.04;2.19;0.08;68.20676831535887;31.292953420917932;1838.04
2021-02-04;1.20341;105.036;3836.66;58.98;21.95;1.15;-1.02;2.17;0.08;68.04436860068259;30.42268565615463;1833.99
2021-02-05;1.19646;105.527;3878.3;59.48;22.18;1.19;-1.02;2.21;0.08;67.42181682799702;30.446368527236046;1793.91
2021-02-08;1.20471;105.399;3892.59;60.17;22.58;1.19;-1.03;2.22;0.07;67.12907957462413;30.42396543127804;1815.29
2021-02-09;1.2052;105.241;3910.49;60.74;22.92;1.18;-1.04;2.22;0.08;67.42170883755043;30.26983865656898;1830.31
2021-02-10;1.21192;104.564;3920.78;61.17;23.33;1.15;-1.06;2.21;0.08;68.2105983791585;30.133316985450385;1837.89
2021-02-11;1.21191;104.6165;3916.4;61.09;23.3;1.16;-1.04;2.2;0.08;67.66864343958488;29.885414961532163;1843.35
2021-02-12;1.21326;104.752;3911.65;62.47;23.15;1.2;-1.01;2.21;0.08;66.81181217901687;29.154634224427724;1826.12
2021-02-15;1.21242;104.979;;63.58;;;;;;65.91248414567856;28.60734507706826;1825.55
2021-02-16;1.21276;105.3535;3939.61;63.96;23.63;1.3;-0.94;2.24;0.08;65.87591776798826;28.055972482801753;1819.165
2021-02-17;1.21028;106.101;3918.5;65.02;23.52;1.29;-0.92;2.21;0.08;64.85369548947666;27.321439557059367;1794.3
2021-02-18;1.2045;105.879;3915.86;64.09;24.02;1.29;-0.87;2.16;0.07;65.69885312615612;27.708534872835074;1777.68
2021-02-19;1.20908;105.694;3921.16;62.84;25.0;1.34;-0.8;2.14;0.07;65.51783744023538;28.3486632718014;1776.64
2021-02-22;1.21223;105.505;3885.55;64.73;25.55;1.37;-0.79;2.16;0.07;64.29850746268656;27.95241773520778;1782.17
2021-02-23;1.21604;105.065;3857.07;65.16;25.5;1.37;-0.79;2.16;0.07;65.23374277456648;27.711325966850833;1809.87
2021-02-24;1.21491;105.247;3873.71;66.85;26.14;1.38;-0.79;2.17;0.07;64.50410861021794;27.00777860882573;1806.16
2021-02-25;1.21654;105.874;3915.8;66.69;26.85;1.54;-0.6;2.14;0.07;64.50819672131148;26.55195681511471;1805.24
2021-02-26;1.21827;106.25;3839.66;65.86;25.74;1.44;-0.71;2.15;0.07;65.06516007532957;26.22957789249924;1771.85
2021-03-01;1.20762;106.553;3842.51;64.56;25.5;1.45;-0.71;2.16;0.07;64.89653875094056;26.71855638166047;1733.82
2021-03-02;1.20503;106.776;3903.64;63.17;25.71;1.42;-0.78;2.2;0.07;64.96562032884903;27.520658540446416;1724.96
2021-03-03;1.20843;106.703;3863.99;64.7;25.51;1.47;-0.74;2.21;0.07;65.58221540820237;26.445749613601233;1738.22
2021-03-04;1.20636;107.007;3818.53;67.32;25.02;1.54;-0.66;2.2;0.07;66.93611987381703;25.215389185977426;1710.98
2021-03-05;1.19751;107.976;3793.58;69.95;25.14;1.56;-0.66;2.22;0.07;67.44757744241461;24.279199428162972;1697.72
2021-03-08;1.19199;108.382;3844.39;68.0;25.0;1.59;-0.62;2.21;0.07;66.99562276163947;24.758823529411764;1703.55
2021-03-09;1.18474;108.924;3851.93;67.03;24.64;1.55;-0.66;2.21;0.07;66.1847281141535;25.603013576010742;1683.48
2021-03-10;1.19023;108.523;3891.99;67.53;24.81;1.53;-0.73;2.26;0.07;65.88019839755819;25.569672738042353;1716.11
2021-03-11;1.19267;108.429;3915.54;69.34;25.24;1.54;-0.74;2.28;0.07;65.92422502870264;24.842803576579172;1726.76
2021-03-12;1.19835;108.532;3924.52;68.87;25.29;1.64;-0.62;2.26;0.07;66.58455598455599;25.040511107884416;1722.34
2021-03-15;1.19483;109.085;3942.96;68.78;25.51;1.62;-0.65;2.27;0.07;65.99081852296322;25.184065135213725;1727.89
2021-03-16;1.19247;109.141;3973.59;67.95;25.15;1.62;-0.68;2.3;0.07;66.73542497255445;25.496467991169975;1730.77
2021-03-17;1.19019;108.998;3949.57;67.73;25.27;1.63;-0.67;2.3;0.07;66.23003013246915;25.79920271666913;1731.95
2021-03-18;1.19784;108.857;3953.5;62.11;25.26;1.71;-0.56;2.27;0.07;66.62368809839022;27.953308645950735;1747.5
2021-03-19;1.19172;108.969;3913.14;64.0;24.99;1.74;-0.57;2.31;0.07;66.5015243902439;27.265625;1735.06
2021-03-22;1.18847;108.883;3916.48;63.89;25.4;1.69;-0.64;2.33;0.07;67.45749239031389;27.229535138519328;1738.18
2021-03-23;1.19338;108.806;3937.6;59.96;25.3;1.63;-0.66;2.29;0.07;68.93513438017519;28.81054036024016;1739.65
2021-03-24;1.18473;108.623;3919.93;63.7;25.0;1.62;-0.69;2.31;0.07;69.0879945837233;27.233359497645214;1727.02
2021-03-25;1.18118;108.751;3879.34;61.21;24.5;1.63;-0.69;2.32;0.07;68.86216447801048;28.22831236726025;1734.18
2021-03-26;1.17735;109.168;3917.12;63.77;24.9;1.67;-0.67;2.34;0.07;69.10929397686478;27.16904500548847;1727.96
2021-03-29;1.17929;109.714;3969.31;64.06;24.94;1.73;-0.63;2.36;0.07;69.46789735267268;26.728223540430847;1731.7
2021-03-30;1.17665;109.8195;3963.34;63.28;24.59;1.73;-0.62;2.35;0.07;70.15799333888427;26.63076801517067;1712.37
2021-03-31;1.17177;110.3605;3967.25;63.52;24.61;1.74;-0.63;2.37;0.06;69.93979357798166;26.883658690176322;1685.595
2021-04-01;1.1728;110.731;3992.78;63.85;24.68;1.69;-0.66;2.35;0.07;69.30165471373051;27.09005481597494;1708.0
2021-04-02;;;;;;1.72;-0.64;2.36;0.07;;;
2021-04-05;1.17561;110.678;4034.44;;25.31;1.73;-0.62;2.35;0.07;69.46663987138264;;1728.6
2021-04-06;1.18135;110.15;4075.57;61.47;25.42;1.67;-0.65;2.32;0.07;69.27753934191702;28.3601756954612;1728.6
2021-04-07;1.18723;109.78;4074.29;61.86;25.07;1.68;-0.66;2.34;0.07;69.0934393638171;28.090850307145168;1743.05
2021-04-08;1.18698;109.843;4089.95;62.09;25.15;1.64;-0.69;2.33;0.07;68.98231827111984;28.27508455467869;1737.9
2021-04-09;1.19155;109.27;4096.11;61.89;25.1;1.67;-0.64;2.31;0.07;69.02891089108911;28.162546453385037;1755.65
2021-04-12;1.18974;109.711;4124.71;62.38;24.82;1.69;-0.64;2.33;0.07;69.82793359123146;27.77893555626803;1743.0
2021-04-13;1.19125;109.389;4130.1;62.83;24.95;1.64;-0.69;2.33;0.07;68.86872114587854;27.778768104408723;1732.7
2021-04-14;1.195;109.061;4141.58;66.11;25.19;1.64;-0.69;2.33;0.07;68.30501140744238;26.266071698684012;1745.65
2021-04-15;1.19792;108.939;4139.76;66.13;25.94;1.56;-0.77;2.33;0.07;68.22855816472591;26.669287766520494;1736.43
2021-04-16;1.19677;108.744;4174.14;65.98;25.99;1.59;-0.77;2.36;0.07;68.41217257318952;26.916944528645043;1763.75
2021-04-19;1.19758;108.772;4179.8;66.54;26.33;1.61;-0.73;2.34;0.07;68.594385285576;26.622332431620077;1777.5
2021-04-20;1.20374;108.154;4159.18;65.34;26.25;1.58;-0.74;2.32;0.07;68.82994776552525;27.225436179981635;1770.85
2021-04-21;1.2035;108.084;4128.42;64.02;26.17;1.57;-0.76;2.33;0.07;67.54471850875542;28.017025929397068;1778.71
2021-04-22;1.20359;108.066;4170.46;65.07;26.41;1.57;-0.76;2.33;0.07;68.21487287325559;27.419087136929466;1794.0
2021-04-23;1.20168;107.96;4138.78;65.75;26.61;1.58;-0.76;2.34;0.07;68.31923076923077;27.015969581749047;1784.43
2021-04-26;1.2095;107.949;4185.03;65.5;27.23;1.58;-0.78;2.36;0.07;67.93478260869566;27.19465648854962;1776.05
2021-04-27;1.20869;108.094;4188.25;66.25;27.6;1.63;-0.76;2.39;0.07;67.64840269580779;26.81735849056604;1781.26
2021-04-28;1.20895;108.709;4185.14;67.08;27.5;1.63;-0.78;2.41;0.07;67.98817019652739;26.559779367918907;1776.7
2021-04-29;1.21255;108.6;4206.14;68.26;27.78;1.65;-0.77;2.42;0.06;67.89386973180076;25.96000585994726;1782.3
2021-04-30;1.21229;108.938;4198.1;67.73;27.72;1.65;-0.76;2.41;0.05;68.33938925396212;26.1027609626458;1772.88
2021-05-03;1.20289;109.292;4191.98;;27.7;1.63;-0.79;2.42;0.06;66.6280819754371;;1770.46
2021-05-04;1.20642;109.0645;4179.04;68.91;27.89;1.61;-0.81;2.42;0.06;67.08580049028852;25.81308953707735;1794.015
2021-05-05;1.20116;109.315;4177.06;69.71;27.78;1.59;-0.88;2.47;0.06;67.44140403849782;25.63276430928131;1779.01
2021-05-06;1.20069;109.202;4169.14;68.62;28.2;1.58;-0.87;2.45;0.06;66.46257506957669;26.44943165257942;1787.23
2021-05-07;1.20637;109.085;4210.34;68.73;29.02;1.6;-0.89;2.49;0.06;66.74426229508197;26.65691837625491;1815.08
2021-05-10;1.21686;108.626;4228.29;68.61;29.56;1.63;-0.91;2.54;0.06;67.24592565464201;26.76213379973765;1832.78
2021-05-11;1.21314;108.854;4150.34;68.83;29.13;1.64;-0.89;2.53;0.06;66.52751629254163;26.696062763329945;1836.11
2021-05-12;1.21497;108.613;4130.55;69.62;29.18;1.69;-0.85;2.54;0.06;67.18515228896044;26.07598391266877;1837.51
2021-05-13;1.20713;109.669;4074.99;67.36;28.93;1.66;-0.85;2.51;0.06;67.41469356118627;27.115498812351543;1815.92
2021-05-14;1.20821;109.4545;4129.58;69.24;28.75;1.63;-0.88;2.51;0.06;67.22874863188618;26.613807047949166;1826.49
2021-05-17;1.21418;109.281;4169.92;69.62;28.85;1.64;-0.9;2.54;0.06;66.2520405990489;26.814852054007467;1842.4
2021-05-18;1.2153;109.21;4165.94;69.01;29.33;1.64;-0.88;2.52;0.06;66.30785600283738;27.091001304158816;1865.7
2021-05-19;1.22245;108.899;4098.45;66.88;28.38;1.68;-0.8;2.48;0.06;67.40652605011718;27.953349282296653;1869.61
2021-05-20;1.21765;109.193;4121.97;65.18;28.25;1.63;-0.78;2.41;0.06;67.61102106969206;28.800552316661552;1869.71
2021-05-21;1.22295;108.777;4168.61;66.72;28.0;1.63;-0.8;2.43;0.06;68.28550671994188;28.17595923261391;1877.65
2021-05-24;1.21801;108.92;4170.16;68.59;27.72;1.61;-0.83;2.44;0.06;67.73064458048253;27.422073188511444;1881.99
2021-05-25;1.22163;108.769;4205.94;68.8;27.8;1.56;-0.86;2.42;0.06;67.83683383340478;27.604069767441864;1881.11
2021-05-26;1.225;108.77;4191.59;68.93;27.75;1.58;-0.82;2.4;0.06;68.52565028901734;27.517626577687505;1899.09
2021-05-27;1.21945;109.132;4201.94;69.43;28.17;1.61;-0.81;2.42;0.06;68.09472512478006;27.31340918911133;1896.42
2021-05-28;1.21945;109.846;4210.77;69.36;28.43;1.58;-0.84;2.42;0.05;68.20085929108485;27.463235294117645;1897.53
2021-05-31;1.21969;109.841;;;;;;;;68.00228249433835;;1903.54
2021-06-01;1.22264;109.582;4216.52;70.03;28.69;1.62;-0.84;2.46;0.06;68.12820420894131;27.13551335142082;1907.4
2021-06-02;1.22143;109.472;4206.82;70.6;28.47;1.59;-0.85;2.44;0.06;67.73435558868421;27.02946175637394;1900.07
2021-06-03;1.22119;109.564;4191.43;70.71;27.67;1.63;-0.79;2.42;0.06;68.19379887351671;26.454391175222742;1907.96
2021-06-04;1.21272;110.2975;4206.05;71.3;27.92;1.56;-0.84;2.4;0.06;68.08963282937364;26.529172510518936;1871.005
2021-06-07;1.21656;109.514;4229.34;70.89;27.71;1.57;-0.82;2.39;0.06;68.10032629352075;26.79150797009451;1891.66
2021-06-08;1.21916;109.257;4233.81;71.39;27.63;1.53;-0.83;2.36;0.06;68.56133869390416;26.51505813139095;1899.0
2021-06-09;1.2173;109.486;4232.99;71.31;27.89;1.5;-0.82;2.32;0.06;68.00936262153402;26.484644509886408;1892.14
2021-06-10;1.21787;109.631;4228.56;71.65;27.58;1.45;-0.9;2.35;0.06;67.80718674096299;26.494487090020932;1888.84
2021-06-11;1.21741;109.35;4242.9;72.05;28.17;1.47;-0.85;2.32;0.06;67.23260188087774;26.046217904233174;1898.44
2021-06-14;1.21088;109.648;4248.31;72.27;27.84;1.51;-0.85;2.36;0.06;66.98456568557071;25.822471288224715;1877.82
2021-06-15;1.21201;110.076;4255.28;73.38;26.88;1.51;-0.87;2.38;0.06;67.20173535791757;25.331152902698285;1866.47
2021-06-16;1.21292;110.053;4248.87;73.88;26.72;1.57;-0.75;2.32;0.06;67.13666345512488;24.522874932322686;1859.38
2021-06-17;1.19935;110.65;4220.37;72.92;26.41;1.52;-0.75;2.27;0.1;68.45093800663939;24.31829402084476;1811.93
2021-06-18;1.19074;110.253;4204.78;73.1;25.67;1.45;-0.79;2.24;0.1;68.39631246967491;24.104787961696307;1773.05
2021-06-21;1.18659;110.243;4173.4;74.49;25.5;1.5;-0.75;2.25;0.1;68.7015989212098;23.938112498321924;1764.69
2021-06-22;1.19189;110.301;4224.61;74.92;25.79;1.48;-0.83;2.31;0.1;69.02747593914933;23.74132407901762;1783.02
2021-06-23;1.19404;110.657;4249.27;75.22;26.19;1.5;-0.84;2.34;0.1;68.72874806800618;23.64663653283701;1779.0
2021-06-24;1.19277;110.98;4256.97;75.95;26.36;1.49;-0.81;2.3;0.1;68.44875453073186;23.372613561553653;1778.49
2021-06-25;1.19321;110.8695;4274.45;76.45;26.4;1.54;-0.8;2.34;0.1;68.25431530494822;23.275212557226947;1775.51
2021-06-28;1.19369;110.801;4284.9;74.78;26.29;1.49;-0.84;2.33;0.1;68.14200321863744;23.781358652046;1781.11
2021-06-29;1.19262;110.619;4293.21;75.38;26.09;1.49;-0.83;2.32;0.1;68.3286129970902;23.363889625895464;1778.27
2021-06-30;1.18988;110.566;4290.65;76.94;26.47;1.45;-0.87;2.32;0.08;67.72553370571582;23.00766831297115;1761.71
2021-07-01;1.1859;111.096;4300.73;76.69;26.39;1.48;-0.87;2.35;0.1;68.26865442250057;23.168079280219064;1770.03
2021-07-02;1.18496;111.534;4326.6;77.51;26.2;1.44;-0.89;2.33;0.1;67.52152567975831;23.067604180105793;1777.05
2021-07-05;1.18686;110.983;;78.34;;;;;;67.67047493154566;22.871393923921367;1787.48
2021-07-06;1.18624;110.9765;4356.46;75.81;26.57;1.37;-0.94;2.31;0.1;68.71443866625879;23.70426065162907;1792.1
2021-07-07;1.18219;110.63;4351.01;74.31;26.54;1.33;-0.95;2.28;0.1;68.99961744452946;24.271968779437493;1796.96
2021-07-08;1.17936;110.642;4321.07;75.07;26.1;1.3;-0.92;2.22;0.1;69.52753779697625;24.01372052750766;1803.97
2021-07-09;1.18456;109.759;4329.38;77.14;26.5;1.37;-0.91;2.28;0.1;69.23162327718224;23.442183043816435;1802.95
2021-07-12;1.18763;110.143;4372.41;76.77;26.3;1.38;-0.95;2.33;0.1;68.95132658904372;23.527159046502543;1808.02
2021-07-13;1.1862;110.344;4381.07;77.5;26.19;1.42;-0.94;2.36;0.1;69.57776836919287;23.32516129032258;1806.36
2021-07-14;1.1778;110.621;4380.11;75.74;26.29;1.37;-0.97;2.34;0.1;69.62755519993904;24.127409559017696;1808.25
2021-07-15;1.18369;109.964;4369.02;74.53;26.28;1.31;-1.01;2.32;0.1;69.44353767318277;24.547028042399035;1827.4
2021-07-16;1.18124;109.833;4367.43;74.46;26.5;1.31;-1.02;2.33;0.1;70.57716289945441;24.32191780821918;1829.43
2021-07-19;1.18087;110.026;4296.4;69.33;25.92;1.19;-1.05;2.24;0.1;71.98244359707658;26.139189384105006;1811.35
2021-07-20;1.17972;109.479;4265.11;70.03;25.81;1.23;-1.03;2.26;0.1;72.58500400962309;25.849921462230473;1812.75
2021-07-21;1.17817;109.87;4331.13;72.54;26.09;1.3;-0.98;2.28;0.1;71.39220964294196;24.862282878411907;1810.68
2021-07-22;1.17967;110.288;4361.27;74.25;26.5;1.27;-1.01;2.28;0.1;71.05924454843975;24.335757575757576;1803.8
2021-07-23;1.17714;110.1365;4381.2;74.86;26.69;1.3;-1.05;2.35;0.1;71.52442776884443;24.06425327277585;1807.225
2021-07-26;1.17746;110.541;4409.58;74.79;27.79;1.29;-1.11;2.4;0.1;71.35688765383088;24.033694344163656;1802.36
2021-07-27;1.18029;110.377;4416.38;74.87;28.08;1.25;-1.13;2.38;0.1;72.86483859208555;24.02778148791238;1797.53
2021-07-28;1.18182;109.775;4402.95;75.09;27.67;1.26;-1.15;2.41;0.1;72.37864466517142;24.0664535890265;1799.02
2021-07-29;1.18445;109.936;4403.59;76.3;27.62;1.28;-1.15;2.43;0.1;71.65641045741387;23.960288335517696;1807.38
2021-07-30;1.18886;109.479;4395.12;77.72;27.82;1.24;-1.16;2.4;0.07;71.18956043956044;23.339037570766855;1828.31
2021-08-02;1.18657;109.663;4406.86;73.91;27.6;1.2;-1.17;2.37;0.1;71.37408486184366;24.534298471113516;1814.2
2021-08-03;1.18718;109.318;4392.74;73.24;26.67;1.19;-1.19;2.38;0.1;70.93046033300686;24.7200983069361;1813.44
2021-08-04;1.18634;109.051;4415.95;70.99;26.68;1.19;-1.16;2.35;0.1;71.36701981016896;25.52584871108607;1810.7
2021-08-05;1.18367;109.4795;4408.86;72.14;26.59;1.23;-1.1;2.33;0.1;71.75657672346941;25.011851954532855;1811.97
2021-08-06;1.18345;109.7675;4429.07;71.02;26.96;1.31;-1.06;2.37;0.1;72.41325407762398;24.78639819769079;1804.55
2021-08-09;1.17595;110.259;4437.77;69.65;26.29;1.33;-1.04;2.37;0.1;73.77063163730968;24.834170854271356;1763.53
2021-08-10;1.17388;110.326;4435.79;71.14;26.35;1.36;-1.04;2.4;0.1;74.0820873141682;24.306297441664324;1730.26
2021-08-11;1.17206;110.554;4442.18;71.99;26.74;1.35;-1.07;2.42;0.1;74.39923550647696;24.33296291151549;1729.3
2021-08-12;1.1741;110.437;4446.08;71.79;26.7;1.36;-1.05;2.41;0.1;75.60760968034165;24.413706644379438;1751.18
2021-08-13;1.17314;110.425;4464.84;70.9;26.87;1.29;-1.08;2.37;0.1;74.9818718381113;25.085613540197457;1752.68
2021-08-16;1.17971;109.626;4461.65;70.07;26.68;1.26;-1.1;2.36;0.1;74.95596376446905;25.506636220921937;1789.0
2021-08-17;1.17776;109.281;4462.12;69.4;26.01;1.26;-1.07;2.33;0.1;75.49496998901006;25.735734870317;1787.59
2021-08-18;1.17113;109.578;4440.94;68.61;25.46;1.27;-1.05;2.32;0.09;76.02551562832235;26.05655152310159;1786.24
2021-08-19;1.17101;109.794;4382.44;66.8;24.74;1.24;-1.04;2.28;0.09;76.58120025812002;26.64865269461078;1787.6
2021-08-20;1.16777;109.761;4410.56;65.51;25.0;1.26;-1.01;2.27;0.09;77.3515625;27.204701572279042;1780.32
2021-08-23;1.16968;109.759;4450.29;69.07;25.73;1.25;-1.02;2.27;0.09;76.38125052880955;26.140147676270452;1786.95
2021-08-24;1.17464;109.686;4484.4;71.21;26.12;1.29;-1.01;2.3;0.09;75.5383777442601;25.318775452885834;1805.3
2021-08-25;1.17564;109.651;4490.45;72.12;26.28;1.35;-1.0;2.35;0.09;75.12479550316709;24.83222407099279;1803.07
2021-08-26;1.17717;110.01;4493.75;70.42;26.16;1.34;-0.99;2.33;0.09;76.08431688885115;25.448594149389375;1790.96
2021-08-27;1.17554;110.062;4474.1;72.26;26.25;1.31;-1.08;2.39;0.08;75.5484004985459;25.165375034597286;1792.96
2021-08-30;1.17963;109.8535;4513.76;;26.88;1.29;-1.08;2.37;0.08;75.30880119817778;;1818.41
2021-08-31;1.17984;109.9025;4529.75;73.45;26.77;1.3;-1.03;2.33;0.06;75.90440114685138;24.68985704560926;1810.075
2021-09-01;1.18093;110.0065;4528.8;71.99;26.17;1.31;-1.03;2.34;0.08;75.12082996831708;25.195582719822198;1814.095
2021-09-02;1.18399;110.0235;4534.48;73.56;26.1;1.29;-1.03;2.32;0.08;75.7235217809767;24.599850462207723;1813.85
2021-09-03;1.18749;109.9445;4532.42;73.07;26.43;1.33;-1.01;2.34;0.08;74.00594912887756;25.026002463391272;1809.3
2021-09-06;1.18792;109.7755;;72.43;;;;;;73.83708923039542;25.174237194532648;1830.355
2021-09-07;1.18711;109.842;4535.38;71.52;26.33;1.38;-0.98;2.36;0.08;73.78441168609552;25.089485458612977;1823.3
2021-09-08;1.18454;110.272;4518.09;72.36;26.11;1.35;-1.03;2.38;0.08;74.73965621671297;24.726782752902157;1794.42
2021-09-09;1.18185;110.2835;4513.02;71.32;26.24;1.3;-1.08;2.38;0.08;74.6417652808685;25.161245092540664;1789.14
2021-09-10;1.18256;109.743;4506.92;72.44;26.99;1.35;-1.05;2.4;0.08;75.26257077308412;24.68111540585312;1794.6
2021-09-13;1.18155;109.8755;4474.81;72.97;26.95;1.33;-1.04;2.37;0.08;75.53557516160957;24.5803754967795;1787.9
2021-09-14;1.18111;110.0035;4479.33;73.05;26.6;1.28;-1.05;2.33;0.08;75.63486242377249;24.703764544832307;1793.5
2021-09-15;1.18061;109.7045;4447.49;74.84;26.72;1.31;-1.04;2.35;0.08;75.22173065229698;23.96813201496526;1804.515
2021-09-16;1.18161;109.365;4477.09;75.14;26.45;1.34;-1.01;2.35;0.08;76.54639512802044;23.33524088368379;1794.35
2021-09-17;1.17684;109.726;4469.74;74.64;26.5;1.37;-0.96;2.33;0.08;78.22135887645969;23.46797963558414;1754.195
2021-09-20;1.1729;109.949;4402.95;73.59;25.43;1.31;-0.98;2.29;0.08;79.19796179487756;23.971939122163338;1754.5
2021-09-21;1.17275;109.4095;4374.45;73.65;24.98;1.33;-0.96;2.29;0.08;78.87918194953873;24.08947725729803;1764.6
2021-09-22;1.17258;109.2265;4367.43;75.5;25.95;1.32;-0.96;2.28;0.08;77.89964094543693;23.419933774834437;1774.15
2021-09-23;1.16934;109.79;4406.75;76.44;25.8;1.41;-0.9;2.31;0.08;77.40611605854005;22.799058084772373;1768.65
2021-09-24;1.1739;110.314;4438.04;77.42;25.9;1.47;-0.87;2.34;0.08;78.07442172309756;22.561611986566778;1743.3
2021-09-27;1.17206;110.7175;4442.12;78.85;26.17;1.48;-0.87;2.35;0.08;77.33815016129745;22.195117311350668;1751.735
2021-09-28;1.16978;110.985;4419.54;78.3;26.17;1.54;-0.84;2.38;0.08;77.20595765523076;22.14469987228608;1750.25
2021-09-29;1.16847;111.5055;4362.41;77.86;25.94;1.55;-0.82;2.37;0.08;80.16670923401982;22.17248908296943;1734.2
2021-09-30;1.15976;111.9625;4370.67;77.81;25.03;1.52;-0.85;2.37;0.06;79.22684945097066;22.57929572034443;1726.13
2021-10-01;1.15822;111.2965;4317.16;79.4;25.45;1.48;-0.9;2.38;0.08;78.22011865875608;22.167128463476068;1756.8
2021-10-04;1.15958;110.942;4348.84;81.44;26.19;1.49;-0.89;2.38;0.08;78.01247712893769;21.726915520628683;1760.08
2021-10-05;1.16208;110.9155;4309.87;82.72;25.48;1.54;-0.91;2.45;0.08;77.80032270185443;21.276112185686653;1769.425
2021-10-06;1.15967;111.4745;4319.57;81.39;25.46;1.53;-0.9;2.43;0.08;77.92612568801256;21.6568374493181;1760.03
2021-10-07;1.1555;111.422;4383.73;82.34;25.76;1.58;-0.88;2.46;0.08;77.69504880370067;21.316128248724798;1763.07
2021-10-08;1.15561;111.624;4406.51;82.17;26.2;1.61;-0.89;2.5;0.08;77.57843375356016;21.381039308750154;1756.09
2021-10-11;1.15721;112.2345;4385.44;83.75;26.7;;;;;77.67961917413928;20.945671641791044;1757.565
2021-10-12;1.15544;113.334;4368.31;83.53;26.8;1.59;-0.9;2.49;0.08;78.01041551246537;21.071591045133484;1754.075
2021-10-13;1.15299;113.611;4358.01;83.53;26.91;1.56;-0.96;2.52;0.08;77.64978455275751;21.465940380701543;1760.14
2021-10-14;1.15985;113.258;4386.75;83.86;28.21;1.52;-1.0;2.52;0.08;76.36583965814147;21.41676603863582;1792.85
2021-10-15;1.1599;113.6695;4447.69;84.67;29.04;1.59;-0.97;2.56;0.08;75.82077393075356;20.88496515885201;1795.99
2021-10-18;1.1601;114.261;4463.72;84.13;28.92;1.59;-0.95;2.54;0.08;76.08346086694112;20.97789135861167;1767.875
2021-10-19;1.16112;114.319;4497.34;85.02;28.78;1.65;-0.89;2.54;0.08;74.76666314566388;20.813220418725006;1765.02
2021-10-20;1.16319;114.3715;4524.42;85.76;28.76;1.65;-0.92;2.57;0.08;73.3395065539025;20.77938432835821;1769.36
2021-10-21;1.16491;114.341;4532.24;84.58;28.1;1.68;-0.96;2.64;0.08;73.81249094334154;21.07862378812958;1782.2
2021-10-22;1.16255;114.009;4546.12;85.43;27.79;1.66;-0.98;2.64;0.08;73.73086485709003;21.001170548987474;1783.34
2021-10-25;1.16382;113.5435;4553.69;84.85;27.69;1.64;-1.02;2.66;0.08;73.57019310990376;21.305008839127876;1794.33
2021-10-26;1.16117;113.712;4578.69;85.11;27.66;1.63;-1.06;2.69;0.08;74.22119186106683;21.06509223358007;1807.38
2021-10-27;1.15933;114.1515;4580.22;84.12;26.96;1.54;-1.11;2.65;0.08;74.67120982319088;21.3623395149786;1793.26
2021-10-28;1.16024;113.825;4562.84;83.4;27.13;1.57;-1.0;2.57;0.08;74.71745135095843;21.569064748201438;1796.67
2021-10-29;1.1682;113.565;4572.87;83.1;26.9;1.55;-0.96;2.51;0.07;74.66214376949976;21.453910950661854;1799.6
2021-11-01;1.15615;114.142;4610.62;84.51;26.71;1.58;-0.92;2.5;0.08;74.6192766568805;21.203052893148737;1780.88
2021-11-02;1.16021;114.047;4613.34;84.42;26.89;1.56;-0.95;2.51;0.08;75.99302617311248;21.169035773513382;1791.86
2021-11-03;1.15793;113.966;4630.65;81.1;26.7;1.6;-0.93;2.53;0.08;75.19340412454166;21.872379778051787;1787.11
2021-11-04;1.16111;113.989;4662.93;80.15;26.75;1.53;-1.03;2.56;0.08;75.35090117562936;22.35096693699314;1773.86
2021-11-05;1.15531;113.824;4699.26;82.43;26.47;1.45;-1.09;2.54;0.08;75.24634262420592;22.057685308746812;1791.47
2021-11-08;1.15634;113.4325;4701.48;83.22;26.83;1.51;-1.11;2.62;0.08;74.59143412041296;21.92165344869022;1818.165
2021-11-09;1.15856;113.248;4707.25;84.52;26.84;1.46;-1.17;2.63;0.08;75.35759096612296;21.673331755797445;1824.89
2021-11-10;1.15937;112.8975;4670.26;82.91;26.83;1.56;-1.14;2.7;0.08;75.05671787171005;22.30563261367748;1831.91
2021-11-11;1.14795;113.875;4659.39;83.4;26.96;;;;;73.72651501653105;22.326139088729015;1849.77
2021-11-12;1.14492;114.065;4655.24;82.9;27.0;1.58;-1.15;2.73;0.08;73.7449860696714;22.510012062726172;1861.86
2021-11-15;1.14434;113.977;4689.3;81.94;27.16;1.63;-1.13;2.76;0.08;74.32025374533703;22.733707590920186;1867.85
2021-11-16;1.13675;114.1365;4679.42;82.85;26.6;1.63;-1.1;2.73;0.08;74.51646028390215;22.334701267350635;1862.91
2021-11-17;1.13218;114.8355;4701.5;80.67;26.25;1.6;-1.1;2.7;0.08;74.44557396001515;23.149002107350935;1850.32
2021-11-18;1.13199;114.1565;4700.72;82.45;25.9;1.59;-1.14;2.73;0.08;74.9394287557195;22.54590661006671;1866.9
2021-11-19;1.13717;114.2565;4708.44;80.24;26.81;1.54;-1.11;2.65;0.08;75.12130640798811;23.01807078763709;1859.23
2021-11-22;1.12836;114.03;4712.0;80.97;26.72;1.63;-0.98;2.61;0.08;74.62631024002977;22.289736939607263;1847.07
2021-11-23;1.12373;114.852;4678.48;83.43;27.0;1.67;-0.95;2.62;0.08;75.61951858661425;21.444564305405727;1807.295
2021-11-24;1.12492;115.1095;4675.78;82.37;27.25;1.64;-0.97;2.61;0.08;75.94913059170719;21.71470195459512;1789.28
2021-11-25;1.12008;115.4255;;82.05;;;;;;75.78480181344406;21.799329677026204;1788.34
2021-11-26;1.12079;115.349;4664.63;72.37;26.43;1.48;-1.07;2.55;0.08;77.42454684900729;24.759914329141907;1788.705
2021-11-29;1.13;113.4995;4628.75;73.34;26.58;1.52;-1.02;2.54;0.08;77.91281950538057;24.334742296154893;1791.875
2021-11-30;1.129;113.63;4640.25;70.86;26.4;1.43;-1.07;2.5;0.07;77.71788865293254;25.048828676263053;1785.15
2021-12-01;1.13386;113.187;4602.82;69.53;26.16;1.43;-1.01;2.44;0.08;79.78105621348139;25.627355098518624;1775.085
2021-12-02;1.13178;112.8305;4504.73;70.56;26.0;1.44;-1.03;2.47;0.08;78.99309821089544;25.060941043083897;1781.97
2021-12-03;1.13012;113.1915;4589.49;70.71;26.14;1.35;-1.08;2.43;0.08;79.08274378479075;25.21510394569368;1769.75
2021-12-06;1.13098;112.8965;4548.37;73.38;26.26;1.43;-1.01;2.44;0.08;79.44075935231714;24.236576723902974;1785.3
2021-12-07;1.12835;113.495;4631.97;75.54;26.57;1.48;-0.99;2.47;0.08;79.29820662681392;23.618877415938574;1778.935
2021-12-08;1.1269;113.57;4690.86;75.94;26.53;1.52;-1.0;2.52;0.08;79.4869051599242;23.48024756386621;1784.575
2021-12-09;1.13419;113.7455;4691.0;74.1;26.36;1.49;-0.98;2.47;0.08;80.8309997040275;23.95641025641026;1783.25
2021-12-10;1.1293;113.473;4687.64;74.98;26.32;1.48;-0.96;2.44;0.08;80.39591459427773;23.778340890904243;1776.02
2021-12-13;1.13118;113.4265;4710.3;74.12;26.2;1.42;-0.98;2.4;0.08;79.99641809756207;24.10523475445224;1783.395
2021-12-14;1.12828;113.58;4642.99;73.37;26.05;1.44;-0.93;2.37;0.08;80.6752169852154;24.133842169824177;1786.15
2021-12-15;1.12572;113.7465;4636.46;73.71;25.36;1.47;-0.92;2.39;0.08;80.45134566196609;24.10975444308778;1771.32
2021-12-16;1.1294;114.045;4719.13;74.64;26.37;1.44;-0.98;2.42;0.08;80.03158152258524;24.105439442658092;1778.36
2021-12-17;1.13311;113.7165;4652.5;72.97;26.28;1.41;-0.97;2.38;0.08;80.31569298186778;24.61477319446348;1799.16
2021-12-20;1.12372;113.694;4587.9;70.51;26.16;1.43;-0.96;2.39;0.08;80.43385506725653;25.399234151184228;1800.04
2021-12-21;1.12784;113.628;4594.96;72.85;26.48;1.48;-0.96;2.44;0.08;79.45504208212121;24.556897735072067;1791.56
2021-12-22;1.12808;114.078;4650.36;74.69;26.7;1.46;-1.01;2.47;0.08;79.1096295971403;24.148614272325613;1788.7
2021-12-23;1.13249;114.1185;4703.96;76.26;26.65;1.5;-0.97;2.47;0.08;79.04070974367939;23.71584054550223;1803.935
2021-12-24;1.13289;114.4385;;75.24;;;;;0.08;;;
2021-12-27;1.13187;114.3715;4733.99;;26.8;1.48;-1.02;2.5;0.08;78.57802640993951;;1808.005
2021-12-28;1.13271;114.877;4795.49;;27.24;1.49;-1.01;2.5;0.08;78.47878511373264;;1811.67
2021-12-29;1.13068;114.81;4788.64;78.63;26.86;1.55;-0.98;2.53;0.08;79.04067284315659;22.94772987409386;1806.19
2021-12-30;1.13467;114.99;4794.23;78.61;26.9;1.52;-1.06;2.58;0.08;78.7574593667947;23.08472204554128;1804.48
2021-12-31;1.13232;115.0685;4775.21;77.24;27.03;1.52;-1.04;2.56;0.07;78.63236842670793;23.685914034179184;1815.085
2022-01-03;1.13751;115.11;4778.14;78.25;26.66;1.63;-0.97;2.6;0.08;78.6654147651593;23.020063897763578;1830.05
2022-01-04;1.12957;115.343;4804.51;79.39;27.01;1.66;-0.91;2.57;0.08;78.72795505325496;22.85728681194105;1802.37
2022-01-05;1.12848;116.144;4787.99;80.6;27.02;1.71;-0.82;2.53;0.08;79.41087447634504;22.460173697270474;1814.09
2022-01-06;1.13103;116.1275;4693.39;81.99;26.42;1.73;-0.73;2.46;0.08;80.69476672148505;21.843883400414686;1810.76
2022-01-07;1.12967;115.8545;4697.66;82.28;26.63;1.76;-0.72;2.48;0.08;80.50613050007846;21.825595527467183;1791.22
2022-01-10;1.1358;115.6155;4655.34;81.56;26.7;1.78;-0.7;2.48;0.08;80.1895987716136;22.090975968612064;1796.0
2022-01-11;1.13276;115.217;4669.14;84.98;26.83;1.75;-0.79;2.54;0.08;79.95698263942234;21.43492586490939;1800.79
2022-01-12;1.13689;115.325;4728.59;85.83;27.7173;1.74;-0.74;2.48;0.08;78.9107092704215;21.277758359547946;1820.82
2022-01-13;1.1441;114.6815;4733.56;85.8;27.73;1.7;-0.73;2.43;0.08;78.94748240389822;21.243589743589745;1825.9
2022-01-14;1.1457;114.185;4637.99;87.17;27.0;1.78;-0.66;2.44;0.08;79.17365817516179;20.83973844212458;1821.585
2022-01-17;1.14165;114.23;;87.82;;;;;;79.01387652283438;20.7157253473013;1817.73
2022-01-18;1.14082;114.6035;4632.24;88.83;26.94;1.87;-0.59;2.46;0.08;77.25079324517131;20.418890014634695;1818.85
2022-01-19;1.13279;114.601;4588.03;89.64;27.28;1.83;-0.57;2.4;0.08;76.23102569943465;20.532797858099062;1813.67
2022-01-20;1.13422;114.364;4547.35;89.75;27.59;1.83;-0.5;2.33;0.08;75.16087516087515;20.496935933147633;1839.8
2022-01-21;1.13125;114.113;4471.38;89.75;27.8;1.75;-0.59;2.34;0.08;75.60435024867408;20.409805013927578;1839.34
2022-01-24;1.13418;113.6745;4356.32;87.74;26.94;1.75;-0.63;2.38;0.08;76.85478995100594;21.007180305447918;1834.54
2022-01-25;1.13262;113.9665;4366.64;89.49;27.02;1.78;-0.63;2.41;0.08;77.61259842519685;20.652028159570904;1842.99
2022-01-26;1.13033;113.8585;4408.43;91.22;27.34;1.85;-0.53;2.38;0.08;77.33619535417509;19.94573558430169;1847.955
2022-01-27;1.12412;114.6735;4380.58;90.7;27.25;1.81;-0.59;2.4;0.08;78.90588984260093;19.814773980154357;1820.015
2022-01-28;1.11455;115.314;4336.19;91.47;26.46;1.78;-0.66;2.44;0.08;79.83353787794265;19.55690390291899;1798.075
2022-01-31;1.11457;115.3175;4431.79;92.35;26.11;1.79;-0.65;2.44;0.08;79.99421412199301;19.46237141310233;1790.41
2022-02-01;1.12317;115.12;4519.57;90.24;26.99;1.81;-0.62;2.43;0.08;79.55257171882246;19.95910904255319;1797.985
2022-02-02;1.12709;114.7;4566.39;91.43;27.27;1.78;-0.63;2.41;0.08;79.75898828047409;19.76265995843815;1800.655
2022-02-03;1.13039;114.4455;4535.41;92.99;27.22;1.82;-0.56;2.38;0.08;80.49325454342735;19.409183783202494;1807.07
2022-02-04;1.14401;114.9705;4482.79;96.86;27.26;1.93;-0.48;2.41;0.08;80.34883462572489;18.66745818707413;1805.39
2022-02-07;1.14568;115.278;4505.75;97.28;27.23;1.92;-0.48;2.4;0.08;79.11779405054214;18.714432565789473;1807.59
2022-02-08;1.14407;115.088;4480.02;96.07;27.1;1.96;-0.46;2.42;0.08;78.74382802561504;19.00728635370043;1820.93
2022-02-09;1.14178;115.5535;4547.0;94.95;27.61;1.94;-0.48;2.42;0.08;78.62354429836789;19.304791995787255;1826.01
2022-02-10;1.14215;115.5475;4553.24;96.37;28.36;2.03;-0.42;2.45;0.08;78.748086995883;18.954861471412265;1832.76
2022-02-11;1.14279;116.048;4506.27;97.5;27.53;1.92;-0.51;2.43;0.08;78.82562202223399;19.08994871794872;1826.775
2022-02-14;1.13435;115.447;4412.61;101.66;27.24;1.98;-0.5;2.48;0.08;78.45802326800127;18.408616958489084;1861.01
2022-02-15;1.13051;115.545;4429.28;98.43;27.66;2.05;-0.43;2.48;0.08;79.32849714322398;18.83114903992685;1871.49
2022-02-16;1.13579;115.6265;4455.75;97.44;27.55;2.03;-0.43;2.46;0.08;79.25602492634434;19.1872947454844;1853.83
2022-02-17;1.13759;115.467;4456.06;95.28;27.64;1.97;-0.46;2.43;0.08;79.64924793891208;19.924433249370278;1869.75
2022-02-18;1.13613;114.948;4384.57;96.18;27.75;1.92;-0.49;2.41;0.08;79.28572921237958;19.723747140777707;1898.63
2022-02-21;1.13206;114.982;;98.95;;;;;;79.47719920692894;19.24279939363315;1901.16
2022-02-22;1.13075;114.702;4332.74;98.73;27.59;1.94;-0.51;2.45;0.08;78.7575449586194;19.2291096931024;1908.21
2022-02-23;1.13265;115.0625;4324.93;99.29;27.46;1.99;-0.54;2.53;0.08;77.76266215913488;19.228421794742673;1898.94
2022-02-24;1.13046;114.9905;4155.77;101.29;27.28;1.96;-0.59;2.55;0.08;78.60873155124368;18.79849935827821;1910.4
2022-02-25;1.1196;115.5085;4298.38;98.56;27.26;1.97;-0.57;2.54;0.08;77.97876069697907;19.184151785714285;1906.015
2022-02-28;1.11521;115.5155;4354.17;103.08;27.4;1.83;-0.79;2.62;0.08;78.06236581126674;18.517850213426463;1889.24
2022-03-01;1.12203;115.0025;4363.14;110.93;27.83;1.72;-0.9;2.62;0.08;76.65707698673864;17.5347967186514;1907.645
2022-03-02;1.11198;114.905;4322.56;118.94;28.38;1.86;-0.85;2.71;0.08;76.23050927847277;16.21548680006726;1944.305
2022-03-03;1.11195;115.522;4401.31;115.36;29.0;1.86;-0.83;2.69;0.08;76.88804177338336;16.78493411927878;1928.965
2022-03-04;1.10661;115.468;4342.12;123.86;29.63;1.74;-0.93;2.67;0.08;76.88243684179676;15.88454706927176;1937.23
2022-03-07;1.09263;114.9155;4327.01;129.02;28.87;1.78;-0.99;2.77;0.08;77.8056902494596;15.483645946364904;1970.93
2022-03-08;1.08531;115.334;4202.66;133.18;28.65;1.86;-1.04;2.9;0.08;77.61661366045738;15.392776693197177;1996.775
2022-03-09;1.09012;115.679;4223.1;116.58;28.0;1.94;-0.9;2.84;0.08;77.26953587152583;17.08672156459084;2049.48
2022-03-10;1.10692;115.876;4252.55;114.54;28.34;1.98;-0.88;2.86;0.08;77.0471689013215;17.43382224550375;1991.62
2022-03-11;1.09879;116.1355;4279.5;118.11;28.35;2.0;-0.94;2.94;0.08;76.7840752860988;16.78672424011515;1997.12
2022-03-14;1.09281;117.521;4202.75;110.39;27.6;2.14;-0.79;2.93;0.08;77.83550128483496;17.69825165322946;1980.54
2022-03-15;1.09362;118.285;4188.82;105.14;27.23;2.15;-0.69;2.84;0.08;77.0154532483974;18.225794179189652;1953.56
2022-03-16;1.09649;118.313;4288.14;104.61;27.77;2.19;-0.61;2.8;0.08;76.83630922693267;18.408469553579963;1916.25
2022-03-17;1.10187;118.853;4345.11;113.5;28.42;2.2;-0.71;2.91;0.33;76.62555013913833;17.103700440528634;1925.86
2022-03-18;1.10938;118.558;4407.34;114.32;28.65;2.14;-0.72;2.86;0.33;76.93290351000141;16.804846046186146;1941.27
2022-03-21;1.10448;119.282;4462.4;122.29;28.67;2.32;-0.58;2.9;0.33;76.74508016409362;15.833183416469048;1920.22
2022-03-22;1.10208;119.474;4469.1;121.53;28.75;2.38;-0.53;2.91;0.33;77.51851328719304;15.805726980992347;1936.24
2022-03-23;1.1031;121.188;4493.1;127.52;28.88;2.32;-0.62;2.94;0.33;77.34279636587742;15.254156210790464;1920.74
2022-03-24;1.10032;121.101;4469.98;123.98;29.2;2.34;-0.58;2.92;0.33;76.65799001859283;15.796257460880787;1945.16
2022-03-25;1.10061;122.386;4522.91;122.67;28.6;2.48;-0.47;2.95;0.33;76.71687986052616;15.962827097089754;1958.33
2022-03-28;1.09848;122.0405;4541.09;114.5;28.55;2.46;-0.49;2.95;0.33;77.29924219582303;16.792838427947597;1959.24
2022-03-29;1.09873;123.884;4602.86;112.79;28.76;2.41;-0.45;2.86;0.33;77.46867117344365;17.01817537015693;1923.06
2022-03-30;1.10877;122.8875;4624.2;115.59;29.01;2.35;-0.51;2.86;0.33;77.72344318661654;16.720391037286962;1920.21
2022-03-31;1.11584;121.8765;4599.02;107.29;28.94;2.32;-0.52;2.84;0.33;78.13935666028033;18.056389225463697;1933.31
2022-04-01;1.10672;121.687;4540.32;106.13;28.62;2.39;-0.41;2.8;0.33;78.14863738898937;18.11674361631961;1937.58
2022-04-04;1.10394;122.5575;4547.97;108.15;29.11;2.42;-0.38;2.8;0.33;78.7732061706507;17.870920018492832;1925.5
2022-04-05;1.09736;122.7925;4572.45;106.6;29.22;2.54;-0.3;2.84;0.33;79.06019441418853;18.04404315196998;1932.89
2022-04-06;1.09068;123.5975;4494.17;100.81;28.98;2.61;-0.22;2.83;0.33;78.7192591532596;19.098849320503916;1923.81
2022-04-07;1.08979;123.798;4474.65;99.83;28.6;2.66;-0.16;2.82;0.33;78.54964315487689;19.348642692577382;1925.25
2022-04-08;1.08793;123.965;4494.15;101.26;28.77;2.72;-0.15;2.87;0.33;78.62758578852647;19.19993087102508;1931.6
2022-04-11;1.09095;124.2135;4462.64;97.92;28.34;2.79;-0.12;2.91;0.33;77.86561186059025;19.95266544117647;1947.06
2022-04-12;1.08849;125.412;4437.59;104.42;28.3;2.72;-0.14;2.86;0.33;77.50054186124412;18.833700440528634;1954.16
2022-04-13;1.08274;125.3745;4394.3;108.49;28.52;2.7;-0.1;2.8;0.33;76.85107126901187;18.233800350262698;1967.08
2022-04-14;1.08905;125.69;4449.12;110.83;28.51;2.83;-0.06;2.89;0.33;76.93937621832359;17.80650545881079;1977.56
2022-04-15;;;;;;;;;0.33;;;
2022-04-18;1.08079;126.4415;4385.63;;29.04;2.85;-0.07;2.92;0.33;76.49502271189716;;1974.2
2022-04-19;1.07781;127.0945;4390.63;105.49;28.66;2.93;0.0;2.93;0.33;77.4435597561702;18.486539008436818;1977.81
2022-04-20;1.07898;128.9455;4472.26;105.05;28.29;2.85;-0.07;2.92;0.33;77.69740628286797;18.635173726796765;1950.35
2022-04-21;1.08535;127.9565;4489.17;107.2;28.63;2.9;-0.12;3.02;0.33;79.14322795206132;18.203311567164178;1957.17
2022-04-22;1.08357;128.4125;4385.83;105.15;28.35;2.9;-0.08;2.98;0.33;79.95552613615207;18.379885877318117;1951.11
2022-04-25;1.0807;128.5365;4255.34;99.27;27.03;2.81;-0.1;2.91;0.33;80.32266254787044;19.12103354487761;1932.05
2022-04-26;1.07131;128.156;4278.14;102.89;27.15;2.77;-0.08;2.85;0.33;81.02723851240724;18.51798036738264;1898.67
2022-04-27;1.06402;127.2105;4186.52;103.3;26.91;2.82;-0.06;2.88;0.33;80.90928591346875;18.25706679574056;1905.93
2022-04-28;1.05573;128.4615;4222.58;105.78;26.71;2.85;-0.12;2.97;0.33;81.81129223793589;17.91023823028928;1885.83
2022-04-29;1.04993;130.8475;4253.75;108.36;26.77;2.89;0.01;2.88;0.33;83.28663343507762;17.500876707272056;1894.91
2022-05-02;1.05479;129.896;4130.61;;25.81;2.99;0.18;2.81;0.33;82.2774551156063;;1896.11
2022-05-03;1.05082;130.2155;4159.78;104.94;26.01;2.97;0.14;2.83;0.33;82.76496777194498;17.803459119496857;1863.52
2022-05-04;1.05252;130.129;4181.18;110.53;25.87;2.93;0.07;2.86;0.33;81.87014512935443;17.02103501311861;1868.4
2022-05-05;1.06246;129.1795;4270.43;112.11;26.31;3.05;0.18;2.87;0.83;83.35361115428167;16.743956828115245;1883.25
2022-05-06;1.05403;130.21;4128.17;113.86;25.85;3.12;0.26;2.86;0.83;84.0688761257738;16.519541542244863;1877.15
2022-05-09;1.05399;130.5605;4081.27;106.67;25.4;3.05;0.3;2.75;0.83;85.04553065577906;17.379441267460393;1882.28
2022-05-10;1.05585;130.372;4035.18;102.61;25.57;2.99;0.34;2.65;0.83;86.41384821491528;17.91565149595556;1854.46
2022-05-11;1.05302;130.437;3990.08;107.7;25.52;2.91;0.21;2.7;0.83;85.86243655998702;17.20078922934076;1838.85
2022-05-12;1.05149;129.979;3903.95;108.06;24.8;2.84;0.25;2.59;0.83;88.06733860247022;16.859198593374053;1852.02
2022-05-13;1.03808;128.435;3963.9;112.12;24.9;2.93;0.24;2.69;0.83;85.99296761778052;16.14132179807349;1822.51
2022-05-16;1.0398;129.387;4013.02;114.86;25.29;2.88;0.2;2.68;0.83;84.35634177361544;15.880158453769806;1811.51
2022-05-17;1.04349;129.0745;4052.0;112.89;25.9;2.98;0.27;2.71;0.83;83.90454177741823;16.078173443174773;1825.78
2022-05-18;1.05502;129.369;4051.98;110.04;25.41;2.89;0.17;2.72;0.83;84.83899591360186;16.508678662304614;1814.68
2022-05-19;1.04631;128.312;3899.0;113.22;25.54;2.84;0.25;2.59;0.83;84.0064299883713;16.270402755696875;1816.54
2022-05-20;1.0584;127.764;3927.76;113.63;26.08;2.78;0.23;2.55;0.83;84.76530729465824;16.234313121534807;1841.86
2022-05-23;1.05595;127.8705;3919.42;115.13;26.12;2.86;0.26;2.6;0.83;85.03222698809552;16.099843654998697;1846.0
2022-05-24;1.06902;127.9005;3942.94;115.77;25.97;2.76;0.21;2.55;0.83;84.41467109874952;16.122786559557746;1853.73
2022-05-25;1.07324;126.847;3929.59;116.41;25.63;2.75;0.19;2.56;0.83;84.27752893294831;15.920496520917448;1865.71
2022-05-26;1.06801;127.259;3984.6;119.81;25.66;2.75;0.13;2.62;0.83;84.07254309659542;15.447917536098823;1853.2
2022-05-27;1.07311;127.122;4077.43;121.19;25.97;2.74;0.11;2.63;0.83;83.94642088815417;15.294124927799324;1851.21
2022-05-30;1.07333;127.126;;123.01;;;;;;84.39508700102353;15.081822616047475;1853.1
2022-05-31;1.07777;127.6415;4151.09;125.53;26.28;2.85;0.21;2.64;0.83;85.23551102762123;14.639010595076874;1855.165
2022-06-01;1.07332;128.701;4149.78;122.2;26.28;2.94;0.29;2.65;0.83;84.55977651072794;15.10969721767594;1836.92
2022-06-02;1.06527;130.1405;4095.41;;27.06;2.92;0.26;2.66;0.83;83.76005737466102;;1846.9
2022-06-03;1.07481;129.8665;4137.57;125.68;27.3;2.96;0.22;2.74;0.83;84.41198604364781;14.726090070019096;1869.13
2022-06-06;1.07212;130.9195;4134.72;124.99;27.06;3.04;0.28;2.76;0.83;83.39355656682288;14.73481878550284;1850.81
2022-06-07;1.06943;131.9015;4096.47;126.89;26.67;2.98;0.25;2.73;0.83;83.32763545579272;14.598589329340372;1841.12
2022-06-08;1.07054;132.6385;4147.12;129.2;26.56;3.03;0.28;2.75;0.83;84.0532940242658;14.343382352941177;1852.68
2022-06-09;1.07171;134.2225;4101.65;128.47;26.53;3.04;0.29;2.75;0.83;85.19998155789668;14.384253133027165;1852.96
2022-06-10;1.06189;134.397;3974.39;127.44;26.09;3.15;0.39;2.76;0.83;85.56876099924577;14.688833961079723;1848.07
2022-06-13;1.05146;134.427;3838.15;128.44;25.46;3.43;0.69;2.74;0.83;86.2640749081427;14.16634226097789;1871.53
2022-06-14;1.04088;134.4195;3763.52;127.02;25.42;3.49;0.89;2.6;0.83;85.95797780048963;14.235986458825383;1820.48
2022-06-15;1.04157;135.565;3764.05;124.96;25.1;3.33;0.63;2.7;0.83;84.58707133138074;14.675816261203586;1808.75
2022-06-16;1.04472;133.845;3728.18;125.78;24.74;3.28;0.66;2.62;1.58;84.58691145987562;14.76168707266656;1833.74
2022-06-17;1.05551;132.327;3665.9;119.22;24.66;3.25;0.67;2.58;1.58;84.82189440635317;15.409453111893978;1855.58
2022-06-20;1.04891;134.9965;;118.25;;;;;;85.03113209730805;15.533192389006341;1838.33
2022-06-21;1.05118;135.1065;3715.31;118.51;24.57;3.31;0.7;2.61;1.58;84.51280514510961;15.468103957471943;1838.34
2022-06-22;1.05361;136.665;3733.89;115.54;23.74;3.16;0.62;2.54;1.58;85.79060377622703;15.907348104552534;1833.03
2022-06-23;1.05651;136.1715;3774.71;114.5;23.28;3.09;0.59;2.5;1.58;86.96128247334146;15.918471615720524;1837.82
2022-06-24;1.0524;134.947;3821.75;117.36;22.28;3.13;0.57;2.56;1.58;86.2497931001868;15.540175528289026;1823.32
2022-06-27;1.05544;135.1795;3920.76;119.69;22.77;3.2;0.65;2.55;1.58;86.17710327872729;15.229133595120729;1838.0
2022-06-28;1.0585;135.449;3913.0;122.21;22.99;3.2;0.72;2.48;1.58;87.24359435296374;14.891948285737666;1822.73
2022-06-29;1.05222;136.1395;3825.09;120.8;22.94;3.1;0.74;2.36;1.58;87.6166951827843;15.04896523178808;1820.08
2022-06-30;1.04413;136.5795;3785.99;119.78;22.43;2.98;0.65;2.33;1.58;89.13294370052526;15.087785940891633;1817.86
2022-07-01;1.04826;135.745;3781.0;119.21;21.79;2.88;0.54;2.34;1.58;90.8821235375519;15.150197131113163;1807.3
2022-07-04;1.04222;135.2635;;121.8;;;;;;90.5265002628746;14.8435960591133;1808.81
2022-07-05;1.04219;135.744;3792.61;110.49;20.73;2.82;0.52;2.3;1.58;91.77964999869985;15.972350438953754;1807.95
2022-07-06;1.02669;135.8415;3831.98;108.54;20.46;2.93;0.64;2.29;1.58;90.5764874365317;16.02446102819237;1766.33
2022-07-07;1.01832;135.928;3858.85;113.4;21.28;3.01;0.68;2.33;1.58;90.4694445166489;15.34589947089947;1739.7
2022-07-08;1.01631;136.018;3888.26;113.95;21.37;3.09;0.72;2.37;1.58;90.23160021761095;15.283150504607285;1740.38
2022-07-11;1.0176;136.139;3880.94;114.85;20.8;2.99;0.67;2.32;1.58;90.70089180636556;15.0985198084458;1743.08
2022-07-12;1.00388;137.433;3851.95;106.98;20.08;2.96;0.64;2.32;1.58;91.1527392739274;16.135773041690033;1733.56
2022-07-13;1.00365;136.8365;3779.67;107.17;19.65;2.91;0.6;2.31;1.58;90.33047958572952;16.195343846225622;1726.125
2022-07-14;1.00569;137.4155;3763.99;107.74;19.24;2.96;0.62;2.34;1.58;92.80263764891048;15.870939298310748;1735.85
2022-07-15;1.00203;138.984;3818.0;112.26;19.31;2.93;0.57;2.36;1.58;91.39248305606901;15.195038303937288;1710.81
2022-07-18;1.00833;138.58;3883.79;117.27;20.13;2.96;0.59;2.37;1.58;91.4054603310426;14.574443591711436;1708.1
2022-07-19;1.01452;138.141;3860.73;114.96;19.82;3.01;0.62;2.39;1.58;91.27929609385414;14.889657272094642;1709.54
2022-07-20;1.02283;138.1735;3935.32;115.86;20.33;3.04;0.66;2.38;1.58;90.83683576495784;14.643578456758156;1711.77
2022-07-21;1.01801;138.251;3955.47;112.81;19.75;2.91;0.58;2.33;1.58;91.12693235754249;15.232115947167804;1696.51
2022-07-22;1.02281;137.3815;3998.43;106.77;20.19;2.77;0.43;2.34;1.58;92.79378918758914;16.1483094502201;1718.0
2022-07-25;1.02177;136.1685;3965.72;108.23;20.46;2.81;0.45;2.36;1.58;93.28388164139838;15.889633188579875;1727.39
2022-07-26;1.02212;136.663;3953.22;107.32;20.73;2.81;0.45;2.36;1.58;92.20868118003919;16.003773760715617;1719.3
2022-07-27;1.01192;136.915;3951.43;109.64;20.57;2.78;0.36;2.42;1.58;90.8596348778124;15.819636993797884;1717.64
2022-07-28;1.0201;136.577;4026.13;109.68;21.11;2.68;0.2;2.48;2.33;87.73963876189762;16.010804157549234;1734.45
2022-07-29;1.01958;134.32;4087.33;111.51;21.28;2.67;0.14;2.53;2.32;86.88102814573621;15.792619496009326;1755.89
2022-08-01;1.02205;133.217;4112.38;106.09;21.44;2.6;0.09;2.51;2.33;87.04707875930154;16.70501461023659;1765.7
2022-08-02;1.02598;131.662;4104.21;106.51;21.32;2.75;0.27;2.48;2.33;88.11350959253609;16.53689794385504;1772.24
2022-08-03;1.01644;133.208;4107.96;101.82;21.08;2.73;0.23;2.5;2.33;88.01500461105157;17.340650166961307;1762.12
2022-08-04;1.01707;133.8415;4154.85;97.99;20.76;2.68;0.22;2.46;2.33;88.75678220152119;18.279875497499745;1765.31
2022-08-05;1.02467;133.0115;4115.87;100.31;21.05;2.83;0.37;2.46;2.33;89.20277645046903;17.68004187020237;1790.77
2022-08-08;1.01746;135.1125;4155.93;103.46;21.6;2.77;0.29;2.48;2.33;86.55129042401373;17.293108447709262;1775.24
2022-08-09;1.0194;134.971;4133.11;103.81;21.85;2.8;0.33;2.47;2.33;87.3906055957338;17.28576245063096;1788.97
2022-08-10;1.02132;135.0995;4181.02;105.06;22.0;2.78;0.35;2.43;2.33;87.02736167423342;17.05963259090044;1795.24
2022-08-11;1.03005;132.8695;4227.4;107.19;22.32;2.87;0.4;2.47;2.33;88.10738288077596;16.694700998227447;1792.3
2022-08-12;1.03233;133.01;4225.02;103.7;22.08;2.84;0.37;2.47;2.33;86.58871878680092;17.371600771456123;1789.76
2022-08-15;1.02601;133.5015;4269.37;98.25;21.65;2.79;0.35;2.44;2.33;87.79422284713486;18.11241730279898;1801.9
2022-08-16;1.01611;133.2825;4290.46;95.36;21.87;2.82;0.38;2.44;2.33;88.17197626201175;18.618655620805367;1780.12
2022-08-17;1.01701;134.24;4280.4;97.22;21.8;2.89;0.43;2.46;2.33;89.01745346164532;18.125334293355277;1775.88
2022-08-18;1.0177;135.1055;4273.13;96.35;21.93;2.88;0.36;2.52;2.33;89.98618325102986;18.25080435910742;1762.4
2022-08-19;1.0089;135.8795;4266.31;96.45;22.1;2.98;0.43;2.55;2.33;91.67642041726808;18.109538621047175;1759.1
2022-08-22;1.00379;136.848;4195.08;95.06;21.9;3.03;0.46;2.57;2.33;91.41687508226931;18.26462234378287;1747.15
2022-08-23;0.99441;137.498;4133.09;99.49;22.12;3.05;0.47;2.58;2.33;91.44706897904732;17.569253191275504;1735.93
2022-08-24;0.99698;136.7275;4126.55;99.87;21.99;3.11;0.49;2.62;2.33;91.61431224335;17.536247121257635;1748.0
2022-08-25;0.9968;137.112;4153.26;98.81;22.13;3.03;0.43;2.6;2.33;91.35262187362024;17.7985527780589;1751.31
2022-08-26;0.99765;136.491;4198.74;101.13;22.71;3.04;0.47;2.57;2.33;92.1160934475352;17.17487392465144;1758.76
2022-08-29;0.99589;137.612;4034.58;;21.76;3.12;0.54;2.58;2.33;92.48675981370592;;1736.35
2022-08-30;0.99981;138.721;4041.25;99.34;21.54;3.11;0.56;2.55;2.33;93.54064390138056;17.358314878196094;1737.65
2022-08-31;1.00168;138.775;4000.67;96.55;21.11;3.15;0.67;2.48;2.33;95.09266720386786;17.72288969445883;1723.25
2022-09-01;1.00532;139.0855;3936.73;92.24;20.8;3.26;0.81;2.45;2.33;95.30328121929996;18.405084562012142;1711.07
2022-09-02;0.99455;140.2235;3994.66;93.09;20.58;3.2;0.73;2.47;2.33;95.06352339384506;18.36679557417553;1696.85
2022-09-05;0.99217;140.174;;94.22;;;;;;94.19891480981629;18.149437486733177;1712.11
2022-09-06;0.99306;140.5835;3930.89;91.43;20.84;3.33;0.85;2.48;2.33;94.50484466531553;18.615170075467567;1709.7
2022-09-07;0.99044;142.779;3909.43;86.83;20.56;3.27;0.82;2.45;2.33;93.09830159547091;19.791028446389497;1702.12
2022-09-08;1.00086;143.7485;3959.94;87.99;20.94;3.29;0.88;2.41;2.33;92.16025243399228;19.4181725196045;1718.22
2022-09-09;0.99972;144.123;4022.94;91.68;21.32;3.33;0.91;2.42;2.33;91.28042131021091;18.716568499127398;1708.69
2022-09-12;1.00884;142.4135;4083.67;93.45;21.74;3.37;0.95;2.42;2.33;87.0865207402358;18.455912252541463;1717.49
2022-09-13;1.01196;142.8155;4037.12;92.04;21.39;3.42;0.98;2.44;2.33;88.00780543278799;18.497990004345937;1724.84
2022-09-14;0.99676;144.6855;3940.73;92.83;21.12;3.41;0.95;2.46;2.33;86.44928827888263;18.285845093181084;1701.63
2022-09-15;0.99806;143.1415;3932.41;89.28;21.0;3.45;1.02;2.43;2.33;86.80477692889365;18.643873207885306;1697.345
2022-09-16;0.99966;143.486;3880.95;89.43;20.97;3.45;1.07;2.38;2.33;85.64405087912368;18.709437548920942;1665.17
2022-09-19;1.00154;142.9525;3849.91;;21.11;3.49;1.15;2.34;2.33;85.66342049433837;;1675.6
2022-09-20;1.0027;143.242;3875.23;89.62;21.21;3.57;1.17;2.4;2.33;86.36330627382834;18.577940191921446;1675.8
2022-09-21;0.99712;143.7325;3871.4;89.86;20.95;3.51;1.13;2.38;2.33;85.56112147621846;18.62758735811262;1665.01
2022-09-22;0.98407;144.075;3782.36;90.4;21.0;3.7;1.29;2.41;3.08;85.10553249993634;18.4883296460177;1673.21
2022-09-23;0.98372;142.339;3727.14;84.29;20.25;3.69;1.32;2.37;3.08;87.1076417419885;19.49406809823229;1671.63
2022-09-26;0.96745;143.5115;3682.72;82.55;20.14;3.88;1.56;2.32;3.08;88.380851237644;19.658449424591158;1644.55
2022-09-27;0.96094;144.69;3686.44;85.97;19.95;3.97;1.64;2.33;3.08;88.57449642536766;18.950738629754564;1622.94
2022-09-28;0.9596;144.794;3651.94;89.55;19.84;3.72;1.39;2.33;3.08;87.83433424164662;18.53740926856505;1629.72
2022-09-29;0.97352;144.101;3687.01;89.41;20.44;3.76;1.57;2.19;3.08;88.21562325692581;18.573034336204003;1659.84
2022-09-30;0.98184;144.4725;3633.48;88.9;20.52;3.83;1.68;2.15;3.08;87.37427377165541;18.693082114735656;1660.74
2022-10-03;0.9797;144.702;3609.78;90.68;20.34;3.67;1.43;2.24;3.08;82.07320311934137;18.743879576532862;1661.67
2022-10-04;0.98234;144.6145;3726.46;93.74;20.66;3.62;1.38;2.24;3.08;81.95072745828685;18.417057819500748;1698.44
2022-10-05;0.99843;144.236;3753.25;94.35;20.86;3.76;1.54;2.22;3.08;83.1179931717475;18.1912559618442;1725.17
2022-10-06;0.98856;144.5875;3771.97;95.65;21.0;3.83;1.61;2.22;3.08;82.91119018226708;17.90543648719289;1716.32
2022-10-07;0.97941;145.1205;3706.74;98.88;20.52;3.89;1.62;2.27;3.08;84.37756600064695;17.147299757281555;1712.44
2022-10-10;0.97376;145.3755;3647.51;97.13;20.72;;;;;85.08122306377986;17.17435395861217;1696.6
2022-10-11;0.97035;145.714;3595.86;95.17;20.65;3.93;1.62;2.31;3.08;86.97262311767624;17.508300935168645;1668.795
2022-10-12;0.97046;145.807;3590.83;93.44;20.63;3.91;1.62;2.29;3.08;87.96188723879617;17.907266695205482;1666.6
2022-10-13;0.97058;146.8675;3520.37;95.16;20.36;3.97;1.63;2.34;3.08;88.2251873031001;17.510140815468684;1673.82
2022-10-14;0.97763;147.189;3690.41;92.22;21.0;4.0;1.59;2.41;3.08;89.99671313922595;17.814411190631102;1666.52
2022-10-17;0.97235;148.522;3638.65;91.04;20.7;4.02;1.57;2.45;3.08;88.41094716546608;18.132304481546573;1643.85
2022-10-18;0.98415;148.9885;3746.26;89.46;20.39;4.01;1.6;2.41;3.08;88.17939206319555;18.467303822937627;1650.4
2022-10-19;0.98627;149.185;3703.11;91.34;20.03;4.14;1.72;2.42;3.08;88.27476903903985;17.836161594044228;1652.12
2022-10-20;0.97742;149.8415;3689.05;91.52;20.41;4.24;1.73;2.51;3.08;87.19189268788992;17.791357080419584;1629.28
2022-10-21;0.9786;150.131;3657.1;91.82;20.47;4.21;1.69;2.52;3.08;85.84264709695822;18.02630145937704;1628.115
2022-10-24;0.98857;148.091;3762.01;91.57;20.82;4.25;1.66;2.59;3.08;85.80595656132137;18.012504095227694;1658.68
2022-10-25;0.98728;149.04;3799.44;91.76;20.47;4.1;1.59;2.51;3.08;85.44982296539426;18.01607454228422;1650.1
2022-10-26;0.99667;148.0855;3825.97;92.93;20.97;4.04;1.6;2.44;3.08;84.98608948671482;17.914935973313245;1652.415
2022-10-27;1.00818;146.3795;3834.69;94.17;21.31;3.96;1.51;2.45;3.08;84.85067203958273;17.664383561643834;1664.4
2022-10-28;0.99669;146.294;3808.26;94.64;20.86;4.02;1.51;2.51;3.08;85.38078310283089;17.384245562130175;1662.57
2022-10-31;0.99577;147.719;3881.85;93.3;20.26;4.1;1.58;2.52;3.08;85.25913161536252;17.50005359056806;1644.275
2022-11-01;0.988474;148.684;3901.79;95.12;21.06;4.07;1.56;2.51;3.08;83.95344691471209;17.328637510513033;1632.75
2022-11-02;0.98744;148.166;3852.9;96.07;20.89;4.1;1.57;2.53;3.08;85.0800468566966;17.010252940564172;1646.885
2022-11-03;0.98144;147.935;3733.25;95.29;20.45;4.14;1.74;2.4;3.83;83.78902736733907;17.109088047014378;1634.105
2022-11-04;0.97518;148.164;3766.98;99.53;21.98;4.17;1.69;2.48;3.83;80.59823119142919;16.893398975183363;1630.395
2022-11-07;0.9923;146.977;3780.71;99.87;21.81;4.22;1.69;2.53;3.83;80.53380440791213;16.77565835586262;1674.93
2022-11-08;1.00196;146.5795;3817.02;96.85;21.92;4.14;1.64;2.5;3.83;80.18426166561308;17.680691791430046;1675.08
2022-11-09;1.00738;145.67;3810.94;93.05;22.31;4.12;1.7;2.42;3.83;81.01540067867398;18.345351961311124;1711.73
2022-11-10;1.00122;146.4365;3859.89;94.25;22.66;3.82;1.43;2.39;3.83;80.96363594438168;18.626790450928382;1706.28
2022-11-11;1.01981;141.703;3963.72;96.37;23.26;;;;;81.63207351141689;18.344557434886376;1754.2
2022-11-14;1.03205;139.7205;3977.97;93.59;23.11;3.88;1.51;2.37;3.83;80.55597244013917;18.926220750080137;1771.43
2022-11-15;1.03225;140.043;4006.41;94.3;23.09;3.8;1.45;2.35;3.83;82.4881170442162;18.86336161187699;1770.53
2022-11-16;1.03465;139.295;3976.82;92.61;22.82;3.67;1.38;2.29;3.83;82.6187093919564;19.15414102148796;1777.83
2022-11-17;1.03947;139.513;3919.26;91.0;22.05;3.77;1.49;2.28;3.83;84.00062036219609;19.34368131868132;1773.85
2022-11-18;1.03644;140.28;3966.39;88.93;22.07;3.82;1.57;2.25;3.83;83.65943502284307;19.664623861464072;1760.77
2022-11-21;1.03252;140.3795;3956.23;88.44;21.69;3.83;1.52;2.31;3.83;83.3587548264863;19.6506671189507;1750.5
2022-11-22;1.02429;142.1035;3965.51;88.65;21.98;3.76;1.44;2.32;3.83;82.52270409977947;19.629046813310772;1738.8
2022-11-23;1.03044;141.1995;4000.3;85.9;21.75;3.71;1.39;2.32;3.83;81.24567554389468;20.367694994179278;1740.22
2022-11-24;1.03981;139.5815;;85.59;;;;;;81.61966755782866;20.50981423063442;1749.58
2022-11-25;1.0409;138.578;4023.34;83.4;21.82;3.68;1.36;2.32;3.83;81.76067659187811;21.0386690647482;1755.245
2022-11-28;1.03761;139.27;4005.36;83.5;21.75;3.69;1.43;2.26;3.83;83.19290200855006;20.858502994011975;1754.08
2022-11-29;1.03428;138.909;3964.19;83.22;21.94;3.75;1.5;2.25;3.83;82.31036996965919;21.026135544340303;1740.57
2022-11-30;1.03288;138.6815;3957.18;85.61;22.72;3.68;1.34;2.34;3.83;79.69426608088318;20.65897675505198;1749.58
2022-12-01;1.04096;138.0855;4087.14;86.28;22.85;3.53;1.17;2.36;3.83;79.25163190399789;20.89632591562355;1768.69
2022-12-02;1.05233;135.329;4040.17;86.54;22.76;3.51;1.08;2.43;3.83;77.69200847127976;20.771435174485784;1802.04
2022-12-05;1.05408;134.361;4052.02;83.36;23.21;3.6;1.21;2.39;3.83;79.491708237832;21.21845009596929;1797.73
2022-12-06;1.04951;136.729;3996.63;79.92;23.16;3.51;1.2;2.31;3.83;79.7860167582665;22.160785785785784;1768.2
2022-12-07;1.04661;137.0015;3933.28;77.11;23.08;3.42;1.16;2.26;3.83;78.5975797579758;23.163402930877968;1771.13
2022-12-08;1.05088;136.462;3947.79;76.02;23.53;3.48;1.2;2.28;3.83;77.56058438461872;23.53446461457511;1785.92
2022-12-09;1.05571;136.6505;3954.17;76.37;23.29;3.57;1.31;2.26;3.83;76.64574527133769;23.505565012439437;1789.72
2022-12-12;1.05348;136.595;3939.29;78.0;23.06;3.61;1.33;2.28;3.83;76.40617628136393;22.838589743589743;1796.8
2022-12-13;1.05367;137.557;4069.38;80.14;23.69;3.51;1.27;2.24;3.83;76.29081869127374;22.593087097579236;1781.12
2022-12-14;1.06331;135.4795;4015.54;83.33;23.26;3.49;1.3;2.19;3.83;75.50737352216234;21.689907596303854;1810.63
2022-12-15;1.06814;135.442;3958.37;82.34;23.18;3.44;1.28;2.16;4.33;76.94872683180323;21.5800340053437;1807.28
2022-12-16;1.06322;137.752;3890.91;80.2;22.71;3.48;1.35;2.13;4.33;77.23335488041371;22.346633416458854;1776.7
2022-12-19;1.05934;136.1795;3853.79;81.66;22.88;3.57;1.42;2.15;4.33;77.77221908034977;21.892603477834925;1792.75
2022-12-20;1.06088;136.887;3810.47;79.45;22.81;3.69;1.45;2.24;4.33;75.27869802882226;22.880176211453744;1787.43
2022-12-21;1.06244;131.758;3839.49;80.25;22.95;3.68;1.41;2.27;4.33;75.69336670838548;22.60897196261682;1817.92
2022-12-22;1.06063;132.3565;3853.26;79.58;22.79;3.67;1.48;2.19;4.33;76.03826411572562;22.523875345564214;1814.03
2022-12-23;1.05994;132.3945;3815.11;82.45;22.8;3.75;1.55;2.2;4.33;75.74323754950703;21.803395997574288;1793.52
2022-12-26;;;;;;;;;;;;
2022-12-27;1.06359;132.917;3843.34;;23.15;3.84;1.58;2.26;4.33;75.42649199417758;;1800.9
2022-12-28;1.06418;133.479;3829.56;81.7;23.16;3.88;1.6;2.28;4.33;76.62108794428637;22.08506731946144;1813.84
2022-12-29;1.06161;134.312;3805.45;80.96;22.86;3.83;1.56;2.27;4.33;75.92319919685436;22.418725296442688;1804.42
2022-12-30;1.06618;133.023;3829.06;82.82;22.86;3.88;1.58;2.3;4.33;76.18466680593274;22.01738710456412;1814.74
2023-01-02;1.06965;130.8545;;;;;;;;;;
2023-01-03;1.06675;130.743;3853.29;80.36;23.07;3.79;1.53;2.26;4.33;76.61876796201425;22.891239422598307;1828.86
2023-01-04;1.05491;130.999;3840.36;75.31;22.78;3.69;1.47;2.22;4.33;78.0580808080808;24.62700836542292;1838.77
2023-01-05;1.06078;132.41;3839.74;76.73;23.0;3.71;1.49;2.22;4.33;78.86073226347719;23.888439984360744;1854.5
2023-01-06;1.05218;133.426;3823.37;76.41;23.33;3.55;1.34;2.21;4.33;78.29447286756688;24.43410548357545;1832.34
2023-01-09;1.0645;132.121;3910.82;77.5;24.21;3.53;1.31;2.22;4.33;79.1283026844219;24.152;1868.22
2023-01-10;1.07335;131.895;3888.57;78.4;24.37;3.61;1.37;2.24;4.33;79.5018848744123;23.940816326530612;1871.09
2023-01-11;1.07355;132.177;3932.35;81.11;25.15;3.54;1.31;2.23;4.33;80.09779220224623;23.12476883244976;1876.7
2023-01-12;1.07571;132.429;3977.57;82.59;25.31;3.43;1.22;2.21;4.33;79.78758307394632;22.96730839084635;1875.05
2023-01-13;1.08486;129.3165;3960.6;83.43;25.2;3.49;1.31;2.18;4.33;79.12420185375902;23.022174277837706;1895.84
2023-01-16;1.08318;127.7805;;82.65;;;;;;78.87761194029851;23.178947368421053;1920.2
2023-01-17;1.08234;128.4615;3999.28;84.38;25.52;3.53;1.36;2.17;4.33;79.75055362888062;22.619933633562457;1916.405
2023-01-18;1.07921;128.2225;4002.25;83.78;26.25;3.37;1.25;2.12;4.33;81.1255005538042;22.730245882072094;1908.42
2023-01-19;1.07924;128.763;3911.84;85.08;25.6;3.39;1.19;2.2;4.33;81.05419917778337;22.710037611659615;1904.18
2023-01-20;1.08307;128.426;3909.04;86.96;25.66;3.48;1.25;2.23;4.33;80.5109031665135;22.16271849126035;1931.65
2023-01-23;1.08675;129.618;3978.14;87.54;25.71;3.52;1.24;2.28;4.33;82.31467666993478;22.058716015535754;1926.11
2023-01-24;1.08709;130.613;4001.74;85.25;25.73;3.46;1.19;2.27;4.33;81.84276118457184;22.724926686217007;1930.96
2023-01-25;1.08867;130.1575;3982.71;85.08;25.66;3.46;1.17;2.29;4.33;81.39642842206516;22.87576398683592;1937.12
2023-01-26;1.09147;129.506;4036.08;86.29;25.88;3.49;1.16;2.33;4.33;80.66819987455573;22.356935913779115;1946.48
2023-01-27;1.08911;130.156;4053.72;85.36;25.83;3.52;1.19;2.33;4.33;81.75514534266921;22.569821930646672;1928.5
2023-01-30;1.0866;129.8295;4049.27;84.9;25.45;3.55;1.26;2.29;4.33;81.47165974752181;22.652767962308598;1928.24
2023-01-31;1.08511;130.38;4020.85;83.42;25.29;3.52;1.28;2.24;4.33;81.24889394513967;23.115320067130185;1923.09
2023-02-01;1.08622;130.0895;4070.07;81.61;25.32;3.39;1.14;2.25;4.33;81.36259334974342;23.896336233304744;1928.13
2023-02-02;1.09881;128.9225;4158.68;80.57;25.38;3.4;1.18;2.22;4.58;81.51380838731674;23.73886061809607;1951.3
2023-02-03;1.09082;128.6495;4136.69;78.85;24.82;3.53;1.31;2.22;4.58;83.44221217951586;23.650602409638555;1912.05
2023-02-06;1.07926;131.8895;4119.57;80.48;24.48;3.63;1.38;2.25;4.58;83.85444259866206;23.206883697813122;1864.87
2023-02-07;1.07266;132.6225;4105.35;82.92;24.51;3.67;1.36;2.31;4.58;84.47790802524797;22.596719729860105;1867.75
2023-02-08;1.07302;131.0625;4153.47;84.17;24.72;3.63;1.29;2.34;4.58;84.02248902428099;22.28287988594511;1874.04
2023-02-09;1.07126;131.3495;4144.25;83.46;24.99;3.67;1.34;2.33;4.57;84.69972702456779;22.306494128924037;1875.24
2023-02-10;1.074;131.474;4068.92;85.46;24.57;3.74;1.41;2.33;4.58;84.65555606012443;21.813714018254156;1862.93
2023-02-13;1.06794;131.4385;4096.62;85.98;24.5;3.72;1.41;2.31;4.58;84.27454189969536;21.556757385438473;1864.7
2023-02-14;1.0725;132.4175;4126.7;84.96;24.69;3.77;1.46;2.31;4.58;84.85677679143407;21.82744821092279;1853.82
2023-02-15;1.07349;133.09;4119.5;84.11;24.41;3.81;1.46;2.35;4.58;84.90149833518313;21.82748781357746;1854.08
2023-02-16;1.06893;134.015;4114.75;83.84;24.52;3.86;1.49;2.37;4.58;85.09011722188761;21.904818702290076;1836.44
2023-02-17;1.06704;133.9835;4077.39;81.97;25.0;3.82;1.46;2.36;4.58;84.62029677952864;22.470781993412224;1836.51
2023-02-20;1.06914;134.2665;;82.79;;;;;;84.3953248539017;22.240548375407656;1841.01
2023-02-21;1.06857;134.2655;4052.35;82.14;25.57;3.95;1.53;2.42;4.58;84.02829929480721;22.340029218407597;1841.9
2023-02-22;1.06481;134.9635;4001.83;79.55;25.33;3.93;1.52;2.41;4.58;84.82085598773178;22.944814582023884;1834.88
2023-02-23;1.06059;134.886;4018.6;82.08;25.28;3.88;1.49;2.39;4.58;85.48904630107425;22.202363547758285;1826.05
2023-02-24;1.05954;134.6885;3973.24;82.31;24.15;3.95;1.57;2.38;4.58;87.2088991620919;22.001943870732596;1822.69
2023-02-27;1.05472;136.3755;3992.36;81.24;24.26;3.92;1.56;2.36;4.57;88.08637487276428;22.369645494830134;1811.13
2023-02-28;1.06062;136.203;3977.19;83.21;24.66;3.92;1.49;2.43;4.57;87.41924678183472;21.95409205624324;1817.24
2023-03-01;1.05799;136.2105;3963.34;83.68;25.18;4.01;1.57;2.44;4.58;87.4954744664634;21.94915152963671;1826.9
2023-03-02;1.06694;136.1195;3938.68;84.15;24.8;4.08;1.6;2.48;4.57;87.83913105890234;21.81521093285799;1837.31
2023-03-03;1.05989;136.721;3998.02;85.74;24.98;3.97;1.45;2.52;4.57;87.28076778321415;21.637975274084443;1836.21
2023-03-06;1.06275;135.896;4055.15;85.86;24.72;3.98;1.49;2.49;4.57;87.72373171195136;21.50896808758444;1854.95
2023-03-07;1.06826;135.94;4048.26;83.03;24.56;3.97;1.59;2.38;4.57;90.3227895392279;21.838251234493555;1846.465
2023-03-08;1.05533;137.1155;3987.55;82.1;24.41;3.98;1.66;2.32;4.57;90.57325476880055;22.092813641900122;1814.27
2023-03-09;1.05443;137.269;3998.66;81.0;24.56;3.93;1.63;2.3;4.57;91.22371699053313;22.603209876543207;1814.29
2023-03-10;1.05826;136.1675;3912.77;82.3;24.41;3.7;1.44;2.26;4.57;91.094655819165;22.720534629404618;1831.54
2023-03-13;1.06938;134.4365;3835.12;79.67;24.28;3.55;1.31;2.24;4.58;87.71961243513799;23.97728128530187;1884.295
2023-03-14;1.07275;133.209;3894.01;76.77;24.72;3.64;1.33;2.31;4.58;87.78674165591;24.8048716946724;1910.19
2023-03-15;1.07324;134.242;3876.74;74.3;23.83;3.51;1.22;2.29;4.58;88.10157361104739;25.845895020188426;1904.32
2023-03-16;1.0579;133.344;3878.93;73.12;23.5;3.56;1.34;2.22;4.58;88.3987108655617;26.258479212253828;1920.46
2023-03-17;1.06125;133.482;3958.69;71.03;23.91;3.39;1.29;2.1;4.58;88.00787471244027;28.006898493594253;1920.15
2023-03-20;1.06702;132.166;3917.47;72.42;23.87;3.47;1.33;2.14;4.58;87.78275724364379;27.317867992267328;1977.45
2023-03-21;1.07229;131.411;3975.89;74.78;24.49;3.59;1.36;2.23;4.58;86.72951478866946;25.95854506552554;1978.36
2023-03-22;1.07702;132.349;4002.04;76.08;24.52;3.48;1.2;2.28;4.58;85.88386927647676;25.837407991587803;1941.32
2023-03-23;1.0858;131.472;3959.21;74.31;24.76;3.38;1.19;2.19;4.83;86.30979202772964;26.80702462656439;1965.665
2023-03-24;1.0832;130.837;3939.21;73.63;24.95;3.38;1.16;2.22;4.83;85.15737351991388;26.86106206709222;1991.95
2023-03-27;1.07665;130.583;3982.93;76.8;24.81;3.53;1.29;2.24;4.83;84.77857699974001;25.475520833333334;1977.78
2023-03-28;1.07979;131.553;3974.13;78.07;24.91;3.55;1.24;2.31;4.83;84.61010845801003;25.281157935186375;1956.69
2023-03-29;1.08418;130.861;3999.53;77.51;25.01;3.57;1.24;2.33;4.83;84.16966580976863;25.34537479034963;1973.6
2023-03-30;1.08423;132.748;4046.74;78.45;25.11;3.55;1.21;2.34;4.83;82.81657745065239;25.24295729764181;1963.73
2023-03-31;1.09056;132.676;4056.18;79.19;24.91;3.48;1.16;2.32;4.83;81.84045513060089;24.88698067937871;1980.55
2023-04-03;1.08445;133.277;4102.2;85.81;24.94;3.43;1.14;2.29;4.83;82.73847244225799;23.1274327001515;1969.17
2023-04-04;1.09035;132.4145;4128.03;85.7;24.58;3.35;1.1;2.25;4.83;80.8266;23.57835472578763;1984.32
2023-04-05;1.09556;131.723;4094.5;85.89;24.29;3.3;1.07;2.23;4.83;81.005331302361;23.528233787402492;2021.06
2023-04-06;1.09066;131.254;4081.15;86.56;24.52;3.3;1.06;2.24;4.83;80.37415170260044;23.19160120147874;2020.97
2023-04-07;;;;;;3.39;1.14;2.25;4.83;;;
2023-04-10;1.09025;132.16;4085.2;;24.33;3.41;1.14;2.27;4.83;80.06392730781602;;1994.47
2023-04-11;1.0862;133.591;4110.29;87.32;24.54;3.43;1.14;2.29;4.83;79.97844483474373;22.94571690334402;1991.28
2023-04-12;1.0912;133.664;4121.72;88.31;24.62;3.41;1.14;2.27;4.83;79.00486198243412;22.816668553957648;2003.2
2023-04-13;1.09923;133.11;4100.04;86.51;25.11;3.45;1.16;2.29;4.83;79.00209107806691;23.582822795052596;2014.52
2023-04-14;1.10463;132.5755;4140.11;87.31;25.5;3.52;1.22;2.3;4.83;79.02005595177114;22.969304776085213;2040.49
2023-04-17;1.09936;133.8195;4137.17;85.63;25.15;3.6;1.28;2.32;4.83;79.69164403259306;23.299778115146562;2004.1
2023-04-18;1.09276;134.4445;4164.26;85.48;25.0;3.58;1.3;2.28;4.83;79.5998729755478;23.459054749649038;1995.24
2023-04-19;1.09726;134.0875;4139.33;85.34;25.02;3.6;1.32;2.28;4.83;78.88598884802468;23.37461917037731;2005.03
2023-04-20;1.09572;134.6285;4130.48;83.29;24.67;3.54;1.28;2.26;4.83;79.27323052589956;24.070356585424417;1994.56
2023-04-21;1.09706;134.2245;4132.14;83.36;24.53;3.57;1.29;2.28;4.83;79.19715609522288;23.785748560460654;2004.39
2023-04-24;1.09883;134.028;4132.07;84.23;24.46;3.52;1.24;2.28;4.83;79.06117095274057;23.615101507776323;1983.01
2023-04-25;1.10463;134.1905;4126.43;82.13;23.69;3.4;1.15;2.25;4.83;79.84048932597746;24.316693047607455;1989.06
2023-04-26;1.09757;133.7275;4087.78;79.19;23.74;3.43;1.18;2.25;4.83;79.94936505384986;25.12261649198131;1996.27
2023-04-27;1.10418;133.639;4075.29;80.11;23.62;3.53;1.26;2.27;4.83;79.75325977933801;24.814005742104605;1989.82
2023-04-28;1.10262;133.904;4129.63;81.32;24.0;3.44;1.26;2.18;4.83;79.45955662073098;24.46224790949336;1987.71
2023-05-01;1.10206;136.223;4166.79;;24.0;3.59;1.36;2.23;4.83;79.31506301260252;;1989.94
2023-05-02;1.09753;137.4775;4164.1;76.71;23.7;3.44;1.24;2.2;4.83;79.46646701867759;26.289923086950857;1982.25
2023-05-03;1.10021;136.5505;4122.25;72.91;23.57;3.38;1.18;2.2;4.83;79.71533588801125;27.961047867233578;2016.19
2023-05-04;1.10634;134.6185;4082.55;73.0;23.5;3.37;1.18;2.19;5.08;78.70815417690419;28.084794520547945;2066.18
2023-05-05;1.10138;134.2605;4084.73;75.85;23.94;3.44;1.23;2.21;5.08;78.64380358534684;26.60514172709295;2049.28
2023-05-08;1.10224;134.8605;4136.98;;24.1;3.52;1.29;2.23;5.08;79.09421707488849;;2016.72
2023-05-09;1.1004;135.061;4124.25;77.76;23.78;3.53;1.3;2.23;5.08;79.45637741154417;26.16460905349794;2021.1
2023-05-10;1.09514;135.217;4143.74;76.7;23.66;3.43;1.26;2.17;5.08;79.9442803701516;26.469165580182526;2034.58
2023-05-11;1.09831;134.305;4132.24;75.32;23.03;3.39;1.23;2.16;5.08;83.31073259467504;26.754115772703134;2029.96
2023-05-12;1.09168;134.5175;4138.54;74.54;22.75;3.46;1.28;2.18;5.08;83.85006671114076;26.979608264019316;2015.09
2023-05-15;1.08542;135.7565;4126.65;75.46;23.0;3.5;1.31;2.19;5.08;83.69137544616916;26.722236946726746;2008.5
2023-05-16;1.08755;136.086;4127.95;75.15;22.62;3.54;1.35;2.19;5.08;83.74047408530167;26.46600133067199;2016.39
2023-05-17;1.08622;136.375;4122.85;76.98;23.1;3.57;1.35;2.22;5.08;83.45912479467633;25.741361392569498;1988.86
2023-05-18;1.08408;137.568;4157.68;75.75;22.75;3.65;1.42;2.23;5.08;83.31332992849848;25.8419801980198;1981.69
2023-05-19;1.07715;138.675;4204.15;75.42;22.93;3.7;1.46;2.24;5.08;82.97632042992694;26.204322460885706;1958.2
2023-05-22;1.08082;137.998;4190.78;75.77;22.64;3.72;1.48;2.24;5.08;83.44915146641837;26.023756103998945;1977.89
2023-05-23;1.0813;138.5865;4176.8;76.66;22.49;3.7;1.44;2.26;5.08;84.22302771855011;25.763501174015133;1972.0
2023-05-24;1.07732;138.536;4132.96;77.99;22.25;3.73;1.48;2.25;5.08;84.86277910253631;25.097576612386202;1974.78
2023-05-25;1.07509;139.365;4155.71;75.66;22.05;3.83;1.58;2.25;5.08;85.36130536130537;25.652392281258262;1958.07
2023-05-26;1.07286;140.0665;4156.16;76.33;22.47;3.8;1.57;2.23;5.08;83.6054947413608;25.515393685313768;1940.74
2023-05-29;1.07232;140.6765;;;;;;;;83.87324399559785;;1942.915
2023-05-30;1.07103;140.385;4226.71;73.38;22.55;3.69;1.47;2.22;5.08;84.48003794084677;26.70250749523031;1944.25
2023-05-31;1.07345;139.7895;4190.74;71.98;22.54;3.64;1.46;2.18;5.08;83.46145669458737;27.270491803278688;1959.23
2023-06-01;1.06883;139.3345;4183.03;74.18;22.75;3.61;1.45;2.16;5.08;82.82016919339978;26.659207333513073;1962.89
2023-06-02;1.07606;138.835;4241.01;76.0;23.14;3.69;1.51;2.18;5.08;82.50423370025402;25.64144736842105;1977.01
2023-06-05;1.0708;139.973;4282.99;76.61;23.0;3.69;1.5;2.19;5.08;83.21202867201086;25.608797807074797;1947.05
2023-06-06;1.07141;139.557;4271.34;76.22;23.16;3.7;1.5;2.2;5.08;83.21790361547916;25.759118341642612;1961.76
2023-06-07;1.06948;139.636;4285.47;76.85;23.27;3.79;1.58;2.21;5.08;82.75081044190412;25.244111906310998;1963.63
2023-06-08;1.06992;140.1285;4268.69;75.88;23.24;3.73;1.53;2.2;5.08;80.99633277020068;25.90537691091197;1940.14
2023-06-09;1.07822;138.9085;4304.88;74.74;23.31;3.75;1.55;2.2;5.08;80.74980430931488;26.224779234680227;1965.83
2023-06-12;1.07478;139.437;4308.32;71.8;23.15;3.73;1.56;2.17;5.08;81.34854340689026;27.26309192200557;1961.28
2023-06-13;1.07579;139.592;4352.61;74.24;23.53;3.84;1.64;2.2;5.08;82.1019727115279;26.179956896551726;1957.3
2023-06-14;1.079;140.208;4366.29;73.39;23.64;3.83;1.62;2.21;5.08;81.17585587091921;26.460961983921514;1943.4
2023-06-15;1.08332;140.0475;4365.33;75.75;23.86;3.72;1.51;2.21;5.07;81.98145201808742;25.84877887788779;1941.74
2023-06-16;1.09429;140.287;4440.95;76.76;24.03;3.77;1.55;2.22;5.08;80.97971014492754;25.477592496091713;1957.3
2023-06-19;1.09403;141.8075;;76.09;;;;;;81.41554131619043;25.632146142725716;1957.56
2023-06-20;1.09218;141.9445;4396.11;75.79;23.91;3.74;1.52;2.22;5.07;83.620875798929;25.548555218366538;1950.47
2023-06-21;1.09186;141.392;4380.01;76.92;23.86;3.72;1.51;2.21;5.07;85.2837348865943;25.12610504420177;1936.56
2023-06-22;1.09848;141.8595;4355.4;73.93;24.16;3.8;1.56;2.24;5.07;85.99281060435857;25.886243744082236;1932.92
2023-06-23;1.09563;143.089;4354.17;73.56;23.43;3.74;1.53;2.21;5.07;85.62664525052425;26.08958673191952;1914.1
2023-06-26;1.08995;143.63;4344.84;73.86;23.45;3.72;1.54;2.18;5.07;84.38547608600264;26.03770647170322;1920.73
2023-06-27;1.09067;143.483;4337.36;71.88;23.4;3.77;1.57;2.2;5.07;83.71675415573054;26.624443516972736;1923.4
2023-06-28;1.09605;144.031;4367.48;73.64;23.03;3.71;1.53;2.18;5.07;84.05345260653064;25.902023356871265;1914.22
2023-06-29;1.09146;144.389;4374.94;73.86;22.74;3.85;1.65;2.2;5.07;84.53242668556746;25.83583807202816;1907.78
2023-06-30;1.08646;144.7525;4422.44;74.51;23.05;3.81;1.59;2.22;5.08;84.31108671789242;25.770836129378605;1908.69
2023-07-03;1.09084;144.3015;4450.48;74.52;23.33;3.86;1.61;2.25;5.08;83.89574101159161;25.786231884057973;1919.93
2023-07-04;1.09115;144.66;;76.23;;;;;;83.83297784355548;25.26426603699331;1921.55
2023-07-05;1.08794;144.4595;4442.04;76.74;23.23;3.95;1.69;2.26;5.08;82.80843980370538;24.957453739900966;1925.68
2023-07-06;1.08565;144.5715;4422.62;76.72;23.1;4.05;1.78;2.27;5.08;84.10576351752822;24.907781543274243;1915.46
2023-07-07;1.08899;144.0425;4404.54;78.77;23.1;4.06;1.79;2.27;5.08;83.3482722785139;24.436270153611783;1910.92
2023-07-10;1.09659;142.157;4394.23;77.83;23.23;4.01;1.76;2.25;5.07;83.18621732555629;24.73782603109341;1924.88
2023-07-11;1.10002;141.3365;4415.55;79.54;23.44;3.99;1.75;2.24;5.08;83.55748232394212;24.292494342469194;1925.45
2023-07-12;1.10075;140.356;4467.69;80.35;23.6;3.86;1.6;2.26;5.08;81.1317431040557;24.36123210952085;1932.27
2023-07-13;1.11297;138.437;4491.5;81.31;24.02;3.76;1.52;2.24;5.08;78.80831306654875;24.11111794367236;1957.16
2023-07-14;1.12254;138.051;4514.61;79.9;24.36;3.83;1.59;2.24;5.08;78.49222922774186;24.46226533166458;1960.39
2023-07-17;1.1231;138.724;4508.86;77.8;23.69;3.81;1.56;2.25;5.08;78.70425540480696;25.127699228791773;1955.325
2023-07-18;1.12382;138.709;4521.78;79.54;23.55;3.8;1.57;2.23;5.08;78.9752953384419;24.87811164194116;1954.7
2023-07-19;1.12292;138.827;4563.87;79.38;23.48;3.75;1.53;2.22;5.08;78.58999840992209;24.905643738977073;1978.87
2023-07-20;1.12007;139.6165;4554.38;79.62;23.89;3.85;1.5;2.35;5.08;79.53679959616356;24.736623963828183;1975.8
2023-07-21;1.11354;140.0645;4550.16;81.06;23.65;3.84;1.49;2.35;5.08;79.76993740346313;24.210461386627188;1970.29
2023-07-24;1.11311;141.733;4543.39;82.53;23.59;3.86;1.48;2.38;5.08;80.29635866998008;23.68659881255301;1962.075
2023-07-25;1.10642;141.4535;4555.19;83.46;24.35;3.91;1.52;2.39;5.08;79.59715639810426;23.54439252336449;1955.26
2023-07-26;1.10569;140.9405;4558.96;82.98;24.34;3.86;1.5;2.36;5.08;79.09745337878485;23.768317666907688;1965.18
2023-07-27;1.10872;140.198;4598.26;84.28;24.02;4.01;1.64;2.37;5.33;80.62343312959702;23.08548884670147;1971.91
2023-07-28;1.09775;139.439;4565.75;84.49;24.12;3.96;1.58;2.38;5.33;80.54991365841624;23.18777370102971;1946.4
2023-07-31;1.10191;141.061;4584.82;85.22;24.5;3.97;1.6;2.37;5.33;79.39952737775444;23.064714855667685;1959.055
2023-08-01;1.09985;142.2735;4578.83;85.34;24.39;4.05;1.68;2.37;5.33;80.01872697713662;22.781520974923833;1965.78
2023-08-02;1.10155;142.7765;4550.93;84.01;23.89;4.08;1.72;2.36;5.33;81.58950031625554;23.03172241399833;1949.55
2023-08-03;1.09391;143.298;4494.27;86.19;23.83;4.2;1.83;2.37;5.33;82.04131407605352;22.440712379626408;1935.15
2023-08-04;1.09497;142.5245;4513.96;87.38;23.86;4.05;1.67;2.38;5.33;82.25364345026267;22.219214923323417;1934.35
2023-08-07;1.10116;141.7425;4491.58;86.47;23.94;4.09;1.68;2.41;5.33;83.71242084332923;22.396727188620332;1942.985
2023-08-08;1.10032;142.483;4498.03;88.0;23.28;4.02;1.66;2.36;5.33;84.53032731104429;21.87846590909091;1936.61
2023-08-09;1.09554;143.3425;4501.57;89.31;23.47;4.0;1.66;2.34;5.33;84.45034952698084;21.439760385175234;1925.31
2023-08-10;1.09766;143.6815;4487.16;87.44;23.52;4.09;1.76;2.33;5.33;84.25301788703851;21.87071134492223;1914.9
2023-08-11;1.09832;144.7005;4450.69;87.93;23.06;4.16;1.8;2.36;5.33;84.37666718105862;21.763959968156485;1912.82
2023-08-14;1.09487;144.974;4458.13;87.4;22.99;4.19;1.83;2.36;5.33;84.3930981086163;21.824885583524026;1912.965
2023-08-15;1.09052;145.548;4478.87;86.28;22.83;4.21;1.89;2.32;5.33;84.41074004216132;22.044332406119608;1907.47
2023-08-16;1.09046;145.569;4433.79;84.49;22.69;4.28;1.96;2.32;5.33;84.41311621681909;22.39460291158717;1901.87
2023-08-17;1.08823;146.278;4416.32;85.24;22.98;4.3;1.97;2.33;5.33;83.2711165957822;22.16541529798217;1892.19
2023-08-18;1.0872;145.829;4344.88;85.92;22.88;4.26;1.94;2.32;5.33;83.0285186975436;21.991154562383613;1889.58
2023-08-21;1.08768;145.414;4380.28;85.44;23.03;4.34;2.0;2.34;5.33;81.27662312592498;22.17556179775281;1889.475
2023-08-22;1.08965;146.2195;4415.33;84.7;23.28;4.34;1.99;2.35;5.33;81.0616255473673;22.402007083825264;1894.73
2023-08-23;1.08454;145.87;4396.44;83.94;23.34;4.19;1.84;2.35;5.33;78.78933081067741;22.821122230164406;1897.47
2023-08-24;1.08629;144.8285;4455.16;84.07;23.33;4.23;1.91;2.32;5.33;79.4540932642487;22.800404424884025;1915.42
2023-08-25;1.0812;145.84;4389.38;85.42;23.29;4.25;1.92;2.33;5.33;78.98970518454334;22.411086396628424;1917.17
2023-08-28;1.07968;146.4345;4426.03;;23.33;4.2;1.9;2.3;5.33;79.22251789508427;;1915.74
2023-08-29;1.08195;146.5355;4432.75;86.37;23.32;4.12;1.83;2.29;5.33;78.37007523663134;22.43215236772027;1920.27
2023-08-30;1.08787;145.9135;4500.34;86.62;23.66;4.12;1.86;2.26;5.33;78.92175184854148;22.426460401754788;1937.53
2023-08-31;1.09263;146.1775;4517.01;87.29;23.51;4.09;1.85;2.24;5.33;79.38845241018088;22.225856340932523;1942.87
2023-09-01;1.08423;145.545;4530.6;89.98;23.93;4.18;1.92;2.26;5.33;80.2757094398941;21.56684818848633;1940.19
2023-09-04;1.07754;146.221;;90.42;;;;;;80.81530122993537;21.43723733687237;1939.66
2023-09-05;1.0795;146.4665;4510.06;91.25;23.58;4.27;1.98;2.29;5.33;81.80395404642076;21.108109589041096;1938.73
2023-09-06;1.07233;147.6915;4490.35;91.79;23.48;4.3;2.0;2.3;5.33;82.70146065718787;20.879888876783962;1926.4
2023-09-07;1.07247;147.637;4434.55;91.16;23.15;4.27;1.95;2.32;5.33;83.56898765862047;21.058633172444054;1917.03
2023-09-08;1.06968;147.2815;4451.3;91.85;22.88;4.26;1.93;2.33;5.33;83.73712914485165;20.89553620032662;1919.7
2023-09-11;1.07162;146.822;4480.98;91.97;23.4;4.29;1.94;2.35;5.33;83.29715325620694;20.902631292812874;1918.885
2023-09-12;1.07505;146.5655;4473.27;93.58;23.3;4.27;1.93;2.34;5.33;82.9381677900349;20.44694379140842;1922.79
2023-09-13;1.07596;147.1205;4462.65;93.04;23.48;4.25;1.9;2.35;5.33;83.56850379907596;20.50994196044712;1913.2
2023-09-14;1.073;147.371;4487.78;95.2;23.41;4.29;1.95;2.34;5.33;84.36219533733663;20.06969537815126;1908.91
2023-09-15;1.06434;147.422;4497.98;95.55;23.52;4.33;1.98;2.35;5.33;83.5218090190286;20.120408163265306;1911.08
2023-09-18;1.06647;147.7955;4445.13;95.95;23.39;4.32;1.96;2.36;5.33;83.17583551980731;20.153778009379884;1924.15
2023-09-19;1.06918;147.61;4445.41;96.11;23.1;4.37;2.0;2.37;5.33;83.24612632803914;20.096087816044115;1933.83
2023-09-20;1.06794;147.7785;4452.81;94.56;23.21;4.35;2.0;2.35;5.33;83.05496396687103;20.414604483925547;1931.94
2023-09-21;1.0664;148.1995;4374.36;93.7;22.78;4.49;2.11;2.38;5.33;82.0542296104784;20.492102454642474;1930.61
2023-09-22;1.06592;147.58;4341.74;93.99;22.99;4.44;2.07;2.37;5.33;81.76727890434229;20.485317586977338;1920.06
2023-09-25;1.06468;148.3255;4310.62;94.01;22.71;4.55;2.18;2.37;5.33;82.83413674585503;20.38075736623763;1925.025
2023-09-26;1.05922;148.847;4312.88;94.46;22.68;4.56;2.23;2.33;5.33;83.18190770038731;20.12137412661444;1916.24
2023-09-27;1.0572;149.0105;4282.63;97.1;22.46;4.61;2.27;2.34;5.33;83.16597179100506;19.310607621009268;1900.72
2023-09-28;1.05058;149.491;4269.65;96.64;22.84;4.59;2.2;2.39;5.33;82.44286282657708;19.297806291390728;1876.53
2023-09-29;1.05648;149.2815;4328.18;95.86;23.21;4.59;2.24;2.35;5.33;83.33663946620982;19.28322553724181;1865.49
2023-10-02;1.05683;149.518;4284.52;91.21;22.7;4.69;2.34;2.35;5.33;86.86038775898119;20.040456090340975;1848.09
2023-10-03;1.04797;149.8405;4269.75;94.46;22.35;4.81;2.45;2.36;5.33;86.14176018901358;19.298909591361422;1829.23
2023-10-04;1.04651;149.0405;4233.83;89.83;22.26;4.73;2.4;2.33;5.33;86.69110122093437;20.27440721362574;1823.69
2023-10-05;1.05066;149.019;4259.31;88.28;22.12;4.72;2.41;2.31;5.33;86.79246632494934;20.619109651110104;1821.83
2023-10-06;1.05482;148.4875;4234.79;87.86;22.46;4.78;2.47;2.31;5.33;84.96319346074355;20.8215911677669;1820.8
2023-10-09;1.05572;149.0575;4289.02;91.37;22.55;;;;;85.05265803120645;20.37326255882675;1846.34
2023-10-10;1.05664;148.54;4339.75;90.7;22.33;4.66;2.34;2.32;5.33;85.19358014515649;20.512679162072768;1861.45
2023-10-11;1.06036;148.6965;4366.59;87.58;22.47;4.58;2.26;2.32;5.33;85.04117420203715;21.401575702215116;1860.15
2023-10-12;1.06201;149.0955;4380.94;88.4;22.37;4.7;2.36;2.34;5.33;85.6270332187858;21.140384615384612;1874.75
2023-10-13;1.05314;149.7705;4360.49;94.33;22.16;4.63;2.29;2.34;5.33;85.00209394079658;20.441323014947525;1869.1
2023-10-16;1.05184;149.459;4342.37;90.99;22.18;4.71;2.33;2.38;5.33;84.92636001769128;21.103253104736783;1929.33
2023-10-17;1.056;149.543;4345.23;92.52;22.01;4.83;2.42;2.41;5.33;84.32257640198185;20.78626242974492;1920.12
2023-10-18;1.05765;149.7815;4357.35;91.99;22.34;4.91;2.47;2.44;5.33;85.22512470464689;21.17333405804979;1924.05
2023-10-19;1.05365;149.7935;4321.36;93.12;22.28;4.98;2.49;2.49;5.33;85.64175414244816;21.20258805841924;1947.87
2023-10-20;1.05808;149.786;4273.85;93.72;22.12;4.93;2.46;2.47;5.33;84.7915372920191;21.125053350405462;1973.55
2023-10-23;1.05963;149.8225;4210.4;91.88;22.16;4.86;2.45;2.41;5.33;85.85260775908961;21.47202873313017;1973.72
2023-10-24;1.06686;149.717;4235.79;88.0;22.4;4.83;2.43;2.4;5.33;86.01125801806518;22.39909090909091;1973.62
2023-10-25;1.05907;149.8645;4232.42;90.14;22.37;4.95;2.52;2.43;5.33;86.59135645859762;21.96100510317284;1971.01
2023-10-26;1.05677;150.164;4175.99;88.45;22.24;4.86;2.44;2.42;5.33;87.07861717995964;22.440587902769924;1980.66
2023-10-27;1.05613;150.3805;4152.93;90.73;22.59;4.84;2.42;2.42;5.33;86.87859770612421;22.12421470296484;1984.72
2023-10-30;1.05611;149.717;4139.39;90.73;22.76;4.88;2.44;2.44;5.33;85.64119073680595;21.98986002424777;2001.48
2023-10-31;1.06121;149.123;4171.33;86.82;22.61;4.88;2.46;2.42;5.33;86.85733041575492;22.85982492513246;1995.12
2023-11-01;1.05799;151.406;4201.27;86.92;22.76;4.77;2.36;2.41;5.33;86.2913748858249;22.824723884031293;1984.9
2023-11-02;1.05786;150.669;4268.26;89.02;22.82;4.67;2.27;2.4;5.33;87.35642300752542;22.2983599191193;1983.83
2023-11-03;1.06174;150.48;4334.23;87.55;22.88;4.57;2.18;2.39;5.33;85.82744658855961;22.759223300970874;1985.01
2023-11-06;1.07263;149.3755;4364.27;87.31;23.12;4.67;2.25;2.42;5.33;85.8856733462148;22.654793265376245;1992.57
2023-11-07;1.07217;149.993;4366.21;83.43;22.88;4.58;2.19;2.39;5.33;86.99491937265297;23.602181469495385;1978.13
2023-11-08;1.06989;150.3505;4384.37;81.46;22.87;4.49;2.15;2.34;5.33;86.49075347022041;23.941566412963418;1969.33
2023-11-09;1.0707;150.8965;4391.41;81.74;22.73;4.62;2.29;2.33;5.33;86.50713370731923;23.959322241252753;1950.03
2023-11-10;1.067;151.3135;4364.15;83.66;22.51;4.61;2.29;2.32;5.33;87.16906798739306;23.141584986851544;1958.27
2023-11-13;1.06868;151.4695;4406.66;84.09;22.65;4.63;2.32;2.31;5.33;87.21923456126198;23.1443691283149;1938.78
2023-11-14;1.06996;151.6845;4458.97;84.2;23.02;4.44;2.16;2.28;5.33;85.03161952614025;23.31502375296912;1946.3
2023-11-15;1.08761;150.463;4505.3;82.4;23.05;4.53;2.22;2.31;5.33;83.58302228857843;23.77906553398058;1962.81
2023-11-16;1.08499;151.2855;4497.08;77.73;23.13;4.45;2.18;2.27;5.33;83.4377039860184;25.489129036408077;1959.975
2023-11-17;1.08535;150.7085;4509.55;81.22;23.09;4.44;2.16;2.28;5.33;83.45615032968884;24.387958630879094;1981.175
2023-11-20;1.09103;149.659;4511.7;83.25;23.32;4.42;2.12;2.3;5.33;84.40250901410253;23.75993993993994;1978.57
2023-11-21;1.0942;148.343;4538.77;82.42;23.72;4.41;2.16;2.25;5.33;84.15598088139305;24.24666343120602;1977.785
2023-11-22;1.09103;148.2635;4553.04;81.76;23.43;4.42;2.16;2.26;5.33;84.18046830382639;24.338307240704502;1998.63
2023-11-23;1.08861;149.5175;;80.85;;;;;;83.61771307503514;24.651453308596167;1989.43
2023-11-24;1.09067;149.488;4555.84;79.82;23.51;4.47;2.21;2.26;5.33;82.29507859858214;25.08700826860436;1993.185
2023-11-27;1.09444;149.5185;4554.86;79.49;23.55;4.39;2.18;2.21;5.33;81.7079800397582;25.336771920996352;2002.0
2023-11-28;1.09547;148.641;4545.55;81.66;23.74;4.34;2.12;2.22;5.33;81.54015181781861;24.99326475630664;2015.255
2023-11-29;1.09942;147.428;4571.84;82.98;23.9;4.27;2.06;2.21;5.33;81.69304240099109;24.634912026994453;2041.245
2023-11-30;1.09717;147.077;4554.87;81.72;23.38;4.37;2.14;2.23;5.33;80.5743737881366;24.916727851199216;2044.735
2023-12-01;1.08922;148.1655;4559.43;78.72;24.05;4.22;2.0;2.22;5.33;81.31680213609769;26.30710111788618;2037.13
2023-12-04;1.08834;146.7045;4564.37;78.16;23.88;4.28;2.07;2.21;5.33;82.82163772522293;25.964943705220062;2074.01
2023-12-05;1.08348;147.1185;4557.25;77.27;23.51;4.18;2.01;2.17;5.33;83.58195364238411;26.13355765497606;2029.74
2023-12-06;1.07976;147.1095;4586.23;74.33;23.5;4.12;1.98;2.14;5.33;84.73767885532591;27.248755549576217;2019.335
2023-12-07;1.07683;147.2225;4568.84;74.21;23.43;4.14;1.97;2.17;5.33;85.2244417837713;27.33647756367067;2026.52
2023-12-08;1.0794;144.198;4576.2;75.94;23.66;4.23;2.02;2.21;5.33;86.97136157370214;26.373716091651303;2028.7
2023-12-11;1.07619;145.021;4593.39;75.75;23.56;4.23;2.04;2.19;5.33;86.83753943217665;26.164752475247525;2003.76
2023-12-12;1.07647;146.152;4618.3;74.11;23.44;4.2;2.04;2.16;5.33;86.92942778094945;26.70989070300904;1982.03
2023-12-13;1.07968;145.434;4646.2;74.14;23.37;4.04;1.88;2.16;5.33;85.16654765405133;27.34772052872943;1979.91
2023-12-14;1.08775;142.577;4721.04;77.05;24.08;3.92;1.7;2.22;5.33;84.22275988998491;26.429331602855292;2028.55
2023-12-15;1.09924;141.882;4714.23;76.84;23.89;3.91;1.69;2.22;5.33;84.68925723877466;26.264250390421655;2036.275
2023-12-18;1.08961;142.2285;4725.58;78.89;23.95;3.95;1.74;2.21;5.33;85.1605721366911;25.69768031436177;2019.95
2023-12-19;1.09222;142.8045;4743.72;79.82;24.14;3.93;1.74;2.19;5.33;84.82569379482383;25.560886995740418;2027.595
2023-12-20;1.09835;143.867;4764.73;81.1;24.16;3.86;1.67;2.19;5.33;84.10902465787458;25.046547472256478;2040.155
2023-12-21;1.09445;143.461;4724.29;80.73;24.16;3.89;1.7;2.19;5.33;83.84982683361682;25.34138486312399;2032.265
2023-12-22;1.10087;142.1735;4753.92;80.23;24.25;3.9;1.71;2.19;5.33;85.0031048186786;25.59310731646516;2049.815
2023-12-25;;;;;;;;;;;;
2023-12-26;1.10144;142.346;4758.86;;24.42;3.89;1.71;2.18;5.33;85.35940563409349;;2053.855
2023-12-27;1.10418;142.404;4773.45;80.97;24.25;3.79;1.64;2.15;5.33;85.6067161104244;25.659812276151662;2068.395
2023-12-28;1.11059;141.613;4786.44;79.04;24.34;3.84;1.68;2.16;5.33;86.14276181340452;26.131642206477732;2077.86
2023-12-29;1.10628;141.356;4782.88;77.69;24.14;3.88;1.72;2.16;5.33;86.70694038788847;26.557278929077103;2066.535
2024-01-01;;;;;;;;;;;;
2024-01-02;1.10449;140.9175;4745.2;76.24;23.99;3.95;1.74;2.21;5.33;87.02749540334341;27.00603357817419;2063.76
2024-01-03;1.0942;142.061;4725.07;77.18;23.74;3.91;1.71;2.2;5.33;88.8146875203933;26.45050531225706;2059.14
2024-01-04;1.0923;143.1455;4697.42;75.79;23.69;3.99;1.77;2.22;5.33;88.81954102920723;26.963451642696924;2042.175
2024-01-05;1.09471;144.6005;4690.57;78.31;23.9;4.05;1.83;2.22;5.33;88.1672490401622;26.09890180053633;2043.945
2024-01-08;1.09457;144.556;4703.7;75.47;23.63;4.01;1.79;2.22;5.33;87.766958779617;26.87259838346363;2045.37
2024-01-09;1.09519;144.2265;4741.93;77.97;23.55;4.02;1.8;2.22;5.33;88.36028115683415;26.03834808259587;2028.35
2024-01-10;1.09289;144.411;4759.94;78.46;23.55;4.04;1.82;2.22;5.33;88.40517053146425;25.80155493244966;2030.53
2024-01-11;1.09727;145.6585;4792.13;80.21;23.57;3.98;1.76;2.22;5.33;89.18267328908618;25.29603540705648;2024.42
2024-01-12;1.09728;145.3505;4791.18;79.89;23.49;3.96;1.69;2.27;5.33;88.41825718974003;25.630116410063838;2029.105
2024-01-15;1.09497;144.981;;79.76;;;;;;88.47617817391118;25.76247492477432;2048.62
2024-01-16;1.09498;145.7415;4772.35;80.15;23.46;4.07;1.77;2.3;5.33;88.50251979841612;25.30686213349969;2054.92
2024-01-17;1.08759;147.1205;4739.13;78.88;23.29;4.1;1.8;2.3;5.33;88.9417919049519;25.434330628803245;2028.1
2024-01-18;1.08831;148.122;4760.1;81.04;23.18;4.14;1.8;2.34;5.33;88.94618834080718;24.965078973346493;2006.02
2024-01-19;1.08755;148.1375;4796.28;80.71;23.49;4.15;1.81;2.34;5.33;89.82906739881321;25.133440713666214;2024.35
2024-01-22;1.08919;148.24;4853.42;81.7;23.41;4.11;1.8;2.31;5.33;91.48542854556973;24.74473684210526;2029.99
2024-01-23;1.08819;147.9845;4856.8;82.04;23.57;4.14;1.85;2.29;5.33;90.41839326293275;24.735007313505605;2021.945
2024-01-24;1.0854;148.398;4888.56;82.15;24.14;4.18;1.88;2.3;5.33;88.84031760035288;24.516250760803405;2029.03
2024-01-25;1.08859;147.4595;4886.66;82.33;24.11;4.14;1.85;2.29;5.33;88.20181564245812;24.546094983602575;2014.49
2024-01-26;1.08469;147.6465;4888.91;83.34;24.04;4.15;1.85;2.3;5.33;88.51054500811155;24.221982241420687;2020.545
2024-01-29;1.08463;148.109;4892.95;83.99;24.02;4.08;1.78;2.3;5.33;87.60461107519932;24.20365519704727;2023.9
2024-01-30;1.08345;147.507;4925.89;84.14;24.17;4.06;1.8;2.26;5.33;87.94931024805165;24.209056334680294;2032.895
2024-01-31;1.0844;147.605;4899.19;82.98;24.47;3.99;1.73;2.26;5.33;88.9147067157835;24.579055194022654;2037.115
2024-02-01;1.0814;146.872;4861.11;82.2;23.9;3.87;1.68;2.19;5.33;88.66505587435819;24.99987834549878;2039.93
2024-02-02;1.08731;146.4435;4916.06;79.54;23.8;4.03;1.82;2.21;5.33;89.84600110314395;25.598881066130247;2054.825
2024-02-05;1.07817;148.4755;4957.19;79.3;23.52;4.17;1.9;2.27;5.33;90.57921102066375;25.538083228247164;2039.8
2024-02-06;1.07432;148.6715;4950.16;80.46;23.59;4.09;1.85;2.24;5.33;90.78161227037631;25.30512055679841;2025.04
2024-02-07;1.07543;147.8885;4973.05;81.18;23.45;4.09;1.86;2.23;5.33;91.60305171715353;25.069536831731952;2036.055
2024-02-08;1.0772;148.0575;4995.16;83.01;23.02;4.15;1.91;2.24;5.33;90.0830215413226;24.508854354897;2035.2
2024-02-09;1.07772;149.287;5004.17;83.58;22.91;4.17;1.92;2.25;5.33;89.56195825225545;24.230378080880595;2034.57
2024-02-12;1.07853;149.2575;5026.83;83.88;23.02;4.17;1.93;2.24;5.33;89.01577578989115;24.08243919885551;2023.51
2024-02-13;1.07725;149.3355;4967.94;84.72;23.28;4.31;2.02;2.29;5.33;90.09831397188445;23.527443342776202;2019.885
2024-02-14;1.07107;150.643;4976.44;84.41;23.16;4.27;1.97;2.3;5.33;89.05949666979572;23.60324606089326;1993.295
2024-02-15;1.07282;150.5045;5003.14;84.33;23.31;4.24;1.94;2.3;5.33;87.42857142857143;23.76734258271078;1992.575
2024-02-16;1.0773;149.9065;5031.13;84.88;23.76;4.3;1.97;2.33;5.33;86.02094912355707;23.704406220546655;2004.335
2024-02-19;1.07726;150.183;;85.52;;;;;;87.78432694608175;23.5971702525725;2015.2
2024-02-20;1.07792;150.1285;4989.32;84.78;23.93;4.27;1.95;2.32;5.33;87.98013820678865;23.877506487379097;2018.0
2024-02-21;1.08097;149.96;4963.03;84.77;24.23;4.32;1.98;2.34;5.33;88.52601913750163;23.901085289607174;2024.425
2024-02-22;1.08198;150.3205;5038.83;85.84;24.11;4.33;2.02;2.31;5.33;88.99854925924298;23.583993476234856;2025.97
2024-02-23;1.0823;150.52;5100.92;84.18;24.1;4.26;1.96;2.3;5.33;88.70726076919728;24.19375148491328;2024.575
2024-02-26;1.08226;150.4325;5093.0;84.01;23.86;4.28;1.97;2.31;5.33;90.19204298210559;24.1782525889775;2034.5
2024-02-27;1.08503;150.662;5074.6;83.8;24.01;4.31;1.99;2.32;5.33;90.40922652179721;24.22816229116945;2031.45
2024-02-28;1.08444;150.484;5067.2;84.08;23.86;4.27;1.94;2.33;5.33;90.5760840530674;24.19743101807802;2030.7
2024-02-29;1.08388;150.651;5085.36;84.57;23.99;4.25;1.92;2.33;5.33;90.16783556084866;24.17163296677309;2035.32
2024-03-01;1.08053;149.9875;5098.51;84.82;23.88;4.19;1.87;2.32;5.33;89.96524179620033;24.56490214572035;2043.93
2024-03-04;1.08416;150.1195;5130.99;86.58;24.04;4.22;1.88;2.34;5.33;88.51321655051171;24.423943173943176;2082.21
2024-03-05;1.08561;150.4465;5110.52;85.82;24.0;4.13;1.81;2.32;5.33;89.8827753722674;24.793171754835704;2114.96
2024-03-06;1.08567;150.024;5108.03;86.59;24.06;4.11;1.81;2.3;5.33;88.84449132386094;24.8049428340455;2127.98
2024-03-07;1.08983;149.334;5132.38;84.88;24.36;4.09;1.81;2.28;5.33;88.91008622996027;25.449045711592834;2148.815
2024-03-08;1.09474;147.919;5164.46;84.29;24.27;4.09;1.81;2.28;5.33;89.62358509981478;25.832305137026932;2159.52
2024-03-11;1.09378;147.048;5111.96;83.44;24.37;4.1;1.83;2.27;5.33;89.09107616908311;26.14327660594439;2177.355
2024-03-12;1.09254;146.942;5134.3;83.66;24.5;4.16;1.86;2.3;5.33;89.41677194871902;25.802713363614632;2181.285
2024-03-13;1.09276;147.585;5173.49;83.95;24.89;4.19;1.89;2.3;5.33;86.86658677851008;25.904764740917212;2158.855
2024-03-14;1.09489;147.708;5175.14;86.16;25.25;4.29;1.99;2.3;5.33;87.10610090264346;25.08849814298979;2174.755
2024-03-15;1.08842;148.263;5123.31;85.39;25.52;4.31;1.99;2.32;5.33;85.61929155746168;25.24961939337159;2161.545
2024-03-18;1.08867;148.979;5154.77;86.47;25.91;4.34;2.03;2.31;5.33;86.3444790667945;24.995663235804326;2155.06
2024-03-19;1.08721;149.043;5139.09;87.36;25.43;4.3;2.0;2.3;5.33;86.64639775235803;24.71148122710623;2161.295
2024-03-20;1.08657;150.843;5181.69;85.77;25.24;4.27;1.96;2.31;5.33;85.83868010999083;25.659029963856828;2158.795
2024-03-21;1.09324;150.855;5253.43;84.92;25.42;4.27;1.93;2.34;5.33;88.13911673198918;25.68717616580311;2200.945
2024-03-22;1.08619;151.552;5242.48;84.87;25.11;4.22;1.87;2.35;5.33;87.75330307205965;25.512254035583833;2181.305
2024-03-25;1.08086;151.284;5219.52;86.18;25.0;4.25;1.92;2.33;5.33;88.07059157442322;25.20404966349501;2166.405
2024-03-26;1.08372;151.417;5228.85;85.91;25.1;4.24;1.92;2.32;5.33;89.24474579048712;25.356477709230592;2172.185
2024-03-27;1.08328;151.534;5226.31;84.94;24.86;4.2;1.88;2.32;5.33;89.18900777022904;25.810631033670827;2178.385
2024-03-28;1.08139;151.332;5248.03;86.17;25.01;4.2;1.88;2.32;5.33;89.4669603524229;25.925380062666818;2192.525
2024-03-29;;;;;;;;;5.33;;;
2024-04-01;1.07884;151.297;5257.97;;25.49;4.33;1.98;2.35;5.33;89.7707793502093;;2239.27
2024-04-02;1.07441;151.6305;5204.29;87.63;25.61;4.36;2.0;2.36;5.33;87.24158377964804;26.02413557001027;2251.025
2024-04-03;1.07728;151.5795;5194.37;90.6;25.82;4.36;2.0;2.36;5.33;84.62944909408627;25.391169977924946;2280.33
2024-04-04;1.08336;151.656;5244.05;90.32;26.41;4.31;1.97;2.34;5.33;85.13377429304;25.365755093002658;2299.77
2024-04-05;1.0838;151.321;5158.95;92.81;26.36;4.39;2.02;2.37;5.33;84.85192082968156;25.03593362784183;2290.935
2024-04-08;1.08383;151.615;5211.37;91.73;26.82;4.42;2.04;2.38;5.33;83.98825979248194;25.502289327373813;2324.4
2024-04-09;1.08597;151.817;5217.03;92.13;27.04;4.36;2.0;2.36;5.33;83.5787230263742;25.53945511776837;2338.97
2024-04-10;1.08577;151.7675;5167.88;91.57;26.7;4.55;2.15;2.4;5.33;83.58034195685258;25.490772086928036;2352.925
2024-04-11;1.07437;153.0205;5172.95;91.49;26.7;4.56;2.16;2.4;5.33;83.40686576084092;25.93234233249536;2333.96
2024-04-12;1.07271;153.212;5171.51;93.12;27.23;4.5;2.11;2.39;5.33;83.59251529583845;25.16258591065292;2371.94
2024-04-15;1.06363;153.1925;5149.67;90.84;27.21;4.63;2.2;2.43;5.33;82.53450156707243;26.235413914575076;2363.95
2024-04-16;1.06253;154.2305;5064.59;91.29;27.01;4.67;2.24;2.43;5.33;84.7772559066325;26.09902508489429;2382.985
2024-04-17;1.06176;154.67;5068.97;89.54;27.34;4.59;2.2;2.39;5.33;83.63172533527025;26.36117936117936;2382.25
2024-04-18;1.0672;154.3355;5031.52;88.34;27.55;4.64;2.24;2.4;5.33;84.25151820966342;26.93349558523885;2361.57
2024-04-19;1.06436;154.6115;5005.44;87.96;28.02;4.62;2.21;2.41;5.33;83.27747065901679;27.145179627103232;2378.695
2024-04-22;1.06577;154.5115;4987.33;87.3;28.04;4.62;2.21;2.41;5.33;85.57310436125616;26.65607101947308;2386.75
2024-04-23;1.06528;154.82;5028.85;88.29;27.61;4.61;2.2;2.41;5.33;85.03387409821657;26.299920715822854;2327.46
2024-04-24;1.07028;154.7825;5084.86;89.02;27.87;4.65;2.24;2.41;5.33;85.25767503497019;26.017861154796677;2321.87
2024-04-25;1.06983;155.232;5019.88;88.1;28.32;4.7;2.28;2.42;5.33;84.98724582756358;26.472417707150964;2315.545
2024-04-26;1.07295;155.592;5084.65;89.95;28.55;4.67;2.24;2.43;5.33;85.9503783148461;26.0153974430239;2332.0
2024-04-29;1.06959;158.0315;5114.13;88.44;28.86;4.63;2.22;2.41;5.33;86.05629651462677;26.41044776119403;2336.49
2024-04-30;1.07209;156.308;5103.78;88.23;28.5;4.69;2.28;2.41;5.33;86.9343981745579;25.90887453247195;2335.345
2024-05-01;1.06683;157.7125;5029.03;83.55;28.21;4.63;2.25;2.38;5.33;87.02996303870616;27.759485338120886;2286.555
2024-05-02;1.07141;154.257;5049.32;84.81;27.85;4.58;2.21;2.37;5.33;86.35092585651098;27.162716660771135;2320.46
2024-05-03;1.07249;153.717;5122.78;83.6;28.25;4.5;2.15;2.35;5.33;86.83670389375189;27.530143540669858;2303.845
2024-05-06;1.07636;152.846;5142.42;;28.73;4.49;2.14;2.35;5.33;84.67118446460451;;2304.565
2024-05-07;1.07692;153.8865;5187.2;82.69;28.62;4.47;2.15;2.32;5.33;84.94823788546255;27.983915830209213;2324.43
2024-05-08;1.0756;154.606;5168.98;82.44;28.25;4.48;2.17;2.31;5.33;84.44178219994879;28.00078845220767;2313.825
2024-05-09;1.07493;155.5225;5189.03;83.27;28.31;4.45;2.13;2.32;5.33;82.80863979671068;28.177014531043596;2308.495
2024-05-10;1.07814;155.4845;5225.49;83.39;28.86;4.5;2.16;2.34;5.33;83.7844975805165;28.341947475716513;2346.385
2024-05-13;1.07728;155.697;5233.08;83.18;29.14;4.48;2.15;2.33;5.33;82.84308685092277;28.08926424621303;2364.4
2024-05-14;1.07906;156.2135;5221.1;81.0;29.84;4.45;2.12;2.33;5.33;82.41388951994828;29.110925925925926;2336.005
2024-05-15;1.08178;156.424;5263.26;79.98;29.91;4.36;2.05;2.31;5.33;80.41401971522454;29.833520880220053;2358.205
2024-05-16;1.0884;154.7815;5310.07;81.65;29.86;4.38;2.07;2.31;5.33;80.34684425813866;29.10887936313533;2385.855
2024-05-17;1.08676;155.3555;5303.1;82.24;30.88;4.42;2.1;2.32;5.33;76.67533951009011;29.38351167315175;2377.09
2024-05-20;1.08695;155.633;5305.35;81.91;30.96;4.44;2.11;2.33;5.33;76.2263202538406;29.622268343303627;2418.63
2024-05-21;1.08602;156.221;5298.69;81.22;31.63;4.41;2.09;2.32;5.33;75.7062668084308;29.807128786013298;2426.48
2024-05-22;1.08558;156.1575;5319.28;79.9;30.33;4.43;2.1;2.33;5.33;77.23683356062082;29.77146433041301;2421.175
2024-05-23;1.08252;156.7005;5340.26;79.25;29.75;4.47;2.17;2.3;5.33;77.30610280327298;29.386561514195588;2379.775
2024-05-24;1.08151;156.984;5281.45;78.92;29.48;4.46;2.14;2.32;5.33;76.89070093073057;29.572034972123667;2329.04
2024-05-27;1.085;156.893;;;;;;;;74.29273457004707;;2336.24
2024-05-28;1.0858;156.8855;5315.91;81.34;30.06;4.54;2.2;2.34;5.33;73.55809968847352;29.02895254487337;2351.59
2024-05-29;1.08587;157.1615;5278.73;81.5;29.42;4.61;2.25;2.36;5.33;73.11025284193079;28.68478527607362;2361.06
2024-05-30;1.08041;157.592;5259.77;81.42;28.71;4.55;2.19;2.36;5.33;75.18593980619906;28.77972242692213;2338.175
2024-05-31;1.08338;156.7865;5243.21;79.41;28.67;4.51;2.16;2.35;5.33;76.61855704035283;29.31400327414683;2344.15
2024-06-03;1.08481;157.238;5297.15;76.45;28.76;4.41;2.08;2.33;5.33;76.49144214499545;30.74865925441465;2328.15
2024-06-04;1.09033;156.113;5278.24;75.33;28.12;4.33;2.02;2.31;5.33;78.89290073230269;30.891079251294308;2351.485
2024-06-05;1.08796;154.8105;5314.48;75.41;28.1;4.29;1.99;2.3;5.33;78.49546757315204;31.233722317994964;2326.955
2024-06-06;1.08709;156.05;5357.8;77.62;28.69;4.28;2.0;2.28;5.33;75.85305900943321;30.612406596238085;2356.8
2024-06-07;1.08907;155.6075;5343.81;78.12;27.86;4.43;2.13;2.3;5.33;78.42728597137716;29.287250384024578;2376.425
2024-06-10;1.07725;156.7745;5341.22;79.59;28.01;4.47;2.16;2.31;5.33;77.67433652116914;29.032478954642542;2295.27
2024-06-11;1.07657;157.02;5353.0;80.15;27.67;4.39;2.12;2.27;5.33;79.11456376984805;28.906674984404237;2312.08
2024-06-12;1.07424;157.1275;5409.13;80.52;28.22;4.31;2.09;2.22;5.33;78.19987554030644;28.87189518132141;2317.17
2024-06-13;1.08128;156.598;5441.93;81.44;28.01;4.24;2.03;2.21;5.33;79.54289659934403;28.290275049115916;2325.105
2024-06-14;1.07394;157.006;5424.08;81.49;27.55;4.2;2.03;2.17;5.33;78.86002129853445;28.624861946251073;2304.085
2024-06-17;1.07043;157.38;5431.11;82.45;27.27;4.28;2.06;2.22;5.33;78.70914644493467;28.128138265615522;2331.53
2024-06-18;1.07322;157.7355;5476.15;84.79;27.2;4.22;2.01;2.21;5.33;78.85550835265644;27.4738766363958;2319.435
2024-06-19;1.07409;157.8425;;85.64;;;;;;78.23073821444171;27.18618636151331;2329.36
2024-06-20;1.07452;158.0075;5499.99;85.92;28.0;4.25;2.0;2.25;5.33;76.78026482740671;27.467353351955307;2329.46
2024-06-21;1.07046;158.9115;5466.77;86.42;27.48;4.25;2.02;2.23;5.33;78.61799901829691;26.87358250404999;2360.145
2024-06-24;1.06918;159.736;5459.58;86.75;27.48;4.25;2.03;2.22;5.33;78.91352849705902;26.909740634005765;2323.485
2024-06-25;1.07331;159.603;5460.73;86.81;27.35;4.23;2.01;2.22;5.33;80.22428581310092;26.72048151134662;2334.435
2024-06-26;1.07147;159.663;5460.71;85.76;27.05;4.32;2.06;2.26;5.33;79.8818233954919;26.798507462686562;2319.21
2024-06-27;1.06809;160.7515;5473.59;87.0;27.26;4.29;2.03;2.26;5.33;80.33526011560694;26.757643678160917;2298.685
2024-06-28;1.07052;160.753;5488.48;87.26;27.4;4.36;2.08;2.28;5.33;79.86895663374838;26.6466307586523;2328.185
2024-07-01;1.07361;160.8405;5471.08;86.57;27.57;4.48;2.16;2.32;5.33;79.1814801609535;26.936063301374613;2326.39
2024-07-02;1.07394;161.4675;5461.84;88.28;27.63;4.43;2.13;2.3;5.33;78.90578691550799;26.388479836882645;2331.93
2024-07-03;1.07456;161.448;5507.44;88.25;28.04;4.36;2.09;2.27;5.33;77.25916453537937;26.69971671388102;2329.72
2024-07-04;1.07865;161.572;;88.34;;;;;;77.52129303824525;26.684910572786958;2356.93
2024-07-05;1.08128;161.253;5537.91;88.66;28.73;4.28;2.0;2.28;5.33;76.52203856749311;26.944112339273627;2356.745
2024-07-08;1.08211;160.6895;5572.75;87.15;28.72;4.28;2.01;2.27;5.33;76.68573750507925;27.06878944348824;2387.285
2024-07-09;1.08262;160.795;5584.24;86.48;28.54;4.3;2.04;2.26;5.33;76.75779664594054;27.336089269195188;2359.3
2024-07-10;1.08147;161.2905;5591.26;86.55;28.51;4.28;2.01;2.27;5.33;76.95082180000973;27.398671288272677;2363.905
2024-07-11;1.08298;161.578;5635.21;86.49;28.07;4.2;1.95;2.25;5.33;76.78121274735754;27.92629205688519;2371.19
2024-07-12;1.08668;158.944;5590.76;87.35;28.24;4.18;1.94;2.24;5.33;78.3681688997158;27.621751574127078;2415.415
2024-07-15;1.08904;158.161;5638.16;86.42;28.23;4.23;1.96;2.27;5.33;78.9524290673229;28.02939134459616;2412.66
2024-07-16;1.0896;158.0825;5644.09;86.6;27.62;4.17;1.91;2.26;5.33;78.996528166648;28.507621247113168;2422.44
2024-07-17;1.08993;158.3335;5610.07;85.76;27.52;4.16;1.9;2.26;5.33;81.13791226015081;28.672166511194032;2468.52
2024-07-18;1.09386;156.1695;5608.56;86.26;27.02;4.2;1.89;2.31;5.33;81.97928190686916;28.348713192673312;2459.035
2024-07-19;1.08976;157.3525;5543.37;85.19;26.5;4.25;1.93;2.32;5.33;82.08744010951403;28.15582814884376;2445.715
2024-07-22;1.08857;157.413;5544.54;83.44;26.06;4.26;1.96;2.3;5.33;82.27295353507613;28.7220757430489;2402.11
2024-07-23;1.08907;156.96;5565.3;82.2;25.91;4.25;1.96;2.29;5.33;82.41615788483574;29.313381995133817;2396.705
2024-07-24;1.08543;155.5895;5505.84;83.01;25.84;4.28;2.0;2.28;5.33;82.9577342952544;28.882303336947352;2409.075
2024-07-25;1.08405;153.772;5428.7;82.58;25.66;4.27;1.99;2.28;5.33;84.88269821040727;28.632235408089123;2397.335
2024-07-26;1.08461;153.9325;5433.67;81.35;25.81;4.2;1.93;2.27;5.33;85.52431638175108;29.334787953288266;2364.47
2024-07-29;1.0857;153.712;5476.55;80.94;25.59;4.17;1.92;2.25;5.33;85.57212591077133;29.45546083518656;2388.1
2024-07-30;1.08235;154.021;5478.73;79.26;25.39;4.15;1.9;2.25;5.33;84.92654829845698;30.415404996214985;2383.635
2024-07-31;1.08143;152.711;5505.59;81.39;26.19;4.09;1.85;2.24;5.33;84.38682985692122;30.072981938813122;2410.945
2024-08-01;1.08272;149.867;5537.84;81.37;26.05;3.99;1.79;2.2;5.33;85.7682531334911;30.06421285486051;2448.675
2024-08-02;1.07919;149.319;5376.63;78.35;25.8;3.8;1.76;2.04;5.33;85.42432579248953;31.109827696234845;2446.315
2024-08-05;1.0921;146.474;5151.14;77.51;25.0;3.78;1.71;2.07;5.33;88.45721939852106;31.09811637208102;2444.65
2024-08-06;1.09536;144.077;5206.42;76.62;25.13;3.9;1.78;2.12;5.33;88.6518958005006;31.202297050378487;2410.395
2024-08-07;1.09287;144.561;5293.13;78.26;25.01;3.96;1.85;2.11;5.33;89.54865743437493;30.447802197802194;2391.82
2024-08-08;1.09253;146.7345;5252.57;80.76;24.8;3.99;1.87;2.12;5.33;88.14291679526515;30.058197127290736;2381.62
2024-08-09;1.09175;147.2255;5314.66;81.07;25.3;3.94;1.84;2.1;5.33;88.64640773085077;29.962748242259778;2427.27
2024-08-12;1.09188;146.761;5351.88;83.06;25.33;3.9;1.79;2.11;5.33;88.44853795940267;29.771249699012763;2430.17
2024-08-13;1.0932;147.197;5376.98;82.51;25.21;3.85;1.76;2.09;5.33;88.49493825387707;29.87656041691916;2471.27
2024-08-14;1.09923;146.856;5442.36;82.15;25.44;3.83;1.77;2.06;5.33;88.80200964921828;29.799208764455265;2466.355
2024-08-15;1.10128;147.2565;5501.13;83.09;25.9;3.92;1.8;2.12;5.33;86.6376908699792;29.567757852930555;2447.96
2024-08-16;1.09723;149.3205;5530.5;81.56;25.78;3.89;1.81;2.08;5.33;86.57996478994788;30.75202305051496;2456.39
2024-08-19;1.10263;147.685;5557.23;81.09;26.14;3.86;1.79;2.07;5.33;85.04627192610077;30.882106301640153;2509.14
2024-08-20;1.10866;146.606;5602.88;78.85;26.32;3.82;1.75;2.07;5.33;85.39752365100124;31.88300570703868;2503.765
2024-08-21;1.11292;145.1385;5603.09;78.77;26.24;3.79;1.72;2.07;5.33;84.86615210525427;31.895645550336425;2513.825
2024-08-22;1.11487;145.1795;5637.77;78.8;26.2;3.86;1.76;2.1;5.33;85.73005796301408;31.53299492385787;2511.825
2024-08-23;1.11115;146.247;5602.49;80.34;26.09;3.81;1.68;2.13;5.33;84.16793765188972;31.253920836445108;2484.885
2024-08-26;1.11915;144.0485;5639.66;;26.69;3.82;1.67;2.15;5.33;84.18474808598843;;2512.18
2024-08-27;1.11608;144.514;5602.89;81.51;26.74;3.83;1.68;2.15;5.33;84.22599586308134;30.972764078027236;2517.9
2024-08-28;1.11839;143.9495;5624.51;80.04;26.44;3.84;1.69;2.15;5.33;85.95226656600667;31.293540729635183;2524.75
2024-08-29;1.11195;144.4575;5607.3;81.55;26.22;3.87;1.71;2.16;5.33;85.67993746920189;30.915695892090746;2504.63
2024-08-30;1.10787;145.005;5612.74;80.2;26.31;3.91;1.76;2.15;5.33;86.70558683412733;31.20374064837905;2521.36
2024-09-02;1.1048;146.101;;77.82;;;;;;87.54189650643552;32.1195065535852;2502.97
2024-09-03;1.10704;146.907;5623.89;76.46;25.54;3.84;1.73;2.11;5.33;88.87399511595159;32.60476065916819;2499.67
2024-09-04;1.10453;145.4515;5506.68;74.67;25.42;3.77;1.7;2.07;5.33;88.27597184393902;33.42239185750636;2493.04
2024-09-05;1.10837;143.651;5520.08;74.47;25.78;3.73;1.7;2.03;5.33;87.31473771856787;33.79562239828119;2495.54
2024-09-06;1.11092;143.4345;5507.33;72.82;25.75;3.72;1.69;2.03;5.33;89.39488906000966;34.27561109585279;2516.835
2024-09-09;1.10838;142.2;5442.07;72.37;25.8;3.7;1.66;2.04;5.33;88.40282186948852;34.63064805858781;2496.73
2024-09-10;1.10368;143.141;5490.51;70.34;25.71;3.65;1.63;2.02;5.33;88.61443661971832;35.77836224054592;2506.63
2024-09-11;1.10197;142.43;5496.42;70.31;25.8;3.65;1.61;2.04;5.33;87.58264751011299;35.72066562366662;2516.725
2024-09-12;1.10129;142.298;5557.48;73.81;26.14;3.68;1.63;2.05;5.33;85.65577611890336;34.667321501151605;2512.22
2024-09-13;1.10753;141.8265;5603.34;73.68;26.36;3.66;1.58;2.08;5.33;84.0496257728604;35.05489956568946;2558.725
2024-09-16;1.10766;140.763;5615.21;73.96;26.7;3.63;1.54;2.09;5.33;84.02915385491403;34.91765819361818;2578.7
2024-09-17;1.11318;140.6335;5655.51;74.55;26.67;3.65;1.53;2.12;5.33;83.69045874248864;34.46800804828974;2582.44
2024-09-18;1.11147;142.359;5641.68;74.52;26.86;3.7;1.58;2.12;5.33;85.06340685093157;34.339841653247454;2569.435
2024-09-19;1.11174;142.1325;5702.63;75.93;27.21;3.73;1.56;2.17;4.83;84.02423179367244;34.06782562886869;2558.685
2024-09-20;1.11623;142.646;5709.64;75.96;27.21;3.73;1.58;2.15;4.83;84.158867252091;34.507240652975256;2586.87
2024-09-23;1.11612;143.8955;5711.9;74.95;27.28;3.75;1.58;2.17;4.83;85.641280443105;35.07064709806538;2621.09
2024-09-24;1.11119;143.583;5727.66;75.29;27.94;3.74;1.55;2.19;4.83;82.78355012072592;35.29213706999601;2628.585
2024-09-25;1.11792;143.1875;5733.65;75.4;28.19;3.79;1.61;2.18;4.83;83.52728530114422;35.24098143236074;2657.15
2024-09-26;1.11327;144.68;5762.22;73.06;28.56;3.79;1.63;2.16;4.83;83.46711224935973;36.578839310156035;2657.155
2024-09-27;1.11759;144.799;5755.36;71.63;28.86;3.75;1.6;2.15;4.83;83.8354302332933;37.02429149797571;2672.34
2024-09-30;1.11605;142.2655;5726.52;72.35;28.192;3.81;1.63;2.18;4.83;84.55503851091143;36.41651693158259;2658.825
2024-10-01;1.11363;143.607;5757.73;75.3;28.66;3.74;1.55;2.19;4.83;84.71350646459184;35.37098273572377;2634.53
2024-10-02;1.10698;143.633;5698.14;74.86;28.82;3.79;1.58;2.21;4.83;83.51976629128775;35.51709858402351;2663.675
2024-10-03;1.10484;146.3715;5698.19;77.57;28.42;3.85;1.64;2.21;4.83;82.93399525415262;34.24274848523914;2659.33
2024-10-04;1.10324;146.848;5737.48;79.32;28.69;3.98;1.75;2.23;4.83;82.3592992918375;33.42965204236006;2656.195
2024-10-07;1.09701;148.867;5737.8;81.74;28.43;4.03;1.76;2.27;4.83;83.39887019913529;32.33007095669195;2650.61
2024-10-08;1.09739;148.1565;5719.14;78.19;28.05;4.04;1.77;2.27;4.83;85.48645300120636;33.533124440465535;2642.655
2024-10-09;1.09797;148.2325;5751.8;77.06;27.44;4.06;1.77;2.29;4.83;85.49825418422044;33.84148715286789;2621.76
2024-10-10;1.09414;149.1785;5778.36;79.45;27.64;4.09;1.76;2.33;4.83;84.40128359406339;33.104531151667715;2607.715
2024-10-11;1.0936;148.5445;5775.09;80.27;27.87;4.08;1.75;2.33;4.83;84.14600921863368;33.09075619783232;2629.995
2024-10-14;1.09329;149.1685;5829.81;78.47;27.57;;;;;84.92160697681875;33.75328150885689;2653.36
2024-10-15;1.09086;149.775;5866.74;73.68;27.33;4.03;1.75;2.28;4.83;84.51495675632786;36.140811617806726;2648.695
2024-10-16;1.08927;149.2085;5816.58;73.65;27.46;4.02;1.75;2.27;4.83;84.40417942485558;36.30468431771894;2662.85
2024-10-17;1.08636;149.5885;5875.62;74.37;27.21;4.09;1.79;2.3;4.83;84.96923805016564;36.21218233158531;2674.09
2024-10-18;1.0832;150.166;5859.43;72.75;27.59;4.08;1.77;2.31;4.83;80.90157351497665;37.3859793814433;2692.92
2024-10-21;1.08661;149.5945;5857.82;73.29;27.74;4.19;1.88;2.31;4.83;80.49678870571522;37.109360076408784;2720.52
2024-10-22;1.08163;150.73;5832.7;75.59;27.53;4.2;1.87;2.33;4.83;78.87229586274172;36.36744278343696;2719.755
2024-10-23;1.07986;151.0625;5834.5;74.68;27.22;4.24;1.93;2.31;4.83;80.57803296686993;36.36207820032137;2748.645
2024-10-24;1.0783;152.688;5817.8;74.27;27.38;4.21;1.91;2.3;4.83;81.24677060133631;36.838360037700284;2715.62
2024-10-25;1.08286;151.8435;5826.75;75.62;27.39;4.25;1.96;2.29;4.83;81.65465805222257;36.26732345940227;2736.035
2024-10-28;1.0796;152.956;5833.93;71.87;27.34;4.28;1.99;2.29;4.83;81.47804254813406;38.155349937386944;2734.665
2024-10-29;1.08128;153.302;5819.68;71.09;27.37;4.28;1.98;2.3;4.83;80.54457313710122;39.03052468701645;2742.135
2024-10-30;1.08206;153.249;5832.65;73.21;27.26;4.29;1.95;2.34;4.83;82.5438986112345;38.07662887583664;2774.71
2024-10-31;1.08585;153.305;5775.34;73.25;27.45;4.28;1.95;2.33;4.83;84.04991812937091;37.49085324232082;2787.45
2024-11-01;1.08866;152.049;5723.22;73.63;27.57;4.37;2.04;2.33;4.83;84.33669774250713;37.165761238625564;2746.355
2024-11-04;1.08816;152.4135;5725.15;74.89;27.71;4.31;2.03;2.28;4.83;84.31465278205681;36.54272933636;2735.4
2024-11-05;1.08794;152.1145;5722.43;76.98;28.09;4.26;1.99;2.27;4.83;84.03371767191878;35.64555728760717;2736.725
2024-11-06;1.09255;151.5995;5864.89;76.52;26.79;4.42;2.04;2.38;4.83;85.29309874741384;34.74980397281757;2743.99
2024-11-07;1.07296;154.54;5947.21;75.73;27.69;4.31;1.98;2.33;4.83;84.47943815840812;35.738940974514726;2659.35
2024-11-08;1.08053;152.9445;5976.76;74.04;27.27;4.3;1.95;2.35;4.58;85.91719194957284;36.26647757968665;2706.28
2024-11-11;1.07104;152.685;6008.86;72.19;26.83;;;;;85.35066712281902;36.28674331624879;2684.775
2024-11-12;1.06565;153.7355;6003.6;72.56;26.24;4.43;2.08;2.35;4.58;84.59165567872898;35.80864112458655;2619.545
2024-11-13;1.06218;154.527;5985.75;72.86;25.89;4.44;2.09;2.35;4.58;84.88032989690721;35.313409278067525;2598.425
2024-11-14;1.05632;155.4275;5989.68;73.39;25.724;4.43;2.1;2.33;4.58;84.2546971488635;34.95094699550348;2572.96
2024-11-15;1.05315;156.297;5912.79;73.45;25.965;4.43;2.1;2.33;4.58;84.70232389011933;34.88536419332879;2565.26
2024-11-18;1.05334;154.586;5874.17;74.35;25.78;4.42;2.08;2.34;4.58;83.7862894171238;35.12938802958978;2565.915
2024-11-19;1.05984;154.656;5870.05;74.32;25.8616;4.39;2.05;2.34;4.58;84.33097858298493;35.41798977395049;2611.875
2024-11-20;1.05956;154.5955;5914.34;74.33;26.17;4.41;2.06;2.35;4.58;85.88444026767341;35.655388133997036;2632.185
2024-11-21;1.0543;155.338;5940.58;75.09;25.8911;4.43;2.09;2.34;4.58;86.69573124198288;35.552869889465974;2650.285
2024-11-22;1.04758;154.5105;5944.36;76.1;25.6962;4.41;2.07;2.34;4.58;86.65001521046479;35.557818659658345;2669.67
2024-11-25;1.04695;154.226;5992.28;74.27;26.0;4.27;1.98;2.29;4.58;86.62267170408988;35.34711188905346;2714.3
2024-11-26;1.0496;154.1205;6000.03;74.56;25.9;4.3;2.02;2.28;4.58;86.48837285686132;35.316858905579394;2625.04
2024-11-27;1.0487;153.078;6014.11;73.91;25.92;4.25;1.99;2.26;4.58;87.56419625950902;35.66425382221621;2631.83
2024-11-28;1.05671;150.986;;73.92;;;;;;87.26789968237162;35.68161525974026;2637.015
2024-11-29;1.05549;151.537;6003.98;74.16;25.800597;4.18;1.92;2.26;4.58;86.52851686200255;35.73968446601942;2638.655
2024-12-02;1.05666;149.576;6040.11;72.81;25.7901;4.19;1.93;2.26;4.58;86.50528558551176;36.245845350913335;2652.75
2024-12-03;1.04976;149.549;6042.97;74.8;26.23;4.23;1.95;2.28;4.58;85.18745871397039;35.34311497326203;2639.035
2024-12-04;1.05083;149.605;6069.39;74.68;26.25;4.19;1.9;2.29;4.58;84.67568776560053;35.48600696304231;2643.395
2024-12-05;1.05114;150.53;6089.03;73.78;26.11;4.17;1.92;2.25;4.58;84.0124806486107;35.67342098129575;2649.91
2024-12-06;1.05875;150.087;6081.38;73.78;26.25;4.15;1.91;2.24;4.58;84.923287892232;35.67342098129575;2631.755
2024-12-09;1.05637;149.996;6083.01;73.73;26.68;4.2;1.93;2.27;4.58;83.59056132468227;36.082937745829376;2645.48
2024-12-10;1.05546;151.229;6057.59;73.64;26.535;4.22;1.93;2.29;4.58;84.43909854563691;36.58263172189028;2660.4
2024-12-11;1.05293;151.944;6060.15;74.38;26.55;4.26;1.96;2.3;4.58;85.17045810616031;36.54382898628664;2694.195
2024-12-12;1.04976;152.423;6074.29;73.52;26.33;4.32;2.0;2.32;4.58;86.57307089919752;36.464431447225245;2718.385
2024-12-13;1.04715;152.5895;6068.17;74.89;26.27;4.4;2.07;2.33;4.58;86.88028088136372;35.354787020964075;2681.115
2024-12-16;1.04977;153.626;6063.79;74.3;26.18;4.39;2.07;2.32;4.58;86.88627951917724;35.702893674293406;2650.0
2024-12-17;1.05096;154.151;6052.55;73.16;25.89;4.4;2.09;2.31;4.58;86.66819484240688;36.17591580098415;2652.805
2024-12-18;1.04935;153.4555;6047.65;74.57;26.0;4.5;2.18;2.32;4.58;88.0610385407974;34.66997452058469;2646.345
2024-12-19;1.03517;154.7545;5912.71;73.75;25.68;4.57;2.28;2.29;4.33;89.31489163926805;35.17674576271186;2585.48
2024-12-20;1.03655;157.451;5842.0;73.19;25.4022;4.52;2.23;2.29;4.33;88.79639816523078;35.83945894247849;2594.375
2024-12-23;1.04362;156.516;5940.25;72.12;25.5973;4.59;2.27;2.32;4.33;88.11739115772436;36.23051858014421;2620.87
2024-12-24;1.04061;157.1555;5984.63;73.5;25.68;4.59;2.24;2.35;4.33;88.3277625848273;35.59428571428571;2612.62
2024-12-25;;;;;;;;;;;;
2024-12-26;1.04026;157.249;6024.97;;25.8;4.58;2.23;2.35;4.33;88.37052073547176;;2615.97
2024-12-27;1.04236;157.887;6006.17;73.77;25.8;4.62;2.28;2.34;4.33;89.02198699840032;35.455537481360984;2632.59
2024-12-30;1.04325;157.697;5920.67;74.24;25.63;4.55;2.24;2.31;4.33;89.992747992748;35.10189924568966;2620.05
2024-12-31;1.04055;156.887;5919.74;74.58;25.21;4.58;2.24;2.34;4.33;90.81137657215024;35.19153928667203;2605.53
2025-01-01;;;;;;;;;;;;
2025-01-02;1.03563;157.281;5903.26;76.14;25.18;4.57;2.23;2.34;4.33;89.90546094133167;34.909508799579726;2624.835
2025-01-03;1.02655;157.4555;5891.07;76.72;25.37;4.6;2.26;2.34;4.33;89.09428610022965;34.38816475495308;2658.38
2025-01-06;1.03011;157.3515;5982.81;77.27;25.92;4.62;2.28;2.34;4.33;88.0220715907573;34.115245243949786;2640.63
2025-01-07;1.03899;157.6235;5993.26;77.84;26.22;4.67;2.29;2.38;4.33;88.14425956738769;34.02794193216855;2634.475
2025-01-08;1.03426;158.0405;5910.66;77.37;26.5;4.67;2.27;2.4;4.33;88.4124875456659;34.40739304640041;2648.545
2025-01-09;1.03185;158.3085;;78.44;;4.68;2.29;2.39;4.33;88.68681501162405;34.04334523202448;2661.585
2025-01-10;1.03012;158.151;5890.35;79.76;27.29;4.77;2.34;2.43;4.33;88.71735689791612;33.733951855566694;2670.63
2025-01-13;1.02467;157.7375;5782.02;82.69;26.9;4.79;2.34;2.45;4.33;89.90698852126941;32.205163865038095;2690.6
2025-01-14;1.02636;157.323;5859.27;82.39;27.104;4.78;2.34;2.44;4.33;89.52584765598877;32.49617672047579;2663.68
2025-01-15;1.03061;157.95;5905.21;83.48;27.4314;4.66;2.24;2.42;4.33;87.8948140421787;32.30144944896981;2677.395
2025-01-16;1.02932;156.373;5963.61;82.39;27.5566;4.61;2.19;2.42;4.33;88.08335631661772;32.94920500060687;2698.81
2025-01-17;1.0302;155.1755;5995.4;83.02;27.33;4.61;2.2;2.41;4.33;89.09776172332458;32.53270296314141;2714.79
2025-01-20;1.02772;156.311;;81.68;;;;;;88.66838122071881;33.134488246816844;2703.33
2025-01-21;1.04141;155.654;6014.12;80.57;27.0;4.57;2.19;2.38;4.33;88.99873544956388;34.06739481196475;2707.56
2025-01-22;1.04273;155.491;6081.39;80.0;27.02;4.6;2.2;2.4;4.33;89.41059119292838;34.4538125;2744.865
2025-01-23;1.04087;156.4315;6076.32;78.62;26.99;4.65;2.23;2.42;4.33;90.48578607676012;35.04051132027474;2756.245
2025-01-24;1.04162;156.035;6121.43;78.71;27.26;4.63;2.2;2.43;4.33;90.42305684265483;35.206517596239365;2754.605
2025-01-27;1.04854;155.7935;5969.04;77.3;26.8;4.53;2.13;2.4;4.33;90.70520881593751;35.45834411384217;2770.8
2025-01-28;1.04891;154.5435;6026.97;78.01;26.85;4.55;2.13;2.42;4.33;90.8800657624332;35.42994487886168;2740.295
2025-01-29;1.04292;155.5515;6057.7;77.02;26.84;4.55;2.15;2.4;4.33;89.48764511317205;35.829914307971954;2763.055
2025-01-30;1.04217;155.1995;6050.75;77.42;27.12;4.52;2.14;2.38;4.33;88.30233697283803;36.091384655127875;2759.605
2025-01-31;1.03879;154.2405;6096.79;77.11;26.9095;4.58;2.16;2.42;4.33;89.39494511105438;36.32836208014525;2793.73
2025-02-03;1.02536;155.044;5969.65;76.49;26.84;4.54;2.09;2.45;4.33;89.09778600705819;36.80219636553798;2801.65
2025-02-04;1.03428;154.832;5998.14;76.58;27.28;4.52;2.08;2.44;4.33;88.44368388301181;37.11909114651345;2814.715
2025-02-05;1.03791;154.389;6020.45;74.71;27.5;4.43;2.01;2.42;4.33;88.7184327803912;38.370633114710216;2841.955
2025-02-06;1.0404;152.568;6072.22;74.54;28.04;4.45;2.03;2.42;4.33;88.64718480352596;38.3154682049906;2866.63
2025-02-07;1.03837;151.456;6083.13;74.68;28.75;4.49;2.07;2.42;4.33;89.79956680060272;38.30550348152116;2856.585
2025-02-10;1.02954;151.544;6046.4;76.23;29.248;4.51;2.07;2.44;4.33;90.74879076298954;38.148301193755735;2858.98
2025-02-11;1.03064;151.907;6049.32;77.65;28.63;4.54;2.08;2.46;4.33;91.0415684795928;37.31590470057952;2908.04
2025-02-12;1.03617;152.453;6025.08;75.38;29.075;4.62;2.16;2.46;4.33;90.0856212191717;38.52361369063412;2897.61
2025-02-13;1.03843;154.372;6060.59;75.61;29.6846;4.52;2.08;2.44;4.33;90.52836605348585;38.72688797778071;2904.395
2025-02-14;1.04668;152.843;6115.52;75.19;29.607;4.47;2.04;2.43;4.33;89.6569297700435;38.37159196701689;2927.945
2025-02-17;1.04884;152.284;;75.81;;;;;;89.47796432318992;38.24383326737897;2884.98
2025-02-18;1.0481;151.522;6121.6;76.46;28.8;4.55;2.1;2.45;4.33;89.25923673407328;38.389877059900606;2898.87
2025-02-19;1.04519;152.0715;6117.76;76.34;28.8303;4.53;2.08;2.45;4.33;89.68001345380604;38.419439350275084;2935.52
2025-02-20;1.04252;151.3945;6134.5;76.95;29.09;4.5;2.05;2.45;4.33;89.21217547000894;38.20240415854451;2933.46
2025-02-21;1.04977;149.5565;6114.1;74.88;28.95;4.42;2.0;2.42;4.33;90.19560841438867;39.19497863247864;2938.78
2025-02-24;1.04754;149.215;6026.69;74.89;28.56;4.4;1.98;2.42;4.33;91.25426871668083;39.427961009480576;2934.13
2025-02-25;1.04685;149.727;5982.73;73.11;28.665;4.3;1.92;2.38;4.33;91.80652882540981;39.871358227328685;2952.545
2025-02-26;1.05143;149.139;5970.87;73.49;28.8606;4.25;1.89;2.36;4.33;91.54740790733446;39.684038644713574;2914.99
2025-02-27;1.04879;148.9905;5981.88;75.01;29.01;4.29;1.92;2.37;4.33;92.02206940668479;38.35581922410345;2916.85
2025-02-28;1.03925;149.776;5856.74;74.76;28.26;4.24;1.86;2.38;4.33;91.77674194326127;38.18813536650615;2877.065
2025-03-03;1.04032;150.718;5968.33;72.85;28.945;4.16;1.8;2.36;4.33;91.286388235851;39.709265614275914;2855.6
2025-03-04;1.04879;149.584;5811.98;72.31;28.6527;4.22;1.87;2.35;4.33;91.22995153978427;40.35389296086295;2892.57
2025-03-05;1.06203;149.753;5781.36;70.92;29.71;4.28;1.94;2.34;4.33;89.38332465782786;41.16144952058658;2917.855
2025-03-06;1.07914;148.8245;5785.87;71.08;29.95;4.29;1.95;2.34;4.33;89.19617004978934;40.95582442318514;2919.51
2025-03-07;1.07915;147.946;5726.01;72.49;29.4;4.32;1.99;2.33;4.33;89.54218795685026;40.13463926058767;2911.37
2025-03-10;1.08496;147.486;5705.37;71.08;29.24;4.22;1.91;2.31;4.33;90.0262123197903;40.58778840742825;2911.96
2025-03-11;1.0836;146.984;5603.65;71.51;29.68;4.28;1.97;2.31;4.33;88.57177552786169;40.79862956229898;2884.86
2025-03-12;1.09155;147.9;5624.84;72.36;30.59;4.32;1.99;2.33;4.33;88.33781813261977;40.60475400773908;2917.65
2025-03-13;1.08893;148.229;5594.45;70.82;30.25;4.27;1.98;2.29;4.33;88.18411264612115;42.181940129906806;2938.25
2025-03-14;1.08527;147.933;5563.85;71.94;30.71;4.31;2.01;2.3;4.33;88.29926640241378;41.49353628023353;2987.355
2025-03-17;1.08821;148.571;5635.6;71.93;30.62;4.31;2.02;2.29;4.33;88.68449055599892;41.711177533713325;2989.135
2025-03-18;1.09215;149.344;5654.53;71.93;31.305;4.29;1.99;2.3;4.33;89.25147058823529;42.18754344501598;3000.295
2025-03-19;1.0943;149.408;5632.37;71.94;31.6;4.25;1.94;2.31;4.33;90.10161580952943;42.39936057825966;3034.65
2025-03-20;1.09086;148.605;5646.92;72.61;31.6201;4.24;1.93;2.31;4.33;90.8221016221374;41.947527888720565;3050.17
2025-03-21;1.08575;148.724;5630.73;72.64;31.7333;4.25;1.92;2.33;4.33;91.52612143592229;41.62775330396476;3045.75
2025-03-24;1.08201;149.575;5718.08;73.96;32.27;4.34;1.98;2.36;4.33;91.4075850242059;40.718766901027585;3025.68
2025-03-25;1.08026;150.732;5775.96;73.78;32.4499;4.31;1.96;2.35;4.33;89.57929378279819;40.951748441312006;3011.59
2025-03-26;1.07885;149.963;5771.66;74.6;33.07;4.35;1.98;2.37;4.33;89.7672067786532;40.47345844504022;3021.38
2025-03-27;1.07372;150.312;5695.64;74.72;32.22;4.38;1.99;2.39;4.33;88.72683975140849;40.88891862955032;3019.5
2025-03-28;1.07964;151.053;5679.2;74.69;32.18;4.27;1.9;2.37;4.33;90.3996601131003;41.307403936269914;3055.31
2025-03-31;1.08164;149.6465;5527.91;77.23;31.43;4.23;1.85;2.38;4.33;91.623885238207;40.44121455392982;3088.82
2025-04-01;1.08198;149.9165;5597.53;77.78;31.5117;4.17;1.84;2.33;4.33;92.43344314842847;40.04062741064541;3123.28
2025-04-02;1.07944;149.65;5580.76;77.27;31.58;4.2;1.88;2.32;4.33;92.52866101069715;40.579332211725124;3114.345
2025-04-03;1.08281;148.707;5492.74;72.54;30.4202;4.06;1.78;2.28;4.33;97.77545831240583;42.93817204301075;3138.74
2025-04-04;1.10505;145.9485;5292.14;68.36;28.15;4.01;1.83;2.18;4.33;102.09424699909218;44.417568753657115;3115.1
2025-04-07;1.09188;145.576;4953.79;66.13;26.69;4.15;1.96;2.19;4.33;99.16021273059664;45.111673975502804;3015.76
2025-04-08;1.09133;147.729;5193.57;64.86;26.88;4.26;2.04;2.22;4.33;100.06827026301664;45.98882207832254;2981.645
2025-04-09;1.09588;146.346;4965.28;67.3;26.42;4.34;2.07;2.27;4.33;99.3471255478216;45.808915304606245;2983.205
2025-04-10;1.0951;147.3985;5353.15;65.37;27.3;4.4;2.21;2.19;4.33;101.7218956708362;48.57893529141808;3083.905
2025-04-11;1.11946;144.5425;5255.56;66.83;27.8;4.48;2.28;2.2;4.33;100.65201476612515;48.34625168337573;3175.75
2025-04-14;1.13208;143.731;5441.96;67.18;28.82;4.38;2.15;2.23;4.33;99.24285979228488;47.79257219410538;3228.38
2025-04-15;1.13538;142.9825;5411.99;66.58;28.8779;4.35;2.16;2.19;4.33;99.95250030944423;48.51404325623311;3211.655
2025-04-16;1.12835;143.171;5335.75;67.94;28.8003;4.29;2.12;2.17;4.33;102.04374103354597;49.20599057992346;3230.845
2025-04-17;1.13979;141.755;5305.45;69.33;28.9744;4.34;2.11;2.23;4.33;102.20906479902932;47.99314870907255;3343.315
2025-04-18;;;;;;;;;4.33;;;
2025-04-21;1.14254;141.975;5232.94;;30.0;4.42;2.2;2.22;4.33;104.7619120458891;;3332.605
2025-04-22;1.15108;140.827;5207.67;68.93;30.2199;4.41;2.14;2.27;4.33;104.02128935993477;49.0520818221384;3423.945
2025-04-23;1.13624;142.611;5395.92;68.26;30.67;4.4;2.11;2.29;4.33;97.92379505963282;48.17360093759156;3353.18
2025-04-24;1.13245;143.159;5381.38;67.5;30.285;4.32;2.02;2.3;4.33;99.73782158170556;49.623629629629626;3289.73
2025-04-25;1.13876;142.715;5489.73;66.99;30.15;4.29;2.02;2.27;4.33;100.03889578351546;49.33549783549784;3351.305
2025-04-28;1.13609;143.617;5529.22;66.13;30.44;4.23;1.98;2.25;4.33;100.83332076894082;50.56532587327991;3325.35
2025-04-29;1.14208;142.081;5508.87;64.04;30.53;4.19;1.96;2.23;4.33;100.72861155393609;51.79957838850718;3344.785
2025-04-30;1.13879;142.305;5499.44;63.37;28.564;4.17;1.94;2.23;4.33;100.81704606422933;51.89206249013729;3315.29
2025-05-01;1.13281;142.9805;5625.14;62.37;28.8511;4.25;2.0;2.25;4.33;99.92287402242823;51.93121693121693;3287.955
2025-05-02;1.12896;145.336;5645.88;61.57;29.3207;4.33;2.06;2.27;4.33;100.97645515863103;52.52022088679552;3240.495
2025-05-05;1.13044;144.87;5655.32;;29.5;4.36;2.08;2.28;4.33;102.62304921968787;;3241.03
2025-05-06;1.13175;143.712;5605.87;62.37;29.54;4.3;2.04;2.26;4.33;103.29796520378062;55.02268718935385;3335.865
2025-05-07;1.13742;142.43;5614.18;60.31;29.15;4.26;2.01;2.25;4.33;103.64539531444943;55.78651964848284;3437.845
2025-05-08;1.13123;143.782;5663.6;62.22;28.915;4.37;2.08;2.29;4.33;101.83333333333334;53.12616522018644;3364.48
2025-05-09;1.12279;145.937;5679.65;64.26;28.975;4.37;2.08;2.29;4.33;101.62235179192868;51.80431061313414;3306.79
2025-05-12;1.12168;146.1705;5807.2;65.28;28.91;4.45;2.16;2.29;4.33;99.25662929619803;49.56977634803921;3271.86
2025-05-13;1.10894;148.373;5854.15;66.93;28.92;4.49;2.17;2.32;4.33;98.76851781508775;48.56155685044075;3238.655
2025-05-14;1.11869;147.493;5896.74;65.91;29.19;4.53;2.16;2.37;4.33;98.59991001194669;48.210135032620244;3250.22
2025-05-15;1.11775;146.6395;5869.82;64.36;29.01;4.45;2.11;2.34;4.33;99.26253868071937;50.339185829707894;3177.33
2025-05-16;1.11902;145.6185;5929.09;65.2;28.76;4.43;2.09;2.34;4.33;99.00789281893036;48.96411042944785;3240.23
2025-05-19;1.11781;145.4695;5902.88;66.25;29.0;4.46;2.1;2.36;4.33;99.81009919960444;48.75101886792453;3210.48
2025-05-20;1.12427;144.8735;5944.66;66.93;28.86;4.48;2.13;2.35;4.33;99.43136484526113;49.15561033916031;3230.68
2025-05-21;1.12831;144.4885;5910.18;65.86;29.315;4.58;2.23;2.35;4.33;99.2866661675526;50.34057090798664;3290.6
2025-05-22;1.13299;143.6695;5841.26;64.87;28.9601;4.54;2.2;2.34;4.33;99.67312550105125;50.789964544473555;3315.425
2025-05-23;1.12814;144.086;5781.89;65.41;29.3;4.51;2.18;2.33;4.33;100.37211246994879;51.3822045558783;3294.75
2025-05-26;1.13678;142.5115;;;;;;;;99.79993729377865;;3355.43
2025-05-27;1.1386;142.755;5854.07;64.32;29.96;4.43;2.11;2.32;4.33;99.22008627297731;51.31693097014926;3343.13
2025-05-28;1.13325;144.279;5925.54;65.72;29.33;4.47;2.15;2.32;4.33;99.6929631707428;50.02320450395618;3301.715
2025-05-29;1.1296;144.808;5939.96;64.6;29.43;4.43;2.11;2.32;4.33;99.56097048629344;51.357894736842105;3287.52
2025-05-30;1.13699;144.144;5903.67;64.32;29.2733;4.41;2.07;2.34;4.33;99.86497340385228;51.22660136815921;3317.725
2025-06-02;1.13512;143.819;5896.68;66.55;30.569;4.46;2.13;2.33;4.33;97.30020572875455;50.81322314049587;3299.42
2025-06-03;1.14401;142.67;5938.56;67.48;30.22;4.46;2.14;2.32;4.33;97.13247114368056;49.69546532305868;3382.59
2025-06-04;1.13761;143.966;5978.94;66.69;30.426;4.37;2.06;2.31;4.33;97.74652581547335;50.572724546408764;3353.445
2025-06-05;1.14177;142.769;5985.67;67.14;31.58;4.4;2.11;2.29;4.33;94.04428986157666;49.937742031575816;3372.7
2025-06-06;1.14441;143.5385;5987.06;68.02;30.81;4.51;2.2;2.31;4.33;92.13236725725251;48.697956483387244;3352.825
2025-06-09;1.13947;144.783;6004.63;68.73;30.67;4.49;2.18;2.31;4.33;90.4721292744634;48.38738542121344;3311.845
2025-06-10;1.14221;144.565;6009.91;68.41;30.7;4.47;2.18;2.29;4.33;90.97373355780944;48.578058763338696;3326.225
2025-06-11;1.14257;144.885;6049.38;71.29;30.11;4.41;2.14;2.27;4.33;92.56017656390095;47.06235096086407;3322.245
2025-06-12;1.14886;144.537;6009.9;70.84;30.08;4.36;2.11;2.25;4.33;93.12869598701764;47.79616036137775;3356.525
2025-06-13;1.1589;143.533;6000.56;76.0;29.82;4.41;2.13;2.28;4.33;94.65392675932054;45.16486842105263;3385.355
2025-06-16;1.1534;144.368;6004.0;75.05;30.2122;4.46;2.16;2.3;4.33;93.20594713656386;45.10646235842771;3452.005
2025-06-17;1.15636;144.728;6012.15;78.7;30.1689;4.39;2.08;2.31;4.33;91.26393751683274;43.05756035578145;3386.13
2025-06-18;1.14819;145.248;5987.93;78.38;30.3;4.38;2.07;2.31;4.33;91.70084504742336;42.988134728247005;3391.62
2025-06-19;1.14829;145.088;;80.37;;;;;;92.58305522365511;41.93884534030111;3369.415
2025-06-20;1.14945;145.479;5999.67;78.73;30.1975;4.38;2.05;2.33;4.33;93.44101396562733;42.746919852660994;3370.255
2025-06-23;1.14752;146.508;5969.67;74.34;30.07;4.34;2.04;2.3;4.33;93.29405411393282;45.315509819747106;3396.525
2025-06-24;1.15781;146.171;6061.21;69.13;30.4065;4.3;2.01;2.29;4.33;92.53994988864142;48.08382757124259;3368.4
2025-06-25;1.16087;144.846;6104.23;68.4;30.69;4.29;2.01;2.28;4.33;91.88735695574245;48.71776315789474;3324.635
2025-06-26;1.16566;145.202;6112.09;68.57;31.783;4.26;1.98;2.28;4.33;90.79984175056615;48.53295901997959;3335.045
2025-06-27;1.16989;144.38;6150.7;69.37;31.16;4.29;2.0;2.29;4.33;91.06342997926033;47.15489404641776;3327.8
2025-06-30;1.1729;144.486;6193.36;68.15;31.465;4.24;1.95;2.29;4.33;91.46682543198936;48.46735143066764;3277.21
2025-07-01;1.17834;144.032;6187.25;67.63;31.9998;4.26;1.97;2.29;4.33;92.65187467044099;49.36455714919415;3303.045
2025-07-02;1.18037;143.409;6193.88;70.8;31.92;4.3;2.0;2.3;4.33;91.85520052525031;47.424788135593225;3339.34
2025-07-03;1.17958;143.6445;6246.46;70.42;32.06;4.35;2.02;2.33;4.33;90.27412503901533;47.23239136608918;3358.51
2025-07-04;1.17578;144.9505;;71.03;;;;;;90.3780482851069;46.98500633535126;3325.725
2025-07-07;1.17799;144.48;6259.04;71.95;31.09;4.4;2.05;2.35;4.33;90.74374209689043;46.378943710910356;3336.21
2025-07-08;1.17094;146.0245;6234.03;72.5;31.15;4.42;2.07;2.35;4.33;89.81881741637989;45.53937931034483;3339.36
2025-07-09;1.17232;146.594;6243.33;71.98;34.5;4.34;2.01;2.33;4.33;91.0866009703267;46.03619060850236;3302.635
2025-07-10;1.1723;146.318;6266.8;70.38;34.695;4.35;2.01;2.34;4.33;89.76627059141236;47.22996589940325;3314.645
2025-07-11;1.17034;146.243;6255.68;72.06;34.3;4.43;2.06;2.37;4.33;87.16340972537817;46.57847626977519;3324.495
2025-07-14;1.16684;147.197;6255.15;70.96;34.02;4.43;2.04;2.39;4.33;87.66974762372992;47.11816516347238;3363.19
2025-07-15;1.16643;147.7115;6295.29;70.27;34.29;4.5;2.09;2.41;4.33;88.15533336869463;47.30304539632845;3344.385
2025-07-16;1.16006;148.857;6254.5;69.67;34.1336;4.46;2.05;2.41;4.33;88.30321814824585;48.049016793454854;3324.585
2025-07-17;1.16353;147.838;6263.4;71.32;34.03;4.47;2.04;2.43;4.33;87.54666771537936;46.82003645541223;3348.825
2025-07-18;1.15986;148.554;6312.95;71.06;34.42;4.44;2.03;2.41;4.33;87.84256368549467;47.11926540951309;3341.755
2025-07-21;1.16349;148.202;6304.74;71.92;34.82;4.38;1.98;2.4;4.33;87.25816808794822;47.23491379310345;3349.57
2025-07-22;1.1693;147.3175;6306.6;69.69;35.185;4.35;1.96;2.39;4.33;87.33397803763886;49.243004735256136;3397.715
2025-07-23;1.17509;146.619;6326.9;69.17;36.37;4.4;2.03;2.37;4.33;86.2656785218576;48.97014601705941;3432.055
2025-07-24;1.17706;146.471;6368.6;70.42;36.1;4.43;1.98;2.45;4.33;86.23900771859759;47.836197103095714;3389.855
2025-07-25;1.17476;147.1055;6370.01;69.23;35.774;4.4;1.96;2.44;4.33;87.43984071051494;48.20937454860609;3368.425
2025-07-28;1.17614;147.689;6397.69;70.87;35.54;4.42;1.98;2.44;4.33;86.84303605114232;46.77049527303513;3316.95
2025-07-29;1.15899;148.562;6405.62;73.21;34.99;4.34;1.91;2.43;4.33;87.07504449795832;45.43935254746619;3314.955
2025-07-30;1.15481;148.456;6381.23;73.98;34.69;4.38;1.96;2.42;4.33;88.22236586942469;44.2757502027575;3326.915
2025-07-31;1.14085;149.461;6427.02;73.43;27.13;4.37;1.98;2.39;4.33;89.60996336597258;44.8043715102819;3276.765
2025-08-01;1.14171;150.737;6287.28;70.55;27.5452;4.23;1.9;2.33;4.33;90.78259576251706;47.58462083628632;3290.435
2025-08-04;1.15917;147.218;6271.71;69.56;27.65;4.22;1.85;2.37;4.33;90.16985166377121;48.50064692351926;3366.445
2025-08-05;1.15697;147.1185;6336.63;69.14;27.388;4.22;1.86;2.36;4.33;89.41801110817244;48.89926236621348;3374.525
2025-08-06;1.15748;147.58;6309.3;67.97;27.4501;4.22;1.88;2.34;4.33;89.06359863603922;49.57135500956304;3381.45
2025-08-07;1.16583;147.351;6374.32;66.99;27.525;4.23;1.88;2.35;4.33;88.79138683460945;50.72070458277356;3370.575
2025-08-08;1.16659;147.062;6355.22;67.17;27.625;4.27;1.88;2.39;4.33;88.51656508829505;50.59557838320679;3404.015
2025-08-11;1.16465;147.721;6389.67;67.36;27.66;4.27;1.87;2.4;4.33;88.84053156146179;49.623292755344416;3399.265
2025-08-12;1.16172;148.109;6395.17;66.8;27.978;4.29;1.91;2.38;4.33;88.31051854196339;50.12282934131736;3343.3
2025-08-13;1.16748;147.843;6462.67;66.25;28.11;4.24;1.87;2.37;4.33;87.1505920847616;50.65652830188679;3349.155
2025-08-14;1.17057;147.2985;6453.46;68.12;27.83;4.29;1.9;2.39;4.33;87.72875516162121;48.96557545507927;3357.255
2025-08-15;1.16511;147.774;6477.38;67.3;27.99;4.33;1.95;2.38;4.33;87.89047694251423;49.61567607726598;3336.915
2025-08-18;1.17142;147.199;6445.02;68.18;27.78;4.34;1.96;2.38;4.33;87.64140524336689;48.88405690818421;3337.09
2025-08-19;1.16618;147.8235;6446.24;66.62;27.71;4.3;1.95;2.35;4.33;88.68414014442364;49.77334133893726;3333.61
2025-08-20;1.16474;147.599;6406.62;67.61;27.55;4.29;1.94;2.35;4.33;88.3326738419331;49.526919094808456;3316.525
2025-08-21;1.16528;147.326;6380.83;68.41;27.63;4.33;1.94;2.39;4.33;87.53407958894772;48.809750036544365;3350.565
2025-08-22;1.1607;148.352;6384.59;68.29;27.72;4.26;1.85;2.41;4.33;86.66876493409728;49.39573876116562;3339.185
2025-08-25;1.17228;146.907;6457.67;;27.9773;4.28;1.87;2.41;4.33;87.27537922987165;;3371.3
2025-08-26;1.16196;147.7;6435.49;66.89;27.91;4.26;1.84;2.42;4.33;87.89197658758934;50.73531170578562;3365.58
2025-08-27;1.1644;147.404;6462.26;67.75;27.4186;4.24;1.81;2.43;4.33;88.02660897502332;50.147232472324724;3393.35
2025-08-28;1.16381;147.405;6483.84;68.61;27.7622;4.22;1.81;2.41;4.33;87.48438060121882;49.79762425302434;3398.985
2025-08-29;1.16794;146.963;6489.28;67.83;28.035;4.23;1.82;2.41;4.33;86.67942956137487;50.89716939407342;3417.665
2025-09-01;1.16896;147.0185;;67.09;;;;;;85.38607952452293;51.820912207482486;3448.08
2025-09-02;1.17088;147.1965;6401.51;68.09;28.05;4.28;1.87;2.41;4.33;86.40877019210781;51.889043912468786;3477.51
2025-09-03;1.16414;148.34;6445.82;67.76;28.4;4.22;1.82;2.4;4.33;86.36254458111945;52.532541322314046;3532.43
2025-09-04;1.16613;148.085;6456.6;66.41;28.24;4.17;1.79;2.38;4.33;87.18203722371105;53.39489534708628;3561.375
2025-09-05;1.16499;148.421;6529.08;64.92;28.17;4.1;1.73;2.37;4.33;87.69877284149406;55.37099507085644;3546.145
2025-09-08;1.17192;147.962;6498.09;65.44;28.01;4.05;1.7;2.35;4.33;87.93489564439285;55.562652811735944;3584.655
2025-09-09;1.17626;147.508;6503.33;67.97;28.175;4.08;1.72;2.36;4.33;88.71623605402232;53.347212005296456;3635.63
2025-09-10;1.17112;147.388;6550.29;67.62;28.25;4.04;1.69;2.35;4.33;88.43746204484174;53.84065365276545;3622.95
2025-09-11;1.17008;147.4035;6554.41;67.25;28.33;4.01;1.67;2.34;4.33;87.43858424965713;54.037695167286245;3642.95
2025-09-12;1.17356;147.197;6590.66;67.87;28.598;4.06;1.7;2.36;4.33;86.33054581635552;53.69360542213054;3634.215
2025-09-15;1.17307;147.629;6603.49;67.88;28.755;4.05;1.68;2.37;4.33;86.19728703964014;54.20219505008839;3645.14
2025-09-16;1.17656;147.345;6624.13;69.69;28.93;4.04;1.67;2.37;4.33;86.69654605263158;52.94597503228584;3680.33
2025-09-17;1.18653;146.472;6604.87;69.19;28.452;4.06;1.68;2.38;4.33;87.82035899404877;52.89275906922966;3689.505
2025-09-18;1.18165;146.962;6626.85;67.83;28.3;4.11;1.73;2.38;4.08;87.14670014347202;53.72954444935869;3659.69
2025-09-19;1.17874;147.9605;6647.11;67.05;28.44;4.14;1.75;2.39;4.08;85.70669240968621;54.95070842654736;3643.755
2025-09-22;1.17466;147.929;6654.28;66.87;28.46;4.15;1.78;2.37;4.09;85.01055115608904;56.0266188126215;3687.4
2025-09-23;1.1802;147.742;6692.44;67.96;28.6;4.12;1.75;2.37;4.09;85.48902059631673;55.39552678045909;3745.805
2025-09-24;1.18168;147.6045;6669.79;69.64;29.15;4.16;1.78;2.38;4.09;85.08619904349807;53.64926766226307;3765.895
2025-09-25;1.17395;148.7975;6608.19;70.48;29.64;4.18;1.8;2.38;4.09;82.97280251394174;53.197715664018155;3736.805
2025-09-26;1.16627;149.783;6615.38;71.15;29.1;4.2;1.82;2.38;4.09;81.69685073526222;52.940477863668306;3751.29
2025-09-29;1.17046;149.509;6661.58;69.0;29.73;4.15;1.8;2.35;4.09;81.67941533675665;55.557391304347824;3757.415
2025-09-30;1.17265;148.6;6656.19;68.52;29.81;4.16;1.8;2.36;4.09;82.71639871382636;56.31523642732049;3833.345
2025-10-01;1.17359;147.874;6664.92;66.67;29.88;4.12;1.77;2.35;4.09;81.69195494600706;57.983275836208186;3858.98
2025-10-02;1.17334;147.0445;6731.31;65.44;30.4154;4.1;1.76;2.34;4.09;82.07725458898643;58.93345048899756;3868.085
2025-10-03;1.17181;147.23;6722.14;66.13;31.05;4.13;1.8;2.33;4.09;80.99220492298714;58.76190836231665;3856.285
2025-10-06;1.17275;149.138;6733.86;67.09;31.03;4.18;1.84;2.34;4.09;81.6102341109554;59.02600983753167;3888.295
2025-10-07;1.17127;150.2865;6746.14;67.1;31.54;4.14;1.79;2.35;4.09;83.31092805920845;59.386661698956786;3958.905
2025-10-08;1.16576;151.899;6723.87;67.42;31.445;4.13;1.78;2.35;4.1;82.69658552557532;59.93785226935628;3984.985
2025-10-09;1.163;152.666;6760.5;67.23;32.4;4.14;1.8;2.34;4.1;80.8789376283733;59.15603153354157;4044.36
2025-10-10;1.15646;153.065;6740.49;64.41;31.8192;4.05;1.75;2.3;4.1;80.21670866834674;62.26789318428816;3975.085
2025-10-13;1.16143;151.8145;6622.53;64.15;31.69;;;;;78.43501326259947;64.07217459080279;3994.32
2025-10-14;1.15714;152.23;6602.49;63.0;30.64;4.03;1.73;2.3;4.1;80.42367286707311;65.74571428571429;4109.425
2025-10-15;1.16081;151.7295;6688.27;62.33;31.06;4.05;1.76;2.29;4.1;79.40615918783259;67.51243381999038;4144.04
2025-10-16;1.16459;151.0985;6689.02;61.08;30.7;3.99;1.71;2.28;4.11;79.92318061787897;70.85920104780615;4210.195
2025-10-17;1.1689;150.404;6613.27;61.23;30.7;4.02;1.75;2.27;4.11;81.61683181704043;69.0084109096848;4332.045
2025-10-20;1.16581;150.459;6690.05;60.71;31.0;4.0;1.74;2.26;4.11;83.07086464014645;71.75210014824576;4252.07
2025-10-21;1.16446;150.6775;6736.75;61.0;30.78;3.98;1.7;2.28;4.11;84.66900671223597;67.61999999999999;4354.315
2025-10-22;1.16049;151.8925;6741.34;62.28;30.81;3.97;1.68;2.29;4.11;84.50534042640935;65.80507385998716;4126.255
2025-10-23;1.16124;151.911;6703.65;66.32;31.48;4.01;1.71;2.3;4.11;84.36755054893383;62.22361278648975;4095.585
2025-10-24;1.16186;152.5665;6772.07;65.8;31.5184;4.02;1.73;2.29;4.11;84.60085137962666;62.36998480243161;4130.115
2025-10-27;1.16286;153.067;6845.46;65.52;31.8501;4.01;1.73;2.28;4.12;85.06486861041522;60.893696581196586;4083.415
2025-10-28;1.16503;152.749;6897.74;;31.79;3.99;1.71;2.28;4.12;83.88625946061187;;3990.035
2025-10-29;1.16506;152.174;6910.95;;32.3675;4.08;1.78;2.3;4.12;82.49309363358587;;3934.115
2025-10-30;1.16039;152.699;6860.5;;31.67;;;2.29;3.87;82.36998756447109;;3941.455
2025-10-31;1.15683;154.11;;;;;;;;82.09398565385322;;4038.055