date,Silver_Close,USD_Broad_Close,USDJPY_Close,USDCNY_Close,SPX_Close,VIX_Close,Brent_Close,WTI_Close,GLD_Close,GLD_Volume,DGS10,DFII10,DFII5,T10YIE,T5YIE,T5YIFR,EFFR,Signal,OT
2015-11-02,15.42,110.2188,120.75,6.3478,2104.05,14.15,47.91,46.12,108.59,5843302.0,2.2,0.65,0.34,1.55,1.23,1.87,0.12,0.2499556894899127,1140.95
2015-11-03,15.28,110.244,121.08,6.3521,2109.79,14.54,48.0,47.88,106.98,7145266.0,2.23,0.65,0.32,1.58,1.27,1.89,0.12,0.2499556894899127,1135.11
2015-11-04,15.11,110.7139,121.52,6.3523,2102.31,15.51,46.96,46.32,105.97,7614723.0,2.25,0.68,0.38,1.57,1.26,1.88,0.12,0.2499556894899127,1121.6
2015-11-05,14.99,110.8302,121.7,6.3695,2099.93,15.05,47.19,45.27,105.64,5931100.0,2.26,0.71,0.42,1.55,1.23,1.87,0.12,0.2499556894899127,1108.85
2015-11-06,14.76,111.7603,123.19,6.3762,2099.2,14.33,46.09,44.32,104.1,8831800.0,2.34,0.75,0.48,1.59,1.25,1.93,0.12,0.2499556894899127,1106.15
2015-11-09,14.56,111.9112,123.07,6.3946,2078.58,16.52,45.38,43.87,104.4,4129199.0,2.36,0.76,0.47,1.6,1.28,1.92,0.12,0.2499556894899127,1089.94
2015-11-10,14.43,111.9919,123.21,6.3905,2081.72,15.29,46.44,44.23,104.18,4450700.0,2.32,0.77,0.47,1.55,1.25,1.85,0.12,0.2499556894899127,1091.57
2015-11-12,14.31,111.7965,122.64,6.3979,2045.97,18.37,44.98,41.74,103.85,6300500.0,2.32,0.78,0.49,1.54,1.24,1.84,0.12,0.2499556894899127,1087.79
2015-11-16,14.25,112.2199,123.25,6.3972,2053.19,18.16,40.28,41.68,103.71,2951200.0,2.27,0.76,0.46,1.51,1.2,1.82,0.13,0.2499556894899127,1090.33
2015-11-18,14.188,112.3663,123.58,6.4177,2083.58,16.85,41.45,40.75,102.43,5043700.0,2.27,0.71,0.44,1.56,1.25,1.87,0.12,0.2499556894899127,1068.6
2015-11-19,14.28,111.5749,122.95,6.4121,2081.24,16.99,42.22,40.55,103.56,5087600.0,2.24,0.68,0.41,1.56,1.27,1.85,0.12,0.2499556894899127,1073.67
2015-11-20,14.16,111.7799,122.91,6.4143,2089.17,15.47,42.49,39.39,103.09,5971600.0,2.26,0.66,0.39,1.6,1.31,1.89,0.12,0.2499556894899127,1082.39
2015-11-23,14.14,112.1125,122.88,6.4272,2086.59,15.62,43.7,39.27,102.26,4042400.0,2.25,0.64,0.37,1.61,1.33,1.89,0.12,0.2499556894899127,1075.84
2015-11-24,14.201,111.7638,122.52,6.4311,2089.14,15.93,44.38,40.89,102.94,3479300.0,2.24,0.62,0.33,1.62,1.33,1.91,0.12,0.2499556894899127,1070.34
2015-11-25,14.2,111.8936,122.7,6.4217,2088.87,15.19,43.56,41.22,102.46,2931200.0,2.23,0.62,0.35,1.61,1.31,1.91,0.12,0.2499556894899127,1076.67
2015-11-27,14.1,112.2824,122.86,6.4536,2090.11,15.12,43.07,40.57,101.25,4993500.0,2.22,0.62,0.33,1.6,1.31,1.89,0.12,0.2424063669327767,1073.3
2015-11-30,14.0815,112.34,123.151,6.42637,2080.41,16.13,43.73,40.43,101.92,6772900.0,2.21,0.62,0.35,1.59,1.3,1.88,0.08,0.2190067112530573,1057.57
2015-12-01,14.1975,112.1134,122.908,6.44658,2102.63,14.67,42.97,40.58,102.28,4645857.0,2.15,0.58,0.3,1.57,1.29,1.85,0.13,0.1234417795848749,1064.92
2015-12-02,14.02,112.3715,123.273,6.44214,2079.51,15.91,41.92,39.93,100.69,10221071.0,2.18,0.62,0.36,1.56,1.27,1.85,0.13,-0.0395245383230282,1070.35
2015-12-03,14.11,111.6407,122.654,6.44872,2049.62,18.11,42.0,41.08,101.76,6499865.0,2.33,0.72,0.41,1.61,1.33,1.89,0.13,0.1766124120419859,1053.95
2015-12-04,14.55,111.5463,123.17,6.4457,2091.69,14.81,41.44,40.0,104.02,10670200.0,2.28,0.68,0.41,1.6,1.3,1.9,0.13,0.1506816706250059,1064.41
2015-12-07,14.28,112.3056,123.37,6.4707,2077.07,15.84,39.69,37.64,102.67,4393400.0,2.23,0.67,0.42,1.56,1.25,1.87,0.13,-0.1289375861332962,1084.64
2015-12-08,14.18,112.5485,122.9,6.4906,2063.59,17.6,39.44,37.46,102.84,3412232.0,2.24,0.68,0.43,1.56,1.25,1.87,0.13,-0.3673789626578127,1072.3
2015-12-09,14.17,112.1918,121.65,6.511,2047.62,19.61,39.04,37.16,102.64,6026200.0,2.22,0.69,0.43,1.53,1.21,1.85,0.14,-0.0173963181367598,1076.27
2015-12-10,14.13,112.2672,121.66,6.53019,2052.23,19.34,38.65,36.76,102.55,3853500.0,2.24,0.73,0.48,1.51,1.2,1.82,0.14,-0.2555808426949718,1073.24
2015-12-11,13.9495,112.7147,120.874,6.53159,2012.37,24.39,36.99,35.65,103.11,6798400.0,2.13,0.67,0.39,1.46,1.17,1.75,0.14,-0.1569679200225053,1070.61
2015-12-14,13.68,112.7521,120.91,6.5566,2021.94,22.73,36.51,36.31,101.79,5562583.0,2.23,0.78,0.49,1.45,1.17,1.73,0.15,-0.5438296285766009,1072.81
2015-12-15,13.77,112.8609,121.68,6.5383,2043.41,20.95,37.66,37.32,101.52,6831000.0,2.28,0.8,0.49,1.48,1.22,1.74,0.15,-0.5599957397267015,1063.74
2015-12-16,14.17,112.9864,122.325,6.53781,2073.07,17.86,36.96,35.55,102.75,8292100.0,2.3,0.84,0.55,1.46,1.2,1.72,0.15,-1.0055167946334544,1062.5
2015-12-17,13.73,113.8177,122.524,6.55561,2041.89,18.94,36.29,34.98,100.5,10156200.0,2.24,0.77,0.52,1.47,1.21,1.73,0.37,-0.5732375406029935,1071.09
2015-12-18,14.1,113.2837,121.254,6.56521,2005.55,20.7,36.76,34.72,102.04,8345800.0,2.19,0.73,0.46,1.46,1.21,1.71,0.37,-0.2799089839690627,1053.45
2015-12-21,14.25,113.4144,121.239,6.55299,2021.15,18.7,35.34,34.55,103.15,6378800.0,2.2,0.75,0.48,1.45,1.19,1.71,0.36,0.1736230174996124,1064.42
2015-12-22,14.2575,113.211,121.035,6.53588,2038.97,16.6,35.26,36.12,102.61,4123512.0,2.24,0.78,0.52,1.46,1.19,1.73,0.36,0.1782101460425223,1078.52
2015-12-23,14.32,113.1847,120.924,6.5452,2064.29,15.57,35.79,36.76,102.31,2821300.0,2.27,0.76,0.49,1.51,1.25,1.77,0.36,0.779182552038643,1073.62
2015-12-24,14.3805,113.0496,120.279,6.54612,2060.99,15.74,37.22,37.62,103.05,1710153.0,2.25,0.73,0.5,1.52,1.23,1.81,0.36,0.8932837626614221,1072.31
2015-12-28,13.94,113.0461,120.369,6.55413,2056.5,16.91,37.08,36.36,102.27,3356133.0,2.24,0.74,0.49,1.5,1.24,1.76,0.36,0.5784427845142368,1076.6
2015-12-29,13.9625,113.1664,120.497,6.57717,2078.36,16.08,36.85,37.88,102.2,2832238.0,2.32,0.79,0.53,1.53,1.28,1.78,0.36,0.4079233592821095,1068.99
2015-12-31,13.8425,113.3429,120.191,6.56988,2043.94,18.21,36.61,37.13,101.46,3823376.0,2.27,0.73,0.45,1.54,1.31,1.77,0.2,0.3009370350709457,1061.77
2016-01-04,13.87,114.1595,119.316,6.62622,2012.66,20.7,36.28,36.81,102.89,6439673.0,2.24,0.69,0.42,1.55,1.31,1.79,0.36,0.3536908162247423,1064.65
2016-01-06,14.01,114.6177,118.473,6.72882,1990.26,20.59,33.89,33.97,104.67,9313051.0,2.18,0.65,0.39,1.53,1.26,1.8,0.36,0.5487177207310708,1077.97
2016-01-07,14.31,114.6516,117.604,6.69075,1943.09,24.99,33.57,33.29,106.15,11719552.0,2.16,0.66,0.36,1.5,1.25,1.75,0.36,0.1862747638843966,1093.55
2016-01-08,13.96,115.0095,117.491,6.68605,1922.03,27.01,31.67,33.2,105.68,7668505.0,2.13,0.65,0.34,1.48,1.23,1.73,0.36,-0.4288878418237549,1109.5
2016-01-11,13.86,115.0139,117.724,6.6183,1923.67,24.3,30.14,31.42,104.74,6272359.0,2.17,0.72,0.39,1.45,1.19,1.71,0.36,-0.4173895989883198,1106.95
2016-01-12,13.78,115.3128,117.739,6.58341,1938.68,22.47,29.14,30.42,104.21,5538109.0,2.12,0.69,0.36,1.43,1.19,1.67,0.36,-0.379093427638648,1096.23
2016-01-13,14.165,115.1425,117.637,6.57324,1890.28,25.22,28.58,30.42,104.72,7323082.0,2.08,0.65,0.33,1.43,1.18,1.68,0.36,-0.0534241989365201,1086.51
2016-01-14,13.84,115.3846,118.149,6.61718,1921.84,23.95,28.84,31.22,103.02,9988950.0,2.1,0.67,0.32,1.43,1.2,1.66,0.36,-0.2675765624058858,1094.58
2016-01-15,13.89,115.7404,116.978,6.61581,1880.33,27.02,28.8,29.45,104.09,10052154.0,2.03,0.67,0.34,1.36,1.12,1.6,0.36,-0.4045572121505662,1077.59
2016-01-19,14.03,115.8155,117.62,6.59492,1881.33,26.05,27.36,28.47,103.98,4588400.0,2.06,0.68,0.33,1.38,1.16,1.6,0.36,0.1169665764279733,1089.0
2016-01-20,14.14,116.3498,116.982,6.60414,1859.33,27.59,26.01,26.68,105.37,10117881.0,2.01,0.69,0.34,1.32,1.1,1.54,0.37,-0.6611646244291278,1089.5
2016-01-21,14.1,115.9833,117.786,6.60638,1868.99,26.69,27.59,29.55,105.49,5424270.0,2.02,0.74,0.36,1.28,1.08,1.48,0.37,-0.6408819008209166,1099.13
2016-01-27,14.4805,115.5087,118.597,6.61534,1882.95,23.11,31.83,32.32,107.69,8271115.0,2.02,0.62,0.25,1.4,1.18,1.62,0.38,1.133010981570758,1120.91
2016-02-01,14.35,115.3331,121.019,6.60641,1939.38,19.98,32.45,31.62,108.05,10471237.0,1.97,0.57,0.18,1.4,1.2,1.6,0.38,1.256420601937618,1117.94
2016-02-02,14.3075,115.553,119.75,6.62337,1903.03,21.98,30.98,29.9,108.09,6654183.0,1.87,0.51,0.14,1.36,1.14,1.58,0.38,1.3009720736868058,1129.89
2016-02-04,14.86,113.6012,116.88,6.60641,1915.45,21.84,32.76,31.63,110.57,13208481.0,1.87,0.51,0.12,1.36,1.13,1.59,0.38,0.9862917098897284,1141.95
2016-02-05,15.01,114.2935,116.973,6.57864,1880.05,23.38,32.35,30.86,112.32,14769720.0,1.86,0.53,0.18,1.33,1.07,1.59,0.38,0.492179419780852,1153.52
2016-02-17,15.28,113.8634,114.105,6.52884,1926.82,22.31,33.21,30.68,115.48,10578598.0,1.81,0.53,0.22,1.28,1.04,1.52,0.37,0.1069296394963304,1197.76
2016-02-18,15.4035,113.8897,113.329,6.52343,1917.83,21.64,33.2,30.77,118.29,13580305.0,1.75,0.51,0.19,1.24,1.02,1.46,0.38,-0.1916082940801592,1207.99
2016-02-19,15.37,113.9558,112.634,6.52836,1917.78,20.53,31.66,29.59,117.58,15191828.0,1.76,0.5,0.18,1.26,1.06,1.46,0.38,0.0620853838744162,1230.75
2016-02-22,15.18,113.8232,112.924,6.52383,1945.5,19.38,33.59,31.37,115.49,10675747.0,1.77,0.46,0.14,1.31,1.11,1.51,0.38,0.9204135264444052,1224.08
2016-02-23,15.29,114.177,111.984,6.53501,1921.27,20.98,31.9,31.84,117.22,9020566.0,1.74,0.42,0.1,1.32,1.13,1.51,0.38,0.9060862435718464,1208.44
2016-02-24,15.23,114.1716,112.051,6.53923,1929.8,20.72,31.5,30.35,117.61,17933653.0,1.75,0.39,0.06,1.36,1.15,1.57,0.38,0.8862490287581241,1230.11
2016-02-25,15.1575,113.9222,112.909,6.54196,1951.7,19.11,32.83,31.4,117.92,12493542.0,1.71,0.32,-0.02,1.39,1.18,1.6,0.37,1.3400865268148985,1226.84
2016-02-26,14.73,114.3708,113.943,6.5387,1948.05,19.81,35.76,31.65,117.11,12499376.0,1.76,0.35,0.03,1.41,1.2,1.62,0.37,0.984810142664166,1236.28
2016-02-29,14.9,114.2418,112.37,6.54877,1932.23,20.55,35.92,32.74,118.64,11514773.0,1.74,0.32,-0.01,1.42,1.23,1.61,0.29,0.8873128641809522,1222.41
2016-03-01,14.82,113.9265,114.049,6.54835,1978.35,17.7,35.73,34.39,117.77,14131031.0,1.83,0.35,0.02,1.48,1.29,1.67,0.36,0.6981285869520796,1240.49
2016-03-02,14.95,113.7965,113.609,6.55466,1986.45,17.09,36.38,34.57,118.68,8889466.0,1.84,0.33,0.0,1.51,1.34,1.68,0.37,0.6496667703807418,1231.44
2016-03-03,15.22,113.2482,113.73,6.54562,1993.4,16.7,35.75,34.56,120.73,18709074.0,1.83,0.3,-0.03,1.53,1.36,1.7,0.37,0.5440566842230371,1239.49
2016-03-04,15.49,112.6387,113.956,6.51287,1999.99,16.86,37.61,35.91,120.54,16256809.0,1.88,0.37,0.02,1.51,1.36,1.66,0.36,0.6154972717104751,1260.2
2016-03-07,15.645,112.6219,113.364,6.51966,2001.76,17.35,39.02,37.9,121.14,9347716.0,1.91,0.43,0.06,1.48,1.36,1.6,0.36,-0.023625019538705,1264.23
2016-03-08,15.35,112.8465,112.685,6.50882,1979.26,18.67,39.16,36.67,120.58,11523636.0,1.83,0.37,0.01,1.46,1.33,1.59,0.36,0.2696605393601921,1269.38
2016-03-09,15.32,112.4268,113.303,6.51457,1989.26,18.34,40.26,37.62,119.58,8669178.0,1.9,0.39,0.02,1.51,1.37,1.65,0.36,0.1835839917295338,1261.83
2016-03-10,15.6025,112.4191,113.154,6.51693,1989.57,18.05,38.63,37.77,121.5,18104896.0,1.93,0.45,0.1,1.48,1.35,1.61,0.36,-0.5909402422315978,1252.87
2016-03-11,15.48,111.741,113.811,6.4972,2022.19,16.5,39.41,38.51,119.41,10808339.0,1.98,0.44,0.08,1.54,1.41,1.67,0.36,-0.0308342325697189,1271.05
2016-03-14,15.35,112.1688,113.796,6.49387,2019.64,16.92,38.06,37.2,117.87,14231377.0,1.97,0.45,0.11,1.52,1.38,1.66,0.36,0.1022994716406721,1251.21
2016-03-15,15.281,112.5545,113.192,6.50778,2015.93,16.84,37.49,36.32,117.96,9941776.0,1.97,0.47,0.15,1.5,1.35,1.65,0.37,-0.4472197933740059,1235.54
2016-03-16,15.6,112.7759,112.762,6.52225,2027.22,14.99,38.38,38.43,120.59,17321652.0,1.94,0.36,-0.04,1.58,1.45,1.71,0.37,0.0477578042581312,1232.9
2016-03-17,15.93,110.445,111.405,6.4823,2040.59,14.44,39.29,40.17,120.13,9912732.0,1.91,0.34,-0.07,1.57,1.46,1.68,0.37,1.3565966899113358,1260.25
2016-03-18,15.81,110.4002,111.543,6.47323,2049.58,14.02,39.26,39.47,119.8,16965602.0,1.88,0.27,-0.13,1.61,1.47,1.75,0.37,1.4335210156189284,1259.28
2016-03-21,15.84,110.737,112.125,6.47839,2051.6,13.79,39.91,39.91,118.96,7239410.0,1.92,0.28,-0.12,1.64,1.5,1.78,0.37,1.4956681701437466,1255.64
2016-03-22,15.885,110.7877,112.318,6.49376,2049.8,14.17,40.54,41.45,119.31,6786417.0,1.94,0.31,-0.06,1.63,1.48,1.78,0.37,1.5588537393074575,1244.06
2016-03-23,15.28,111.5473,112.388,6.50276,2036.71,14.94,38.84,38.28,116.61,15991442.0,1.88,0.3,-0.07,1.58,1.44,1.72,0.37,0.6864629304940828,1247.86
2016-03-24,15.21,111.816,112.791,6.52294,2035.94,14.74,38.33,38.14,116.33,6280027.0,1.91,0.34,-0.03,1.57,1.42,1.72,0.37,-0.5297251692307782,1222.87
2016-03-28,15.25,111.3578,113.399,6.52122,2037.05,15.24,38.33,37.99,116.6,3876070.0,1.89,0.33,-0.03,1.56,1.4,1.72,0.37,-0.622407817095257,1216.39
2016-03-29,15.34,111.3736,112.705,6.51502,2055.01,13.82,36.75,36.91,118.76,14464282.0,1.81,0.2,-0.18,1.61,1.47,1.75,0.37,0.2989595680121337,1221.63
2016-03-30,15.22,110.2301,112.45,6.4839,2063.95,13.56,36.75,36.91,117.1,10756183.0,1.83,0.18,-0.26,1.65,1.52,1.78,0.37,1.1221512836380274,1242.7
2016-04-01,15.07,110.2977,111.654,6.47233,2072.78,13.1,36.42,35.36,116.93,10397616.0,1.79,0.17,-0.25,1.62,1.49,1.75,0.37,1.5204042876081514,1232.78
2016-04-05,15.14,110.9478,110.34,6.4823,2045.17,15.42,35.88,34.52,117.66,8857909.0,1.73,0.14,-0.26,1.59,1.43,1.75,0.37,0.3870202271409004,1215.66
2016-04-06,15.07,110.5347,109.742,6.4913,2066.66,14.09,37.77,37.74,116.94,7548780.0,1.76,0.17,-0.23,1.59,1.43,1.75,0.37,-0.2364881500368575,1231.6
2016-04-07,15.2275,110.8876,108.264,6.48281,2041.91,16.16,37.15,37.3,118.61,11897125.0,1.7,0.12,-0.27,1.58,1.41,1.75,0.37,-0.2052487190578669,1223.36
2016-04-08,15.365,110.4213,108.168,6.4851,2047.6,15.36,40.71,39.74,118.43,9077678.0,1.72,0.14,-0.27,1.58,1.43,1.73,0.37,0.0390555958736096,1240.26
2016-04-11,15.92,109.9758,107.968,6.48255,2041.99,16.26,41.58,40.46,120.03,9830884.0,1.73,0.17,-0.25,1.56,1.41,1.71,0.37,-0.1721849918492161,1240.25
2016-04-12,16.1925,109.816,108.618,6.47116,2061.72,14.85,43.02,42.12,120.05,9685272.0,1.79,0.22,-0.17,1.57,1.39,1.75,0.37,-0.1912017144222398,1258.36
2016-04-13,16.22,110.1436,109.275,6.48241,2082.42,13.84,42.81,41.7,118.77,8832369.0,1.77,0.21,-0.21,1.56,1.43,1.69,0.37,-0.2382961569007666,1255.47
2016-04-14,16.16,110.1691,109.418,6.49506,2082.78,13.72,43.02,41.45,117.11,13156088.0,1.8,0.24,-0.16,1.56,1.42,1.7,0.37,-0.6114373646023759,1242.29
2016-04-15,16.24,110.1933,108.727,6.48857,2080.73,13.62,41.32,40.4,117.92,7831564.0,1.76,0.2,-0.2,1.56,1.42,1.7,0.37,-0.4332989633991579,1227.67
2016-04-18,16.21,109.9892,108.857,6.48845,2094.34,13.35,41.64,39.74,117.74,5799600.0,1.78,0.21,-0.17,1.57,1.41,1.73,0.37,-0.3993970805438157,1235.11
2016-04-19,16.94,109.2782,109.269,6.47506,2100.8,13.24,43.02,40.88,119.58,21022305.0,1.79,0.19,-0.2,1.6,1.46,1.74,0.37,0.2525938184584058,1232.69
2016-04-20,16.96,109.3926,109.741,6.47112,2102.4,13.28,43.09,42.72,118.97,10229041.0,1.85,0.23,-0.17,1.62,1.49,1.75,0.37,0.155765216410776,1250.8
2016-04-21,17.0,109.8533,109.428,6.48329,2091.48,13.95,43.48,43.18,119.42,14600559.0,1.88,0.24,-0.21,1.64,1.56,1.72,0.37,0.178455226228979,1243.02
2016-04-22,16.96,110.2331,111.624,6.49493,2091.58,13.22,43.97,42.76,117.89,10044012.0,1.89,0.25,-0.19,1.64,1.56,1.72,0.37,-0.243896421368205,1247.2
2016-04-25,17.0,110.1865,111.238,6.50635,2087.79,14.08,42.97,41.67,118.23,4366144.0,1.91,0.26,-0.18,1.65,1.56,1.74,0.37,-0.2491568674003622,1233.28
2016-04-27,17.24,109.8483,111.45,6.50521,2095.15,13.77,44.17,45.29,119.01,7967623.0,1.87,0.19,-0.24,1.68,1.57,1.79,0.37,0.1022858607119778,1243.94
2016-04-28,17.56,109.2148,108.112,6.48505,2075.81,15.22,45.6,46.03,121.29,15125008.0,1.84,0.12,-0.33,1.72,1.61,1.83,0.37,0.9901124358587088,1245.83
2016-04-29,17.82,108.8274,106.476,6.4914,2065.3,15.7,45.64,45.98,123.65,19034743.0,1.83,0.12,-0.32,1.71,1.6,1.82,0.3,1.3391311992503718,1266.57
2016-05-03,17.42,109.3613,106.946,6.48538,2063.37,15.6,43.09,43.65,122.96,9062136.0,1.81,0.17,-0.29,1.64,1.54,1.74,0.37,0.1732117953974439,1291.91
2016-05-04,17.3825,109.9952,107.034,6.51259,2051.12,16.05,43.08,43.77,122.21,9379892.0,1.79,0.16,-0.29,1.63,1.52,1.74,0.37,-0.7388404594585573,1286.06
2016-05-05,17.35,110.2417,107.274,6.51709,2050.63,15.91,44.39,44.33,122.07,8834627.0,1.76,0.13,-0.32,1.63,1.52,1.74,0.37,-0.8002455214844995,1280.01
2016-05-06,17.47,110.3801,107.143,6.51318,2057.14,14.72,44.6,44.58,123.18,11365923.0,1.79,0.18,-0.28,1.61,1.51,1.71,0.37,-0.9492514506133196,1278.65
2016-05-10,17.11,110.8225,109.348,6.54192,2084.39,13.63,44.01,44.68,120.98,9841981.0,1.77,0.15,-0.33,1.62,1.53,1.71,0.37,-0.5910825214691287,1264.41
2016-05-12,16.97,110.6935,109.043,6.54414,2064.11,14.41,46.43,46.64,121.16,7441897.0,1.75,0.15,-0.29,1.6,1.53,1.67,0.37,-0.4626645713023826,1277.84
2016-05-13,17.1,111.2521,108.646,6.54653,2046.61,15.04,47.05,46.22,121.71,7667955.0,1.71,0.13,-0.3,1.58,1.52,1.64,0.37,-0.1391106571989878,1263.83
2016-05-16,17.14,111.1217,109.064,6.54705,2066.66,14.68,48.49,47.72,121.8,7092963.0,1.75,0.15,-0.27,1.6,1.53,1.67,0.37,0.0515884646348207,1271.87
2016-05-17,17.25,111.0867,109.128,6.54785,2047.21,15.57,48.71,48.29,122.24,8601519.0,1.76,0.15,-0.27,1.61,1.56,1.66,0.37,-0.105588934291303,1273.58
2016-05-18,16.91,111.4995,110.186,6.55525,2047.63,15.95,48.93,48.12,120.1,13375419.0,1.87,0.26,-0.13,1.61,1.54,1.68,0.37,-1.0704627278099277,1279.51
2016-05-19,16.5,112.2331,109.96,6.56346,2040.04,16.33,47.01,48.16,119.87,13914077.0,1.85,0.29,-0.13,1.56,1.51,1.61,0.37,-1.355125873031305,1258.62
2016-05-20,16.52,112.1822,110.156,6.56457,2052.32,15.2,48.54,47.67,119.71,10372708.0,1.85,0.29,-0.13,1.56,1.51,1.61,0.37,-1.2739222690074572,1255.29
2016-05-23,16.39,112.284,109.227,6.56334,2048.04,15.82,47.77,48.12,119.37,8618145.0,1.84,0.3,-0.11,1.54,1.49,1.59,0.37,-1.3146675002673536,1251.07
2016-05-24,16.23,112.2912,109.983,6.56476,2076.06,14.42,48.42,48.04,117.3,12758594.0,1.86,0.31,-0.1,1.55,1.51,1.59,0.37,-1.459043104681057,1249.21
2016-05-25,16.295,112.2001,110.181,6.56641,2090.54,13.9,48.87,49.1,116.98,10493596.0,1.87,0.29,-0.11,1.58,1.51,1.65,0.37,-0.5700639426819923,1227.6
2016-05-26,16.33,111.8979,109.754,6.56434,2090.1,13.43,49.52,49.0,116.58,5886269.0,1.83,0.25,-0.16,1.58,1.51,1.65,0.37,0.2135201343629624,1223.85
2016-05-27,16.19,112.0822,110.421,6.56646,2099.06,13.12,49.09,49.36,115.63,8685937.0,1.85,0.27,-0.12,1.58,1.51,1.65,0.37,0.0567996870627215,1218.05
2016-05-31,16.0,112.4276,110.738,6.58858,2096.95,14.19,49.26,49.1,116.06,8180687.0,1.84,0.3,-0.1,1.54,1.47,1.61,0.29,-0.0512599001596439,1206.38
2016-06-01,15.96,112.462,109.473,6.58875,2099.33,14.2,48.81,49.07,115.94,8391609.0,1.85,0.31,-0.08,1.54,1.47,1.61,0.37,-0.2900505770362831,1215.92
2016-06-02,16.02,112.4564,108.848,6.58803,2105.26,13.63,49.05,49.14,115.67,4583561.0,1.81,0.27,-0.12,1.54,1.48,1.6,0.37,-0.3940705226430623,1213.81
2016-06-03,16.41,111.4451,106.638,6.5953,2099.13,13.47,48.5,48.69,118.85,14584594.0,1.71,0.19,-0.22,1.52,1.45,1.59,0.37,0.5305466072731154,1211.18
2016-06-06,16.47,111.2295,107.537,6.56962,2109.41,13.65,48.94,49.71,118.92,9861954.0,1.73,0.19,-0.24,1.54,1.49,1.59,0.37,1.3756360902612903,1243.15
2016-06-07,16.38,110.8378,107.332,6.57195,2112.13,14.05,49.76,50.37,118.82,4602587.0,1.72,0.15,-0.28,1.57,1.51,1.63,0.37,1.359030176595042,1245.4
2016-06-08,17.04,110.1916,106.888,6.57901,2119.12,14.08,50.73,51.23,120.58,11647534.0,1.71,0.12,-0.31,1.59,1.54,1.64,0.37,1.8144221944270449,1244.46
2016-06-15,17.52,111.7671,106.002,6.59967,2071.5,20.14,47.47,47.92,123.68,15037967.0,1.6,0.13,-0.37,1.47,1.47,1.47,0.37,-0.6546993514386951,1285.42
2016-06-17,17.46,111.5332,104.187,6.60248,2071.22,19.41,46.57,48.0,123.95,15566946.0,1.62,0.2,-0.3,1.42,1.43,1.41,0.38,-0.7400946713176098,1279.32
2016-06-20,17.5,110.8693,103.974,6.58949,2083.25,18.37,48.68,49.4,123.21,11859299.0,1.67,0.24,-0.26,1.43,1.43,1.43,0.38,-0.4832013348893892,1289.06
2016-06-21,17.29,111.0077,104.777,6.58927,2088.9,18.48,48.18,48.95,120.84,14581045.0,1.71,0.28,-0.19,1.43,1.41,1.45,0.38,-0.4190799193469757,1290.62
2016-06-22,17.27,110.7681,104.813,6.59138,2085.45,21.17,48.43,49.16,120.91,7856920.0,1.69,0.25,-0.21,1.44,1.41,1.47,0.38,-0.3849219411023855,1268.65
2016-06-23,17.29,110.262,106.586,6.58739,2113.32,17.25,48.63,49.34,120.11,10683602.0,1.74,0.24,-0.22,1.5,1.47,1.53,0.39,0.2008877465438013,1263.36
2016-06-24,17.7575,112.1355,102.268,6.64354,2037.41,25.76,46.69,46.7,125.98,35767704.0,1.57,0.15,-0.28,1.42,1.36,1.48,0.4,0.1940343588759966,1245.58
2016-06-27,17.74,113.1301,101.906,6.67769,2000.54,23.85,45.07,45.8,126.68,21390393.0,1.46,0.12,-0.27,1.34,1.27,1.41,0.41,-0.1503659703819025,1320.17
2016-06-28,17.78,112.7545,102.714,6.68171,2036.09,18.75,46.29,47.93,125.32,15996295.0,1.46,0.09,-0.32,1.37,1.32,1.42,0.41,0.2901767317455861,1325.08
2016-06-29,18.29,111.8597,102.902,6.66333,2070.77,16.64,48.4,49.85,125.84,12211886.0,1.5,0.1,-0.33,1.4,1.36,1.44,0.41,0.1673247413899504,1310.75
2016-06-30,18.71,112.1618,103.301,6.6676,2098.86,15.63,48.05,48.27,126.47,15965344.0,1.49,0.09,-0.37,1.4,1.38,1.42,0.3,-0.1219558398036062,1317.99
2016-07-01,19.72,111.6509,102.57,6.6738,2102.95,14.77,47.65,49.02,128.41,14938396.0,1.46,0.03,-0.43,1.43,1.43,1.43,0.41,0.4293730879832496,1322.32
2016-07-05,19.89,112.4231,101.738,6.68594,2088.55,15.58,45.64,46.73,129.44,18951208.0,1.37,-0.03,-0.45,1.4,1.39,1.41,0.4,0.6266629863689772,1348.11
2016-07-06,19.99,112.5438,101.385,6.70045,2099.73,14.96,45.7,47.37,130.23,17374351.0,1.38,-0.05,-0.46,1.43,1.41,1.45,0.4,0.4986844415644842,1356.08
2016-07-07,19.68,112.5775,100.77,6.69436,2097.9,14.76,45.93,45.22,129.74,16505027.0,1.4,-0.03,-0.44,1.43,1.41,1.45,0.4,0.4538076873927673,1363.91
2016-07-11,20.29,112.5254,102.782,6.70241,2137.16,13.54,44.04,44.73,129.33,10817406.0,1.43,0.01,-0.38,1.42,1.41,1.43,0.4,-0.4436200019801917,1367.9
2016-07-12,20.17,112.1102,104.755,6.69736,2152.14,13.55,46.72,46.82,127.15,26447867.0,1.53,0.07,-0.36,1.46,1.46,1.46,0.4,-0.4396147195989628,1354.81
2016-07-13,20.35,112.0266,104.377,6.69463,2152.43,13.04,44.67,44.87,128.32,7375052.0,1.48,0.03,-0.36,1.45,1.43,1.47,0.4,-0.343928420729938,1332.8
2016-07-14,20.3,111.7692,105.353,6.69539,2163.75,12.82,46.01,45.64,127.33,12126105.0,1.53,0.08,-0.34,1.45,1.44,1.46,0.4,-0.4027977333254055,1344.07
2016-07-15,20.09,112.2833,105.49,6.69083,2161.74,12.67,46.25,45.93,126.84,13779882.0,1.6,0.11,-0.29,1.49,1.44,1.54,0.4,-0.7890137846253596,1336.35
2016-07-18,20.06,112.2463,106.135,6.71402,2166.89,12.44,45.35,45.23,127.04,8475972.0,1.59,0.1,-0.27,1.49,1.41,1.57,0.4,-0.3287407516472868,1332.0
2016-07-19,19.9,112.638,106.165,6.70464,2163.78,11.97,45.7,44.64,127.21,5167693.0,1.56,0.12,-0.27,1.44,1.39,1.49,0.4,-0.5836153582768357,1328.77
2016-07-20,19.42,112.6743,107.218,6.67944,2173.02,11.77,45.82,44.96,125.39,11737797.0,1.59,0.13,-0.25,1.46,1.4,1.52,0.4,-0.802696916843999,1331.82
2016-07-21,19.755,112.6239,106.196,6.67579,2165.17,12.74,44.99,43.96,127.33,9390174.0,1.57,0.05,-0.27,1.52,1.38,1.66,0.4,-0.0306735149961489,1316.63
2016-07-22,19.65,112.989,106.159,6.67788,2175.03,12.02,44.24,43.41,126.35,7715135.0,1.57,0.06,-0.23,1.51,1.36,1.66,0.4,-0.0039745008423645,1331.18
2016-07-25,19.5575,113.1784,105.834,6.68883,2168.48,12.87,43.76,42.4,125.47,13137816.0,1.58,0.08,-0.19,1.5,1.34,1.66,0.4,-0.1995359340372106,1322.76
2016-07-26,19.64,113.0593,104.742,6.67812,2169.18,13.05,43.56,42.16,126.0,7610957.0,1.57,0.07,-0.18,1.5,1.33,1.67,0.4,0.2510725736434335,1315.4
2016-07-27,20.37,113.217,105.301,6.67595,2166.58,12.83,42.78,41.9,128.03,17053369.0,1.52,0.03,-0.21,1.49,1.31,1.67,0.4,0.4081856218676374,1320.1
2016-07-28,20.1705,112.7393,105.286,6.66566,2170.06,12.72,41.87,41.13,127.66,9252757.0,1.52,0.0,-0.24,1.52,1.33,1.71,0.4,0.1775023593333387,1339.7
2016-07-29,20.37,111.874,102.048,6.65906,2173.6,11.87,40.76,41.54,128.98,13706478.0,1.46,-0.03,-0.28,1.49,1.31,1.67,0.3,0.7396967308413867,1335.55
2016-08-01,20.4495,111.9757,102.368,6.64408,2170.84,12.44,40.17,40.05,129.21,7108384.0,1.51,0.05,-0.21,1.46,1.27,1.65,0.4,0.4017480479680087,1348.65
2016-08-02,20.6,111.7124,100.921,6.64166,2157.03,13.37,40.0,39.5,130.27,7648293.0,1.55,0.11,-0.18,1.44,1.25,1.63,0.4,0.0789328853793365,1353.66
2016-08-03,20.395,111.9419,101.266,6.63832,2163.79,12.86,40.45,40.8,129.65,5007903.0,1.55,0.09,-0.21,1.46,1.28,1.64,0.4,-0.0039040449232644,1363.57
2016-08-05,19.71,112.3589,101.777,6.65171,2182.87,11.39,42.47,41.83,127.55,16204457.0,1.59,0.09,-0.2,1.5,1.33,1.67,0.4,-0.8322525913474752,1360.87
2016-08-09,19.8605,111.722,101.855,6.67087,2181.74,11.66,43.37,42.78,127.96,7493439.0,1.55,0.06,-0.19,1.49,1.3,1.68,0.4,0.2308064759840263,1335.49
2016-08-10,20.15,111.3238,101.184,6.6411,2175.49,12.05,42.19,41.75,128.56,6190625.0,1.5,0.06,-0.2,1.44,1.27,1.61,0.4,0.2363207342513476,1340.91
2016-08-11,19.97,111.1954,101.929,6.64688,2185.79,11.68,44.23,43.51,127.67,9759894.0,1.57,0.1,-0.16,1.47,1.32,1.62,0.4,-0.1572682409307513,1347.11
2016-08-12,19.71,111.1787,101.275,6.65463,2184.05,11.55,45.12,44.47,127.4,15394246.0,1.51,0.07,-0.19,1.44,1.29,1.59,0.4,0.3360589542995368,1339.13
2016-08-15,19.8225,110.9212,101.27,6.64919,2190.15,11.81,47.31,45.72,127.84,4522713.0,1.55,0.1,-0.16,1.45,1.3,1.6,0.4,0.1475806618454747,1338.44
2016-08-16,19.8,110.4295,100.271,6.62706,2178.15,12.64,48.27,46.57,128.47,8651071.0,1.57,0.13,-0.12,1.44,1.28,1.6,0.4,-0.0385727607968167,1339.83
2016-08-19,19.32,110.8163,100.143,6.65972,2183.87,11.34,49.39,48.48,127.97,10893232.0,1.58,0.1,-0.17,1.48,1.34,1.62,0.4,-0.0174972803002888,1352.56
2016-08-22,18.913,110.9997,100.329,6.66537,2182.64,12.27,48.1,46.8,127.78,8626084.0,1.55,0.08,-0.19,1.47,1.34,1.6,0.4,0.0935437221423384,1340.48
2016-08-23,18.82,110.9414,100.194,6.65722,2186.9,12.38,48.7,47.54,127.76,9036224.0,1.55,0.07,-0.19,1.48,1.34,1.62,0.4,0.1640102842043513,1339.15
2016-08-24,18.5515,111.2958,100.465,6.66692,2175.44,13.45,47.56,46.29,126.34,13511926.0,1.56,0.08,-0.19,1.48,1.32,1.64,0.4,-0.0342128000313425,1337.69
2016-08-26,18.65,111.2035,101.843,6.68386,2169.04,13.65,49.66,47.64,126.05,17964538.0,1.62,0.15,-0.08,1.47,1.31,1.63,0.4,-0.3516315165173386,1321.65
2016-08-29,18.87,111.8775,101.895,6.68865,2180.38,12.94,49.66,46.97,126.3,5553964.0,1.57,0.11,-0.11,1.46,1.29,1.63,0.4,-0.4889231825659086,1320.65
2016-08-30,18.613,112.2928,102.977,6.68928,2176.12,13.12,47.94,46.32,125.03,9856590.0,1.57,0.11,-0.1,1.46,1.28,1.64,0.4,-0.7144617515250336,1323.23
2016-08-31,18.65,112.4036,103.36,6.69137,2170.95,13.42,47.94,44.68,124.78,13309747.0,1.58,0.11,-0.08,1.47,1.27,1.67,0.3,-0.5929439520168667,1311.39
2016-09-02,19.4,112.0009,104.029,6.6961,2179.98,11.98,45.96,44.39,126.57,11314111.0,1.6,0.13,-0.08,1.47,1.28,1.66,0.4,-0.2769857862503483,1314.27
2016-09-06,20.05,110.9613,102.095,6.69093,2186.48,12.02,46.21,44.85,128.71,15088212.0,1.55,0.06,-0.16,1.49,1.29,1.69,0.4,0.6783028132975066,1326.15
2016-09-07,19.84,110.9717,101.718,6.67141,2186.16,11.94,47.0,45.47,128.27,8855215.0,1.54,0.03,-0.18,1.51,1.3,1.72,0.4,0.8711281121553835,1348.31
2016-09-08,19.62,111.2609,102.392,6.67231,2181.3,12.51,49.23,47.63,127.59,10536712.0,1.61,0.09,-0.15,1.52,1.34,1.7,0.4,0.5153210608560416,1344.93
2016-09-09,19.09,111.9879,102.683,6.68778,2127.81,17.5,48.37,45.88,126.75,12457753.0,1.67,0.17,-0.09,1.5,1.32,1.68,0.4,0.0350604864652495,1337.88
2016-09-12,19.12,112.1516,101.926,6.69335,2159.04,15.16,47.82,46.28,126.59,11139834.0,1.68,0.17,-0.12,1.51,1.33,1.69,0.4,-1.2862508883589063,1327.78
2016-09-13,18.87,112.5207,102.547,6.68601,2127.02,17.85,46.48,44.91,125.73,8838707.0,1.73,0.24,-0.05,1.49,1.31,1.67,0.4,-1.273113610477863,1328.17
2016-09-19,19.15,112.903,101.852,6.6701,2139.12,15.53,46.04,43.34,125.32,4949927.0,1.7,0.2,-0.13,1.5,1.35,1.65,0.4,-0.4335353868625173,1309.76
2016-09-21,19.845,112.9842,100.435,6.68313,2163.12,13.3,45.99,45.33,127.27,13631352.0,1.66,0.15,-0.17,1.51,1.37,1.65,0.4,-0.013335671864154,1314.58
2016-09-22,19.88,112.2592,100.793,6.68004,2177.18,12.02,47.21,46.1,127.57,15177483.0,1.63,0.08,-0.22,1.55,1.4,1.7,0.4,0.7356824069633812,1334.78
2016-09-23,19.68,112.7166,101.034,6.67681,2164.69,12.29,46.71,44.36,127.65,7702289.0,1.62,0.05,-0.26,1.57,1.42,1.72,0.4,0.8575655825595907,1336.61
2016-09-26,19.437,112.7112,100.309,6.68102,2146.1,14.5,46.61,45.6,127.55,5839256.0,1.59,0.05,-0.27,1.54,1.4,1.68,0.4,0.8646004695226863,1336.83
2016-09-28,19.1885,112.6283,100.733,6.68553,2171.37,12.39,45.49,47.07,126.22,6727736.0,1.57,0.01,-0.31,1.56,1.44,1.68,0.4,0.8743001071696208,1326.56
2016-09-29,19.1025,112.2879,101.099,6.68034,2151.13,14.02,48.43,47.72,126.07,7437023.0,1.56,0.02,-0.32,1.54,1.44,1.64,0.4,0.3322560479662362,1322.15
2016-09-30,19.1805,112.2795,101.407,6.67563,2168.27,13.29,48.24,47.72,125.64,11202915.0,1.6,0.0,-0.31,1.6,1.45,1.75,0.29,0.4743634311070668,1320.65
2016-10-13,17.5,113.6238,103.663,6.73839,2132.55,16.69,49.29,50.47,120.03,7179048.0,1.75,0.12,-0.23,1.63,1.5,1.76,0.41,-0.1561197982339232,1256.16
2016-10-14,17.45,113.7119,104.224,6.73464,2132.98,16.12,48.87,50.35,119.36,6573284.0,1.8,0.13,-0.25,1.67,1.53,1.81,0.41,-0.1423470525464069,1258.26
2016-10-17,17.47,113.5488,103.895,6.74825,2126.5,16.21,49.31,49.97,119.68,4777636.0,1.77,0.09,-0.29,1.68,1.55,1.81,0.41,0.4320737390977724,1251.46
2016-10-19,17.68,113.0547,103.392,6.74096,2144.29,14.41,51.85,51.59,121.11,6016542.0,1.76,0.08,-0.32,1.68,1.56,1.8,0.41,0.584706236198882,1262.48
2016-10-20,17.55,113.4033,103.971,6.74494,2141.34,13.75,50.42,50.31,120.74,6494516.0,1.76,0.08,-0.3,1.68,1.56,1.8,0.41,0.2260185085640606,1269.41
2016-10-24,17.59,113.8571,104.234,6.77907,2151.33,13.02,49.8,50.18,120.56,5471884.0,1.77,0.11,-0.26,1.66,1.53,1.79,0.41,-0.4523744372688614,1265.64
2016-10-25,17.82,113.6801,104.217,6.7823,2143.16,13.46,49.08,49.45,121.47,6137728.0,1.77,0.07,-0.28,1.7,1.57,1.83,0.41,-0.1387642917784258,1264.88
2016-10-26,17.63,113.8131,104.481,6.78096,2139.43,14.24,48.98,48.75,120.79,3905102.0,1.79,0.08,-0.28,1.71,1.58,1.84,0.41,-0.279915783120521,1273.1
2016-10-27,17.629,114.1998,105.255,6.78977,2133.04,15.36,49.13,49.71,121.01,4332825.0,1.85,0.13,-0.24,1.72,1.57,1.87,0.41,-0.4721755509862446,1266.8
2016-10-28,17.77,114.0931,104.714,6.79491,2126.41,16.19,47.78,48.72,121.58,11638942.0,1.86,0.13,-0.27,1.73,1.6,1.86,0.41,-0.2214599993619253,1268.41
2016-10-31,17.89,114.0188,104.852,6.78519,2126.15,17.06,46.2,46.83,121.94,7719755.0,1.84,0.11,-0.28,1.73,1.59,1.87,0.31,0.1802099021702174,1277.51
2016-11-01,18.38,113.9915,103.997,6.78147,2111.72,18.56,45.77,46.66,122.73,13382157.0,1.83,0.11,-0.29,1.72,1.59,1.85,0.41,-0.1675495875043592,1276.42
2016-11-02,18.52,113.9206,103.346,6.77206,2097.94,19.32,44.26,45.32,123.64,15689748.0,1.81,0.11,-0.29,1.7,1.55,1.85,0.41,-0.115218069196726,1288.62
2016-11-03,18.36,113.7664,102.952,6.77048,2088.66,22.08,43.84,44.66,124.3,10092347.0,1.82,0.14,-0.26,1.68,1.52,1.84,0.41,0.1505964531386209,1297.96
2016-11-04,18.41,113.5828,103.106,6.76793,2085.18,22.51,43.06,44.07,124.39,8594506.0,1.79,0.11,-0.28,1.68,1.52,1.84,0.41,0.3010072782826267,1304.24
2016-11-07,18.18,113.5443,104.528,6.78735,2131.52,18.71,42.83,44.88,122.15,10010279.0,1.83,0.12,-0.27,1.71,1.56,1.86,0.41,0.0547902453388724,1292.61
2016-11-08,18.37,113.3017,105.128,6.7952,2139.56,18.74,43.47,44.96,121.64,9456475.0,1.88,0.15,-0.23,1.73,1.57,1.89,0.41,-0.0142188114553303,1281.85
2016-11-09,18.48,114.6956,105.655,6.79744,2163.26,14.38,43.88,45.2,121.56,18231955.0,2.07,0.25,-0.18,1.82,1.67,1.97,0.41,-1.0001057122097734,1275.55
2016-11-10,18.6075,115.9375,106.791,6.82413,2167.48,14.74,43.67,44.62,119.75,22234660.0,2.15,0.27,-0.14,1.88,1.7,2.06,0.41,-1.3034843946961947,1278.25
2016-11-14,16.93,117.2245,108.293,6.85026,2164.2,14.48,41.83,43.29,116.11,20729377.0,2.23,0.4,0.01,1.83,1.65,2.01,0.41,-2.559009774383917,1227.78
2016-11-15,17.085,116.7724,109.045,6.86398,2180.39,13.37,44.15,45.86,117.12,9348572.0,2.23,0.41,0.01,1.82,1.67,1.97,0.41,-2.4389298588689226,1221.46
2016-11-16,16.98,116.8062,108.879,6.88316,2176.94,13.72,45.07,45.56,116.77,5478969.0,2.22,0.39,0.02,1.83,1.66,2.0,0.41,-1.386910640765716,1227.63
2016-11-17,16.67,116.8952,110.219,6.88102,2187.12,13.35,44.57,45.37,116.17,10340019.0,2.29,0.42,0.02,1.87,1.71,2.03,0.41,-1.1402076299548605,1224.67
2016-11-18,16.57,117.5936,110.823,6.90785,2181.9,12.85,44.41,45.69,115.15,9873107.0,2.34,0.44,0.06,1.9,1.74,2.06,0.41,-0.0739372213255277,1216.16
2016-11-21,16.59,117.4762,110.804,6.91201,2198.18,12.42,45.96,47.48,115.58,6621191.0,2.33,0.42,0.05,1.91,1.74,2.08,0.41,-0.1057004917616795,1207.7
2016-11-22,16.64,117.4508,111.12,6.90638,2202.94,12.41,46.1,48.07,115.54,6387614.0,2.31,0.41,0.02,1.9,1.75,2.05,0.41,-0.094793493140192,1213.59
2016-11-23,16.37,118.0356,112.477,6.92929,2204.72,12.43,46.54,46.72,113.25,20969154.0,2.36,0.44,0.09,1.92,1.74,2.1,0.41,-0.5088656504818962,1212.92
2016-11-25,16.52,118.02,113.086,6.94746,2213.35,12.34,46.32,46.72,112.61,5345889.0,2.36,0.47,0.09,1.89,1.74,2.04,0.41,-0.3386590778753626,1184.7
2016-11-28,16.61,117.7278,111.829,6.93524,2201.72,13.15,46.64,45.66,113.8,5650249.0,2.32,0.47,0.11,1.85,1.69,2.01,0.41,-0.4400710050191879,1185.14
2016-11-29,16.61,117.644,112.515,6.92062,2204.66,12.9,44.68,45.29,113.27,7430211.0,2.3,0.44,0.09,1.86,1.69,2.03,0.41,-0.2911171769682195,1194.04
2016-11-30,16.51,117.7636,114.379,6.89858,2198.81,13.33,47.95,49.41,111.75,10916858.0,2.37,0.43,0.06,1.94,1.77,2.11,0.31,0.1960319517875371,1187.75
2016-12-01,16.525,117.6642,114.18,6.90316,2191.08,14.07,52.28,51.08,111.54,10232056.0,2.45,0.48,0.09,1.97,1.81,2.13,0.41,0.2090631738086882,1173.53
2016-12-02,16.69,117.3116,113.562,6.87835,2191.95,14.12,52.35,51.7,112.14,7413835.0,2.4,0.49,0.08,1.91,1.76,2.06,0.41,0.2055642956335902,1172.51
2016-12-05,16.755,117.1008,113.812,6.87739,2204.71,12.14,53.3,51.72,111.54,10186209.0,2.39,0.45,0.05,1.94,1.79,2.09,0.41,0.411531004242374,1180.61
2016-12-06,16.74,116.9225,114.028,6.88134,2212.23,11.79,52.31,50.95,111.43,5533176.0,2.39,0.44,0.04,1.95,1.8,2.1,0.41,0.3290039604478945,1170.53
2016-12-07,17.12,116.672,113.639,6.90012,2241.35,12.22,51.9,49.85,111.83,4898523.0,2.34,0.42,0.02,1.92,1.78,2.06,0.41,0.2619851682581306,1169.79
2016-12-08,17.03,117.0327,114.13,6.89317,2246.19,12.64,51.6,50.84,111.57,5975333.0,2.4,0.45,0.0,1.95,1.83,2.07,0.41,0.2127531812567044,1175.05
2016-12-09,16.86,117.2834,115.249,6.93053,2259.53,11.75,52.19,51.51,110.4,10507217.0,2.47,0.51,0.06,1.96,1.83,2.09,0.41,-0.1242160801557808,1170.93
2016-12-12,17.08,116.9161,114.847,6.93886,2256.96,12.64,53.99,52.74,110.82,6155757.0,2.49,0.51,0.04,1.98,1.86,2.1,0.41,-0.1733911484057795,1159.69
2016-12-13,16.92,116.8029,115.246,6.93192,2271.72,12.72,53.28,52.99,110.45,7960576.0,2.48,0.53,0.06,1.95,1.86,2.04,0.41,-0.4098750273535232,1162.73
2016-12-14,16.84,116.7332,117.233,6.90781,2253.28,13.19,53.15,51.01,108.83,12910976.0,2.54,0.6,0.2,1.94,1.82,2.06,0.41,-0.8741901295063725,1158.25
2016-12-15,15.97,118.8072,118.26,6.9262,2262.03,12.79,51.72,50.9,107.34,14421790.0,2.6,0.7,0.32,1.9,1.78,2.02,0.66,-1.910251104109351,1141.64
2016-12-16,16.1,118.3584,117.907,6.95111,2258.07,12.2,54.15,51.93,108.05,9830320.0,2.6,0.74,0.32,1.86,1.75,1.97,0.66,-1.6661904708951496,1128.85
2016-12-19,15.9685,118.3875,117.089,6.94724,2262.53,11.71,53.53,52.13,108.59,5337546.0,2.54,0.68,0.29,1.86,1.74,1.98,0.66,-1.5837310466356338,1134.26
2016-12-20,16.1,118.63,117.881,6.94875,2270.76,11.45,54.56,52.22,107.79,7320660.0,2.57,0.67,0.26,1.9,1.8,2.0,0.66,-1.40289130491361,1138.15
2016-12-21,15.94,118.581,117.475,6.93983,2265.18,11.27,53.01,51.44,107.85,5105866.0,2.55,0.64,0.3,1.91,1.74,2.08,0.66,-0.9002575769369703,1132.64
2016-12-22,15.795,118.8209,117.549,6.94705,2260.96,11.43,54.04,51.98,107.59,4942231.0,2.55,0.6,0.18,1.95,1.86,2.04,0.66,0.5355913852734356,1131.25
2016-12-23,15.73,118.7856,117.383,6.94916,2263.79,11.44,53.93,52.01,107.93,5011613.0,2.55,0.58,0.2,1.97,1.84,2.1,0.66,0.8505683972998871,1132.65
2016-12-28,16.01,119.2305,117.061,6.9685,2249.92,12.95,54.95,54.01,108.86,5088560.0,2.51,0.56,0.17,1.95,1.85,2.05,0.66,0.3526009252400784,1138.36
2016-12-29,16.17,118.6637,116.556,6.98086,2249.26,13.37,54.97,53.8,110.29,7553919.0,2.49,0.55,0.15,1.94,1.81,2.07,0.66,0.3499159191384335,1142.05
2016-12-30,15.95,118.3466,116.875,6.9714,2238.83,14.04,54.96,53.75,109.61,8873725.0,2.45,0.5,0.09,1.95,1.84,2.06,0.55,0.5819989070428926,1158.47
2017-01-03,16.293,119.0903,117.698,6.96998,2257.83,12.85,55.05,52.36,110.47,7526109.0,2.45,0.47,0.08,1.98,1.86,2.1,0.66,0.5115686006292917,1150.53
2017-01-04,16.42,118.8803,117.273,6.91723,2270.75,11.85,54.57,53.26,110.86,4882819.0,2.46,0.47,0.08,1.99,1.86,2.12,0.66,0.3287663273704619,1158.73
2017-01-05,16.59,117.9999,115.445,6.83252,2269.0,11.67,54.99,53.77,112.58,9605610.0,2.37,0.42,0.03,1.95,1.83,2.07,0.66,0.349930945555981,1164.01
2017-01-06,16.48,118.3495,116.996,6.83923,2276.98,11.32,55.9,53.98,111.75,7680024.0,2.42,0.46,0.08,1.96,1.84,2.08,0.66,0.1952139274784821,1179.81
2017-01-09,16.56,118.4111,115.914,6.87941,2268.9,11.56,54.39,51.95,112.67,5672694.0,2.38,0.43,0.04,1.95,1.85,2.05,0.66,0.1955286289090386,1172.76
2017-01-10,16.79,118.5386,115.833,6.8916,2268.9,11.49,53.2,50.82,113.15,6087731.0,2.38,0.43,0.05,1.95,1.84,2.06,0.66,0.197331835188925,1181.15
2017-01-11,16.73,119.0219,115.41,6.9075,2275.32,11.26,53.61,52.19,113.5,9916078.0,2.38,0.39,0.04,1.99,1.85,2.13,0.66,0.2869289218681461,1188.05
2017-01-12,16.78,117.8001,114.69,6.85654,2270.44,11.54,54.51,53.01,113.91,8454911.0,2.36,0.38,0.0,1.98,1.87,2.09,0.66,0.2926879541197167,1190.95
2017-01-13,16.81,117.9884,114.551,6.85456,2274.64,11.23,54.37,52.36,114.21,7258550.0,2.4,0.41,0.05,1.99,1.85,2.13,0.66,0.39557863588739,1194.49
2017-01-17,17.2,117.2656,112.775,6.80945,2267.89,11.87,54.68,52.45,115.85,9134886.0,2.33,0.36,0.0,1.97,1.84,2.1,0.66,0.7775844288950838,1203.11
2017-01-18,17.07,117.7242,114.554,6.81636,2271.89,12.48,53.77,51.12,114.87,6482760.0,2.42,0.42,0.07,2.0,1.86,2.14,0.66,0.3116645855508217,1217.95
2017-01-19,17.02,118.3182,115.058,6.83655,2263.69,12.78,53.18,51.39,114.77,6433824.0,2.47,0.43,0.07,2.04,1.9,2.18,0.66,-0.2301270809235167,1203.6
2017-01-23,17.25,117.2479,112.559,6.83764,2265.2,11.77,54.8,52.77,115.79,6345340.0,2.41,0.39,0.02,2.02,1.86,2.18,0.66,-0.0316572428108063,1209.47
2017-01-24,17.1,117.0516,113.864,6.81658,2280.07,11.07,54.7,52.38,115.27,5797178.0,2.47,0.41,0.01,2.06,1.93,2.19,0.66,-0.0293352342924942,1218.43
2017-01-25,16.9985,116.9355,113.333,6.83293,2298.37,10.81,54.34,52.14,114.32,6690739.0,2.53,0.45,0.03,2.08,1.96,2.2,0.66,0.1815533165907303,1209.09
2017-01-26,16.8,117.2766,114.549,6.834,2296.68,10.63,55.89,53.24,113.26,5388797.0,2.51,0.43,0.01,2.08,1.94,2.22,0.66,0.2852660221828828,1201.24
2017-02-03,17.48,115.6259,112.694,6.82313,2297.42,10.97,55.92,53.81,116.13,9455464.0,2.49,0.44,0.02,2.05,1.91,2.19,0.66,0.2221248698958279,1215.83
2017-02-06,17.73,116.0504,111.817,6.80774,2292.56,11.37,55.02,53.01,117.7,8534594.0,2.42,0.4,-0.05,2.02,1.91,2.13,0.66,0.1372803811455223,1219.9
2017-02-07,17.71,116.4082,112.315,6.83806,2293.08,11.29,53.79,52.19,117.46,8612292.0,2.4,0.4,-0.02,2.0,1.87,2.13,0.66,-0.2368733775658349,1235.0
2017-02-08,17.78,116.1382,111.845,6.85038,2294.67,11.45,54.42,52.37,118.19,9626264.0,2.34,0.38,-0.01,1.96,1.82,2.1,0.66,0.0748352777093992,1233.75
2017-02-09,17.6525,116.306,113.315,6.84928,2307.87,10.88,53.98,52.99,117.29,8159381.0,2.4,0.41,0.02,1.99,1.86,2.12,0.66,-0.2407397928776313,1241.02
2017-02-10,17.94,116.148,113.357,6.87026,2316.1,10.85,55.2,53.84,117.6,9070677.0,2.41,0.4,0.02,2.01,1.87,2.15,0.66,-0.0744331008081156,1228.68
2017-02-13,17.8255,116.3427,113.765,6.87494,2328.25,11.07,54.15,52.96,116.8,7350532.0,2.43,0.43,0.05,2.0,1.87,2.13,0.66,-0.3157083711258966,1232.91
2017-02-14,17.96,116.3949,114.321,6.85833,2337.58,10.74,54.96,53.21,116.93,6924836.0,2.47,0.46,0.11,2.01,1.87,2.15,0.66,-0.3089790228650561,1225.46
2017-02-15,17.98,116.2162,114.31,6.85931,2349.25,11.97,54.57,53.11,117.45,7079663.0,2.51,0.45,0.08,2.06,1.93,2.19,0.66,-0.0987987027883246,1227.53
2017-02-16,18.11,116.0067,113.277,6.84488,2347.22,11.76,54.16,53.41,118.08,6377490.0,2.45,0.43,0.05,2.02,1.9,2.14,0.66,0.1183202200755306,1233.56
2017-02-17,18.01,116.4035,112.891,6.84966,2351.16,11.49,54.48,53.41,117.68,7336441.0,2.42,0.41,0.07,2.01,1.85,2.17,0.66,-0.0936563610762065,1239.2
2017-02-21,17.9725,116.5921,113.706,6.86922,2365.38,11.57,56.34,54.02,117.75,6164574.0,2.43,0.4,0.06,2.03,1.87,2.19,0.66,0.3413308303867683,1237.78
2017-02-22,18.0265,116.2136,113.314,6.86294,2362.82,11.74,54.9,53.61,117.91,6053992.0,2.42,0.38,0.0,2.04,1.92,2.16,0.66,0.2932689919326613,1236.1
2017-02-23,18.19,115.6527,112.741,6.86425,2363.81,11.71,55.82,54.48,118.94,7494092.0,2.38,0.35,-0.03,2.03,1.9,2.16,0.66,0.5403827999799122,1237.78
2017-02-24,18.35,115.8143,112.081,6.85164,2367.34,11.47,54.69,53.99,119.7,9805115.0,2.31,0.31,-0.1,2.0,1.9,2.1,0.66,0.6640370656339318,1249.45
2017-02-27,18.269,115.6764,112.742,6.86177,2369.75,12.09,54.65,54.04,119.12,9248420.0,2.36,0.35,0.01,2.01,1.86,2.16,0.66,0.5256227939117744,1258.45
2017-02-28,18.31,116.0032,112.847,6.85612,2363.64,12.92,53.36,54.0,119.23,8661229.0,2.36,0.34,0.0,2.02,1.89,2.15,0.57,0.5235867523805106,1252.48
2017-03-01,18.42,116.438,113.771,6.86997,2395.96,12.54,55.72,53.82,119.06,8677270.0,2.46,0.43,0.15,2.03,1.84,2.22,0.66,-0.3177334307877671,1248.18
2017-03-02,17.79,116.8429,114.389,6.87792,2381.92,11.81,54.16,52.63,117.58,10976994.0,2.49,0.48,0.19,2.01,1.84,2.18,0.66,-1.0904645157435122,1249.55
2017-03-03,17.9365,116.6438,113.904,6.90358,2383.12,10.96,54.12,53.33,117.51,10661195.0,2.49,0.45,0.1,2.04,1.92,2.16,0.66,-0.8968817136431683,1234.65
2017-03-06,17.7835,116.4313,113.948,6.89274,2375.31,11.24,54.73,53.19,116.72,4880588.0,2.49,0.48,0.12,2.01,1.9,2.12,0.66,-0.93628487996079,1234.3
2017-03-07,17.51,116.4303,113.992,6.89703,2368.39,11.45,54.61,52.68,115.78,6800415.0,2.52,0.49,0.13,2.03,1.92,2.14,0.66,-0.9264719070362614,1225.67
2017-03-08,17.23,116.875,114.447,6.91814,2362.98,11.86,53.3,49.83,115.06,7615109.0,2.57,0.56,0.18,2.01,1.9,2.12,0.66,-0.8609359289097005,1215.5
2017-03-09,16.96,116.9959,115.092,6.90363,2364.87,12.3,50.65,48.75,114.47,6408618.0,2.6,0.6,0.24,2.0,1.89,2.11,0.66,-0.6301535751583625,1208.09
2017-03-10,17.03,116.616,114.729,6.9039,2372.6,11.66,50.63,48.05,114.72,7922973.0,2.58,0.57,0.21,2.01,1.9,2.12,0.66,-0.609568394131495,1200.75
2017-03-13,16.98,116.4004,114.942,6.89481,2373.47,11.35,50.1,47.95,114.74,5805641.0,2.62,0.61,0.28,2.01,1.86,2.16,0.66,-0.6079813937231328,1206.0
2017-03-14,16.89,116.5646,114.696,6.9044,2365.45,12.3,49.6,47.24,114.12,5300485.0,2.6,0.61,0.25,1.99,1.88,2.1,0.66,-0.6721683412995422,1202.05
2017-03-15,17.3,116.3584,113.451,6.89525,2385.26,11.63,50.63,48.34,116.25,13522734.0,2.51,0.5,0.18,2.01,1.84,2.18,0.66,0.5151641133684078,1199.02
2017-03-16,17.34,115.4456,113.349,6.8757,2381.38,11.21,50.56,48.3,116.73,9319946.0,2.53,0.51,0.18,2.02,1.87,2.17,0.91,1.027349391267602,1219.29
2017-03-17,17.4,115.2783,112.684,6.88928,2378.25,11.28,50.58,48.34,116.99,4682739.0,2.5,0.49,0.14,2.01,1.89,2.13,0.91,0.8950234370504531,1226.46
2017-03-20,17.43,115.0426,112.534,6.89684,2373.47,11.34,50.67,47.79,117.51,3961052.0,2.47,0.47,0.14,2.0,1.86,2.14,0.91,1.1998228949833356,1230.59
2017-03-21,17.5565,114.8119,111.495,6.88012,2344.02,12.47,50.14,47.02,118.54,9567075.0,2.43,0.45,0.16,1.98,1.8,2.16,0.91,1.4268925643636183,1234.55
2017-03-22,17.54,114.7937,111.3,6.86851,2348.45,12.81,49.56,47.29,118.83,7287215.0,2.4,0.43,0.16,1.97,1.79,2.15,0.91,0.8673072816621206,1245.83
2017-03-23,17.58,114.7899,111.028,6.87378,2345.96,13.12,50.17,47.0,118.67,6194953.0,2.41,0.46,0.2,1.95,1.75,2.15,0.91,0.4226887730366338,1247.24
2017-03-24,17.77,114.6372,111.348,6.87579,2343.98,12.96,49.97,47.3,118.86,6876609.0,2.4,0.42,0.2,1.98,1.73,2.23,0.91,0.6130109127510798,1244.81
2017-03-27,18.1,114.2347,110.639,6.85531,2341.59,12.5,50.12,47.02,119.53,8518559.0,2.38,0.41,0.18,1.97,1.75,2.19,0.91,0.5895391242408676,1246.29
2017-03-28,18.195,114.419,111.068,6.86966,2358.57,11.53,50.72,48.36,119.04,7111597.0,2.42,0.45,0.24,1.97,1.73,2.21,0.91,0.0873059800645861,1253.64
2017-03-29,18.24,114.7167,111.011,6.86953,2361.13,11.42,51.36,49.47,119.33,4910528.0,2.39,0.41,0.13,1.98,1.8,2.16,0.91,0.1143908629090823,1250.96
2017-03-30,18.12,114.5245,111.84,6.87887,2368.06,11.54,52.25,50.3,118.47,6892703.0,2.42,0.46,0.15,1.96,1.81,2.11,0.91,0.0640393243412671,1253.75
2017-03-31,18.21,114.7938,111.319,6.88315,2362.72,12.37,52.2,50.54,118.72,8518626.0,2.4,0.43,0.16,1.97,1.77,2.17,0.82,-0.131128360425562,1242.59
2017-04-05,18.31,114.9494,110.508,6.88407,2352.95,12.89,53.41,51.14,119.62,8096822.0,2.34,0.37,0.08,1.97,1.77,2.17,0.91,0.4473200156348814,1256.26
2017-04-06,18.26,115.0181,110.849,6.8897,2357.49,12.39,53.62,51.69,119.18,4608204.0,2.34,0.39,0.16,1.95,1.71,2.19,0.91,0.1058223014797335,1255.92
2017-04-07,18.0,115.0547,111.217,6.89326,2355.54,12.87,54.24,52.25,119.46,12351114.0,2.38,0.44,0.22,1.94,1.7,2.18,0.91,-0.3098037345435553,1252.06
2017-04-10,17.95,115.11,110.861,6.90565,2357.16,14.05,54.79,53.06,119.46,4621765.0,2.37,0.44,0.22,1.93,1.69,2.17,0.91,-0.3077562556160207,1254.06
2017-04-11,18.33,115.009,109.599,6.90647,2353.78,15.07,54.73,53.38,121.19,12455294.0,2.32,0.41,0.14,1.91,1.7,2.12,0.91,-0.0024846914109372,1255.12
2017-04-12,18.47,114.9162,108.99,6.89845,2344.93,15.77,54.75,53.12,122.02,9480184.0,2.28,0.38,0.12,1.9,1.69,2.11,0.91,-0.0659059062685565,1274.85
2017-04-13,18.54,114.5059,109.141,6.88329,2328.95,15.96,55.05,53.19,122.6,9889522.0,2.24,0.32,0.03,1.92,1.74,2.1,0.91,0.6521490648718263,1286.21
2017-04-17,18.43,114.3283,109.017,6.88175,2349.01,14.66,54.79,52.62,122.24,8467345.0,2.26,0.38,0.1,1.88,1.69,2.07,0.91,0.5066081161904429,1290.47
2017-04-18,18.3025,114.2575,108.444,6.8859,2342.19,14.42,52.6,52.46,122.82,10901124.0,2.18,0.33,0.06,1.85,1.65,2.05,0.91,0.5128450025164524,1284.73
2017-04-19,18.16,114.7923,108.854,6.88318,2338.17,14.93,52.43,50.49,121.73,8465571.0,2.21,0.36,0.08,1.85,1.66,2.04,0.91,0.0091820778288742,1289.86
2017-04-20,18.03,114.6205,109.289,6.88161,2355.84,14.15,50.66,50.26,121.96,11782680.0,2.24,0.39,-0.04,1.85,1.82,1.88,0.91,-0.6342874214446272,1280.43
2017-04-24,17.94,114.3659,109.79,6.88481,2374.15,10.84,49.45,48.9,121.48,11038032.0,2.28,0.41,0.0,1.87,1.81,1.93,0.91,-0.3472818240164487,1275.39
2017-04-25,17.6,114.5111,111.08,6.88584,2388.61,10.76,49.37,49.22,120.25,10340901.0,2.35,0.44,0.02,1.91,1.85,1.97,0.91,-0.629877992446826,1276.59
2017-04-26,17.51,114.9479,111.104,6.89649,2387.45,10.85,49.99,49.22,120.84,9755506.0,2.32,0.42,0.01,1.9,1.83,1.97,0.91,-0.3801847395651476,1264.25
2017-04-27,17.27,114.9946,111.263,6.90119,2388.77,10.36,49.46,48.96,120.39,8263984.0,2.3,0.39,0.0,1.91,1.81,2.01,0.91,-0.1134807009591448,1268.9
2017-04-28,17.23,114.7877,111.478,6.90024,2384.2,10.82,49.46,49.31,120.77,9134246.0,2.29,0.37,0.0,1.92,1.81,2.03,0.83,0.2418125981687392,1264.26
2017-05-02,16.8415,114.6792,112.018,6.89068,2391.17,10.59,49.31,47.65,119.65,4899155.0,2.29,0.41,0.04,1.88,1.77,1.99,0.91,0.034954069955876,1256.63
2017-05-03,16.48,114.6637,112.668,6.89044,2388.13,10.68,48.82,47.79,117.98,10807233.0,2.33,0.46,0.1,1.87,1.76,1.98,0.91,-0.1735241131519421,1256.75
2017-05-04,16.33,114.9076,112.539,6.89179,2389.52,10.46,47.53,45.55,116.79,12402923.0,2.36,0.5,0.16,1.86,1.72,2.0,0.91,-0.6501427707330313,1238.62
2017-05-05,16.36,114.7725,112.485,6.90492,2399.29,10.57,47.45,46.23,117.01,7127199.0,2.36,0.5,0.14,1.86,1.75,1.97,0.91,-0.8295534635001006,1228.33
2017-05-08,16.23,115.0895,113.272,6.90469,2399.38,9.77,46.61,46.46,116.75,5399231.0,2.39,0.53,0.16,1.86,1.75,1.97,0.91,-0.9687185246475488,1221.59
2017-05-09,16.19,115.3933,113.989,6.9135,2396.92,9.96,47.06,45.84,116.05,6731322.0,2.42,0.56,0.2,1.86,1.74,1.98,0.91,-1.101073319824934,1226.13
2017-05-10,16.21,115.1145,114.287,6.91132,2399.63,10.21,48.09,47.28,116.04,4289058.0,2.41,0.56,0.16,1.85,1.78,1.92,0.91,-0.733452254023009,1222.0
2017-05-11,16.3375,115.0669,113.825,6.90585,2394.44,10.6,49.18,47.81,116.5,6269298.0,2.39,0.51,0.11,1.88,1.82,1.94,0.91,-0.016792753955691,1219.18
2017-05-12,16.451,114.7479,113.272,6.9035,2390.9,10.4,49.08,47.83,116.83,5431553.0,2.33,0.49,0.1,1.84,1.75,1.93,0.91,0.0236006531718228,1225.3
2017-05-15,16.63,114.3504,113.61,6.89243,2402.32,10.42,51.29,48.86,117.14,4481661.0,2.34,0.52,0.12,1.82,1.74,1.9,0.91,0.2680890913597818,1228.37
2017-05-16,16.85,113.9923,113.108,6.88581,2400.67,10.65,51.21,48.64,117.65,4886627.0,2.33,0.51,0.12,1.82,1.74,1.9,0.91,0.7048254722234514,1231.45
2017-05-17,16.9,113.7506,110.723,6.88126,2357.03,15.59,51.76,49.04,119.79,13903835.0,2.22,0.44,0.06,1.78,1.7,1.86,0.91,1.172427330423398,1237.13
2017-05-18,16.58,114.2683,111.572,6.88707,2365.72,14.66,51.71,49.36,118.81,10341141.0,2.23,0.43,0.06,1.8,1.72,1.88,0.91,0.6787700537733563,1261.06
2017-05-19,16.85,113.7001,111.249,6.88201,2381.73,12.04,52.78,50.32,119.4,6786234.0,2.23,0.41,0.04,1.82,1.75,1.89,0.91,0.8341103662855489,1247.12
2017-05-22,17.1715,113.5442,111.295,6.88213,2394.02,10.93,53.35,50.81,119.9,5119866.0,2.25,0.43,0.05,1.82,1.75,1.89,0.91,0.804901149336221,1257.53
2017-05-23,17.06,113.6862,111.817,6.87922,2398.42,10.72,53.19,51.12,119.14,8302685.0,2.29,0.46,0.07,1.83,1.77,1.89,0.91,0.4326605477687422,1260.65
2017-05-24,17.23,113.675,111.566,6.87892,2404.39,10.02,53.29,50.99,119.61,7063961.0,2.26,0.45,0.06,1.81,1.73,1.89,0.91,-0.1613714360301117,1251.4
2017-05-25,17.17,113.3719,111.832,6.85594,2415.07,9.99,52.25,48.57,119.48,4098779.0,2.25,0.45,0.08,1.8,1.7,1.9,0.91,0.0389647221069368,1258.83
2017-05-26,17.34,113.4839,111.259,6.83142,2415.82,9.81,50.84,49.58,120.54,6781066.0,2.25,0.44,0.06,1.81,1.73,1.89,0.91,-0.1870155255297709,1255.81
2017-05-31,17.34,113.2956,110.846,6.76638,2411.8,10.41,49.4,48.29,120.62,10360346.0,2.21,0.4,0.03,1.81,1.72,1.9,0.83,0.452940481339235,1263.22
2017-06-01,17.3,113.3017,111.37,6.76116,2430.06,9.89,50.41,48.32,120.72,8651355.0,2.21,0.4,0.03,1.81,1.73,1.89,0.91,0.3344543316788638,1269.12
2017-06-02,17.53,113.1908,110.421,6.79183,2439.07,9.75,48.46,47.68,121.61,7267177.0,2.15,0.36,-0.01,1.79,1.72,1.86,0.91,0.4872584251852747,1265.88
2017-06-05,17.56,112.9755,110.51,6.78149,2436.1,10.07,48.25,47.4,121.73,3977967.0,2.18,0.39,0.02,1.79,1.72,1.86,0.91,0.3759048424258671,1280.4
2017-06-06,17.71,112.7095,109.365,6.76965,2429.33,10.45,48.11,48.13,123.1,10797836.0,2.14,0.37,0.0,1.77,1.71,1.83,0.91,0.3742115726876071,1279.58
2017-06-07,17.6,112.8191,109.79,6.77111,2433.14,10.39,47.08,45.8,122.45,9035278.0,2.18,0.4,0.05,1.78,1.69,1.87,0.91,0.1038837734323449,1294.86
2017-06-08,17.44,112.8351,109.898,6.78383,2433.79,10.16,46.3,45.68,121.65,8165774.0,2.19,0.41,0.06,1.78,1.69,1.87,0.91,0.064927376692121,1287.1
2017-06-09,17.23,112.9562,110.234,6.7909,2431.77,10.7,46.64,45.82,120.54,7054264.0,2.21,0.43,0.09,1.78,1.68,1.88,0.91,-0.2449095953823948,1281.67
2017-06-12,16.97,112.9837,109.905,6.79592,2429.39,11.46,47.18,46.1,120.36,4927253.0,2.21,0.46,0.11,1.75,1.67,1.83,0.91,-0.4056880023245012,1267.48
2017-06-13,16.85,112.6271,110.078,6.78985,2440.35,10.42,46.95,46.41,120.48,3771563.0,2.21,0.46,0.12,1.75,1.67,1.83,0.91,-0.4991279144817005,1265.6
2017-06-15,16.76,112.8708,110.888,6.8017,2432.46,10.9,45.61,44.47,119.32,6795536.0,2.16,0.49,0.2,1.67,1.56,1.78,1.16,-0.7083550316236301,1260.93
2017-06-19,16.51,112.7576,111.568,6.82111,2453.46,10.37,45.93,44.24,118.43,6786863.0,2.19,0.52,0.24,1.67,1.56,1.78,1.16,-0.501759233707593,1254.09
2017-06-21,16.5,113.3327,111.405,6.83055,2435.61,10.75,44.62,42.48,118.52,4723749.0,2.16,0.5,0.24,1.66,1.54,1.78,1.16,-0.9180918211844672,1243.03
2017-06-23,16.7,112.8665,111.26,6.83765,2438.3,10.02,44.14,42.86,119.43,9257553.0,2.15,0.45,0.18,1.7,1.59,1.81,1.16,0.2350605479380775,1250.49
2017-06-26,16.61,112.7633,111.854,6.85364,2439.07,9.9,44.09,43.24,118.36,6592425.0,2.14,0.43,0.16,1.71,1.61,1.81,1.16,0.6298309188807887,1257.36
2017-06-27,16.67,112.55,112.281,6.81728,2419.38,11.06,46.17,44.25,118.81,5756236.0,2.21,0.5,0.21,1.71,1.62,1.8,1.16,0.4745342269253613,1244.55
2017-06-28,16.8,112.0747,112.276,6.80326,2440.69,10.03,46.45,44.74,118.9,4227720.0,2.22,0.49,0.16,1.73,1.65,1.81,1.16,0.738202349140558,1247.03
2017-06-30,16.62,111.9896,112.468,6.78199,2423.41,11.18,47.08,46.02,118.02,7271979.0,2.31,0.58,0.26,1.73,1.63,1.83,1.06,-0.2083581127409363,1245.44
2017-07-05,16.09,112.6534,113.197,6.80342,2432.54,11.07,47.58,45.11,116.52,7215785.0,2.33,0.58,0.27,1.75,1.65,1.85,1.16,-0.3290139461412106,1223.75
2017-07-06,16.06,112.4199,113.179,6.80353,2409.75,12.54,48.53,45.52,116.47,4430237.0,2.37,0.61,0.28,1.76,1.66,1.86,1.16,-0.148382262959571,1227.27
2017-07-10,15.6725,112.1587,114.066,6.80738,2427.43,11.11,46.57,44.4,115.47,4968464.0,2.38,0.66,0.33,1.72,1.6,1.84,1.16,-0.2903096920121002,1213.2
2017-07-17,16.1155,110.9304,112.631,6.76689,2459.14,9.82,47.66,46.02,117.29,5168086.0,2.31,0.54,0.22,1.77,1.64,1.9,1.16,1.2603704238492903,1229.4
2017-07-18,16.2885,110.4356,112.071,6.74856,2460.61,9.89,47.92,46.4,118.11,7157008.0,2.27,0.51,0.2,1.76,1.62,1.9,1.16,1.283578359410673,1234.2
2017-07-20,16.34,110.2512,111.854,6.77119,2473.45,9.58,48.54,46.73,118.24,5570453.0,2.27,0.5,0.2,1.77,1.62,1.92,1.16,0.9469113820209228,1241.35
2017-07-21,16.49,110.191,111.099,6.76285,2472.54,9.36,47.47,45.78,119.26,10135619.0,2.24,0.48,0.19,1.76,1.62,1.9,1.16,0.7892029439912848,1244.55
2017-07-25,16.4975,110.2835,111.873,6.75042,2477.13,9.43,49.19,47.77,118.92,6190203.0,2.33,0.52,0.23,1.81,1.67,1.95,1.16,0.1289046271108035,1255.15
2017-07-26,16.64,110.3811,111.12,6.754,2477.83,9.6,50.08,48.58,119.88,8527602.0,2.29,0.49,0.17,1.8,1.66,1.94,1.16,0.2481852225982053,1250.65
2017-07-27,16.58,110.216,111.328,6.73576,2475.42,10.11,50.67,49.05,119.79,6383696.0,2.32,0.49,0.16,1.83,1.68,1.98,1.16,0.2892629787779519,1260.83
2017-07-28,16.73,109.92,110.58,6.7428,2472.1,10.29,52.0,49.72,120.69,7392937.0,2.3,0.47,0.15,1.83,1.68,1.98,1.16,0.4364818612540033,1259.13
2017-07-31,16.8305,109.8177,110.253,6.73059,2470.3,10.26,51.99,50.21,120.75,3940070.0,2.3,0.48,0.17,1.82,1.67,1.97,1.07,0.3298712485432626,1270.35
2017-08-01,16.71,109.8495,110.369,6.72493,2476.35,10.09,50.77,49.19,120.65,7361056.0,2.26,0.47,0.18,1.79,1.62,1.96,1.16,0.4474123460871358,1269.62
2017-08-02,16.5825,109.7503,110.739,6.72843,2477.57,10.28,52.09,49.6,120.4,5918341.0,2.27,0.48,0.19,1.79,1.63,1.95,1.16,0.3292319388705482,1269.1
2017-08-03,16.66,109.8332,109.98,6.72698,2472.16,10.44,52.88,49.03,120.59,4274456.0,2.24,0.46,0.17,1.78,1.62,1.94,1.16,0.2039625185302892,1266.7
2017-08-04,16.28,110.2808,110.687,6.72515,2476.83,10.03,52.48,49.57,119.65,8644008.0,2.27,0.47,0.17,1.8,1.65,1.95,1.16,-0.2377824463480687,1268.83
2017-08-07,16.29,110.373,110.767,6.73087,2480.91,9.93,51.42,49.37,119.51,3008338.0,2.26,0.46,0.16,1.8,1.65,1.95,1.16,-0.1771793992111952,1259.1
2017-08-08,16.45,110.396,110.32,6.7079,2474.92,10.96,52.18,49.07,119.86,7220415.0,2.29,0.46,0.15,1.83,1.69,1.97,1.16,0.0147518949168442,1257.47
2017-08-09,16.9505,110.3671,109.927,6.69417,2474.02,11.11,52.16,49.59,121.31,9181911.0,2.24,0.42,0.11,1.82,1.7,1.94,1.16,0.2339462216936999,1260.59
2017-08-10,17.12,110.1886,109.145,6.67598,2438.21,16.04,52.59,48.54,122.21,9783464.0,2.2,0.4,0.1,1.8,1.68,1.92,1.16,0.5214551333143143,1277.09
2017-08-11,17.12,110.0422,109.101,6.68171,2441.32,15.51,51.47,48.81,122.79,8010893.0,2.19,0.4,0.1,1.79,1.64,1.94,1.16,0.7216389331881138,1286.67
2017-08-14,17.0765,110.095,109.617,6.68651,2465.84,12.33,51.29,47.59,121.92,6024478.0,2.22,0.45,0.18,1.77,1.59,1.95,1.16,0.2053156658874341,1290.26
2017-08-15,16.633,110.4846,110.584,6.69175,2464.61,12.04,49.9,47.57,120.98,6729194.0,2.27,0.49,0.2,1.78,1.63,1.93,1.16,-0.3010174078798683,1281.86
2017-08-16,17.1275,110.4394,110.118,6.70328,2468.11,11.74,50.39,46.8,121.87,8261411.0,2.23,0.45,0.17,1.78,1.62,1.94,1.16,-0.2888732208937308,1271.54
2017-08-17,17.04,110.1673,109.428,6.68402,2430.01,15.55,50.37,47.07,122.49,8179988.0,2.19,0.42,0.15,1.77,1.61,1.93,1.16,-0.2140416970404489,1284.15
2017-08-18,17.04,110.041,109.138,6.68158,2425.55,14.26,50.96,48.59,122.3,13654124.0,2.19,0.43,0.16,1.76,1.61,1.91,1.16,-0.30617047954381,1288.31
2017-08-21,17.02,109.7349,108.948,6.68088,2428.37,13.19,51.94,47.39,122.76,5549100.0,2.18,0.43,0.17,1.75,1.59,1.91,1.16,0.2478658784825075,1282.96
2017-08-22,16.9945,109.8386,109.588,6.66585,2452.51,11.35,52.29,47.65,122.21,6492384.0,2.22,0.45,0.19,1.77,1.61,1.93,1.16,0.4314613043885523,1291.97
2017-08-23,17.0985,109.8095,108.955,6.66678,2444.04,12.25,52.31,48.45,122.67,5027832.0,2.17,0.42,0.18,1.75,1.58,1.92,1.16,0.3713327369270199,1285.11
2017-08-24,16.98,109.7524,109.56,6.6616,2438.97,12.23,51.73,47.24,122.29,4193036.0,2.19,0.44,0.18,1.75,1.6,1.9,1.16,-0.1499408831066285,1290.72
2017-08-25,17.04,109.3415,109.295,6.65771,2443.05,11.28,51.87,47.65,122.74,12397782.0,2.17,0.42,0.2,1.75,1.57,1.93,1.16,0.1675120798628808,1286.56
2017-08-28,17.44,109.1815,108.794,6.62524,2444.24,11.32,51.87,46.4,124.69,11494307.0,2.16,0.41,0.18,1.75,1.56,1.94,1.16,0.2387691663825185,1292.29
2017-08-29,17.4,109.0946,109.638,6.60073,2446.3,11.7,51.64,46.46,124.42,9852211.0,2.13,0.39,0.16,1.74,1.54,1.94,1.16,0.5774457783815848,1315.42
2017-08-30,17.44,109.4052,110.237,6.59184,2457.59,11.22,51.91,45.96,124.36,6327927.0,2.15,0.39,0.15,1.76,1.57,1.95,1.16,0.2942603663595567,1309.09
2017-08-31,17.58,109.3686,109.949,6.60355,2471.65,10.59,52.69,47.26,125.82,11770513.0,2.12,0.36,0.12,1.76,1.58,1.94,1.07,0.5359218394205999,1309.07
2017-09-01,17.71,109.0504,110.265,6.57624,2476.55,10.13,53.15,47.32,126.06,11561838.0,2.16,0.37,0.1,1.79,1.63,1.95,1.16,0.4300358059791011,1321.98
2017-09-05,17.8875,108.8664,108.747,6.55836,2457.85,12.23,53.63,48.63,127.46,11797701.0,2.07,0.3,0.07,1.77,1.58,1.96,1.16,0.7036382141351031,1334.1
2017-09-06,17.8735,108.4897,109.246,6.53893,2465.54,11.63,54.48,49.13,126.81,10053694.0,2.1,0.32,0.09,1.78,1.6,1.96,1.16,0.8521910501209857,1339.57
2017-09-07,18.1275,107.9224,108.391,6.50055,2465.1,11.55,54.16,49.1,128.13,10204149.0,2.05,0.26,0.02,1.79,1.61,1.97,1.16,1.3183048046768242,1334.52
2017-09-08,18.01,107.808,107.785,6.47529,2461.43,12.12,54.55,47.44,127.97,9019802.0,2.06,0.25,0.01,1.81,1.63,1.99,1.16,1.3808275337984983,1349.03
2017-09-11,17.8,108.153,109.374,6.53016,2488.11,10.73,54.2,48.06,126.19,9106786.0,2.14,0.31,0.08,1.83,1.63,2.03,1.16,0.1300195547229465,1334.21
2017-09-12,17.907,108.3239,110.158,6.54386,2496.48,10.58,55.06,48.21,126.56,8338701.0,2.17,0.33,0.08,1.84,1.67,2.01,1.16,0.1300043390050709,1327.37
2017-09-13,17.78,108.6628,110.493,6.53316,2498.37,10.5,55.52,49.3,125.61,8474852.0,2.2,0.35,0.1,1.85,1.68,2.02,1.16,-0.1460952626283679,1334.48
2017-09-14,17.79,108.618,110.236,6.55725,2495.62,10.44,56.76,49.86,126.16,5285917.0,2.2,0.35,0.09,1.85,1.7,2.0,1.16,-0.7475917392005328,1323.89
2017-09-15,17.61,108.3147,110.841,6.54771,2500.23,10.17,56.18,49.9,125.53,7689359.0,2.2,0.35,0.09,1.85,1.72,1.98,1.16,-0.8246967276676694,1329.69
2017-09-18,17.22,108.6401,111.556,6.57129,2503.87,10.15,55.5,49.88,124.36,8835622.0,2.23,0.36,0.09,1.87,1.74,2.0,1.16,-0.4396773619218728,1320.11
2017-09-19,17.3175,108.6142,111.578,6.58581,2506.65,10.18,56.58,49.54,124.62,5824242.0,2.24,0.37,0.1,1.87,1.74,2.0,1.16,-0.3153891502034391,1306.49
2017-09-20,17.19,108.4329,112.301,6.57035,2508.24,9.78,57.2,50.29,123.62,11402687.0,2.28,0.43,0.18,1.85,1.71,1.99,1.16,-0.4428841677827337,1311.14
2017-09-21,16.96,108.9267,112.408,6.58889,2500.6,9.67,57.73,50.58,122.68,7754508.0,2.27,0.44,0.19,1.83,1.7,1.96,1.16,-0.7939224302040304,1301.45
2017-09-22,16.99,108.7542,112.064,6.57717,2502.22,9.59,58.16,50.33,123.24,6011635.0,2.26,0.42,0.17,1.84,1.71,1.97,1.16,-0.6903419727001485,1291.4
2017-09-25,17.19,109.3302,111.718,6.61315,2496.66,10.21,59.42,51.85,124.53,10235714.0,2.22,0.38,0.13,1.84,1.72,1.96,1.16,-0.516903409563857,1297.97
2017-09-26,16.82,109.7769,112.244,6.62271,2496.84,10.17,59.77,51.59,123.14,8653338.0,2.24,0.4,0.15,1.84,1.72,1.96,1.16,-0.7797059416300056,1311.2
2017-09-27,16.7675,110.0722,112.81,6.63907,2507.04,9.87,58.74,52.14,121.98,6902000.0,2.31,0.44,0.17,1.87,1.74,2.0,1.16,-0.7008681796439067,1294.22
2017-09-29,16.66,110.0867,112.508,6.64795,2519.36,9.51,57.02,51.67,121.58,10207243.0,2.33,0.49,0.24,1.84,1.68,2.0,1.06,-0.9826507980369156,1287.25
2017-10-10,17.117,110.3034,112.374,6.5706,2550.64,10.08,56.62,50.93,122.4,9314834.0,2.35,0.47,0.2,1.88,1.75,2.01,1.16,0.2886461707218749,1284.11
2017-10-11,17.173,110.3037,112.51,6.59175,2555.24,9.85,56.13,51.3,122.79,5645183.0,2.35,0.46,0.2,1.89,1.75,2.03,1.16,0.2280277565160688,1288.18
2017-10-12,17.25,110.3152,112.279,6.58241,2550.93,9.91,56.13,50.61,122.89,3010726.0,2.33,0.44,0.16,1.89,1.79,1.99,1.16,0.5474348058676571,1292.24
2017-10-13,17.4,110.2669,111.884,6.58227,2553.17,9.61,56.86,51.43,123.82,6808619.0,2.28,0.43,0.2,1.85,1.71,1.99,1.16,0.5633557400080895,1293.78
2017-10-16,17.23,110.5432,112.147,6.58198,2557.64,9.91,57.49,51.86,122.97,8199763.0,2.3,0.46,0.29,1.84,1.66,2.02,1.16,-0.5168807946546703,1303.39
2017-10-17,17.03,110.9141,112.197,6.61346,2559.36,10.31,57.63,51.87,122.13,7037155.0,2.3,0.48,0.28,1.82,1.69,1.95,1.16,-0.4679857788643448,1295.21
2017-10-18,16.99,110.7214,112.96,6.62525,2561.26,10.07,58.05,52.05,121.67,3663554.0,2.34,0.5,0.3,1.84,1.69,1.99,1.16,-0.5326855213296119,1285.1
2017-10-19,17.25,110.4577,112.567,6.62715,2562.1,10.05,57.82,51.29,122.39,5562154.0,2.33,0.49,0.32,1.84,1.66,2.02,1.16,-0.4813307469742628,1281.06
2017-10-20,17.04,111.0375,113.534,6.62041,2575.21,9.97,57.89,51.63,121.61,8480907.0,2.39,0.52,0.27,1.87,1.76,1.98,1.16,-0.7491069845975696,1289.74
2017-10-23,17.07,111.2134,113.479,6.64263,2564.98,11.07,57.69,51.91,121.8,5069100.0,2.38,0.52,0.32,1.86,1.69,2.03,1.16,-0.4792633899190398,1278.49
2017-10-24,16.94,111.4027,113.926,6.63421,2569.13,11.16,57.84,52.32,121.33,5080322.0,2.42,0.55,0.32,1.87,1.73,2.01,1.16,-0.3991154411163586,1282.15
2017-10-25,16.94,111.3904,113.684,6.6518,2557.15,11.23,58.45,51.97,121.35,4282252.0,2.44,0.56,0.32,1.88,1.74,2.02,1.16,-0.4530634184816099,1276.84
2017-10-26,16.81,111.6418,114.012,6.63649,2560.4,11.3,58.75,52.41,120.33,6406357.0,2.46,0.57,0.31,1.89,1.76,2.02,1.16,-0.8060007221540552,1277.42
2017-10-27,16.85,112.1495,113.677,6.64925,2581.07,9.8,60.15,53.92,120.9,6663178.0,2.42,0.54,0.27,1.88,1.76,2.0,1.16,-0.6624938039917753,1267.21
2017-10-30,16.8415,111.901,113.138,6.64553,2572.83,10.5,60.65,54.11,121.13,5117133.0,2.37,0.5,0.23,1.87,1.77,1.97,1.16,-0.2449396540679642,1272.74
2017-10-31,16.71,111.8052,113.643,6.63075,2575.26,10.18,61.35,54.36,120.67,3910495.0,2.38,0.5,0.22,1.88,1.79,1.97,1.07,0.0514762231175156,1276.22
2017-11-01,17.143,111.7942,114.159,6.61542,2579.36,10.2,60.98,54.32,121.11,4647587.0,2.37,0.49,0.3,1.88,1.71,2.05,1.16,0.1441999465012846,1270.6
2017-11-02,17.12,111.5474,114.034,6.60881,2579.85,9.93,60.79,54.55,121.19,5368199.0,2.35,0.48,0.21,1.87,1.79,1.95,1.16,0.4203000188446447,1275.74
2017-11-03,16.8495,111.9383,114.066,6.62808,2587.84,9.14,61.42,55.63,120.62,6329542.0,2.34,0.48,0.25,1.86,1.74,1.98,1.16,0.3254086353044298,1277.59
2017-11-06,17.21,111.7197,113.786,6.63484,2591.13,9.4,64.27,57.34,121.65,6952387.0,2.32,0.46,0.22,1.86,1.77,1.95,1.16,0.1787065756217436,1270.24
2017-11-07,16.94,111.9446,113.825,6.63622,2590.64,9.89,64.36,57.19,121.21,4164336.0,2.32,0.44,0.19,1.88,1.8,1.96,1.16,0.2451434778280005,1281.76
2017-11-08,17.04,111.6935,113.866,6.63703,2594.38,9.78,63.96,56.82,121.63,5564212.0,2.32,0.45,0.24,1.87,1.77,1.97,1.16,0.1868557484721769,1275.89
2017-11-09,17.0,111.5626,113.472,6.6426,2584.62,10.5,64.49,57.16,122.13,6072394.0,2.33,0.46,0.21,1.87,1.8,1.94,1.16,0.1071262609714784,1281.91
2017-11-13,17.05,111.7833,113.607,6.65025,2584.84,11.5,62.94,56.77,121.31,6247181.0,2.4,0.52,0.29,1.88,1.79,1.97,1.16,-0.2551934019946366,1275.07
2017-11-14,17.03,111.5097,113.47,6.64681,2578.87,11.59,60.91,55.67,121.56,6188692.0,2.38,0.51,0.27,1.87,1.79,1.95,1.16,-0.205400090856272,1278.69
2017-11-15,17.0,111.4809,112.886,6.62767,2564.62,13.13,61.25,55.28,121.41,4983697.0,2.33,0.48,0.26,1.85,1.78,1.92,1.16,0.0146219023249437,1280.54
2017-11-16,17.07,111.2568,113.11,6.63447,2585.64,11.76,61.18,55.14,121.4,2796045.0,2.37,0.53,0.28,1.84,1.79,1.89,1.16,-0.3649698593086152,1278.07
2017-11-17,17.2885,111.0016,112.113,6.64217,2578.85,11.43,61.34,56.21,122.86,10613373.0,2.35,0.49,0.31,1.86,1.75,1.97,1.16,0.3425155156983124,1279.0
2017-11-20,16.9145,111.2599,112.582,6.64006,2582.14,10.65,61.34,56.21,121.31,8279526.0,2.37,0.52,0.35,1.85,1.74,1.96,1.16,0.0497820152657633,1293.16
2017-11-21,16.9695,110.9828,112.469,6.63802,2599.03,9.73,62.28,56.84,121.51,4954656.0,2.36,0.52,0.36,1.84,1.75,1.93,1.16,-0.0851635808769378,1276.99
2017-11-22,17.1505,110.5632,111.253,6.61181,2597.08,9.88,62.92,57.88,122.63,5210904.0,2.32,0.48,0.3,1.84,1.75,1.93,1.16,0.1566125869956478,1280.68
2017-11-24,17.0445,110.0253,111.558,6.60122,2602.42,9.67,63.58,58.94,122.32,1779705.0,2.34,0.5,0.36,1.84,1.71,1.97,1.16,0.1714428491504864,1291.63
2017-11-27,17.0525,110.1136,111.079,6.59835,2601.42,9.87,63.25,58.1,122.83,4957383.0,2.32,0.49,0.37,1.83,1.69,1.97,1.16,0.5750906240051444,1289.24
2017-11-28,16.865,110.3018,111.497,6.59772,2627.04,10.03,63.56,57.96,122.81,5602902.0,2.34,0.5,0.38,1.84,1.69,1.99,1.16,0.4237693515575449,1294.33
2017-11-29,16.5355,110.3265,112.006,6.6001,2626.07,10.7,63.74,57.25,122.04,6138071.0,2.37,0.53,0.4,1.84,1.69,1.99,1.16,-0.2480525212047737,1294.02
2017-11-30,16.4375,110.4648,112.673,6.62488,2647.58,11.28,63.53,57.4,121.1,7935895.0,2.42,0.56,0.41,1.86,1.73,1.99,1.07,-0.0267615013815884,1283.94
2017-12-01,16.4565,110.1413,112.115,6.60983,2642.22,11.43,64.57,58.35,121.59,13007094.0,2.37,0.51,0.41,1.86,1.72,2.0,1.16,-0.0389315269947205,1274.57
2017-12-04,16.3295,110.397,112.5,6.6208,2639.44,11.68,63.45,57.48,121.18,6943514.0,2.37,0.5,0.39,1.87,1.76,1.98,1.16,-0.0648315640133056,1274.8
2017-12-05,16.1005,110.4905,112.592,6.61665,2629.57,11.33,63.45,57.66,120.32,10036951.0,2.36,0.5,0.46,1.86,1.69,2.03,1.16,-0.0458413174473574,1276.19
2017-12-06,15.9615,110.8711,112.241,6.61977,2629.27,11.02,62.25,55.79,120.07,6640436.0,2.33,0.47,0.37,1.86,1.74,1.98,1.16,0.1340036745691351,1265.91
2017-12-07,15.722,111.0178,113.085,6.62147,2636.98,10.16,62.37,56.5,118.49,12899017.0,2.37,0.5,0.4,1.87,1.74,2.0,1.16,-0.0006829696743946,1263.2
2017-12-08,15.8515,111.2273,113.494,6.62782,2651.5,9.58,63.86,57.15,118.48,5231197.0,2.38,0.5,0.43,1.88,1.71,2.05,1.16,-0.6445856113080739,1247.63
2017-12-11,15.7125,111.0827,113.54,6.62091,2659.99,9.34,65.62,57.84,118.01,4521367.0,2.39,0.51,0.4,1.88,1.76,2.0,1.16,-0.6470392532234253,1248.52
2017-12-12,15.738,111.5214,113.545,6.6243,2664.11,9.92,64.96,57.12,118.15,8018134.0,2.4,0.51,0.4,1.89,1.78,2.0,1.17,-0.6761981197831242,1241.94
2017-12-13,16.08,111.2759,112.689,6.62304,2662.85,10.18,63.66,56.59,119.17,10083427.0,2.36,0.48,0.38,1.88,1.74,2.02,1.17,-0.3468882402601042,1244.25
2017-12-14,15.8975,111.0893,112.38,6.61235,2652.01,10.49,63.72,57.0,118.93,6992992.0,2.35,0.48,0.38,1.87,1.76,1.98,1.41,0.054943240062594,1255.36
2017-12-15,16.0525,111.1286,112.576,6.60865,2675.81,9.42,63.81,57.29,119.18,7531664.0,2.35,0.47,0.39,1.88,1.77,1.99,1.41,0.1817102195768175,1252.97
2017-12-18,16.1515,110.9086,112.564,6.61468,2690.16,9.53,64.45,57.17,119.73,5450407.0,2.39,0.5,0.46,1.89,1.71,2.07,1.42,0.1410732704139018,1254.99
2017-12-19,16.1415,111.1255,112.859,6.60351,2681.47,10.03,63.69,57.49,119.82,4017133.0,2.46,0.55,0.49,1.91,1.74,2.08,1.42,-0.0810876885950274,1262.35
2017-12-20,16.1835,110.8361,113.349,6.57687,2679.25,9.72,64.43,58.09,120.14,5733400.0,2.49,0.57,0.5,1.92,1.74,2.1,1.42,-0.3914770516908114,1261.67
2017-12-21,16.127,110.8786,113.359,6.57425,2684.57,9.62,64.64,58.34,120.31,4822160.0,2.48,0.55,0.42,1.93,1.84,2.02,1.42,-0.3163808716353427,1265.57
2017-12-22,16.3335,111.0997,113.288,6.57071,2683.34,9.9,64.61,58.25,120.94,5790673.0,2.48,0.54,0.44,1.94,1.82,2.06,1.42,-0.3053185548055878,1266.75
2017-12-27,16.6875,110.8553,113.236,6.55564,2682.62,10.47,66.03,59.67,122.23,6229759.0,2.42,0.48,0.4,1.94,1.82,2.06,1.42,0.7152528667837821,1283.5
2017-12-28,16.8625,110.5154,112.881,6.53712,2687.54,10.18,66.8,59.84,122.85,5732511.0,2.43,0.47,0.37,1.96,1.86,2.06,1.42,0.8597231891521006,1288.13
2017-12-29,16.9545,110.0783,112.673,6.51263,2673.61,11.04,66.73,60.46,123.65,7850902.0,2.4,0.44,0.34,1.96,1.86,2.06,1.33,1.3468687921414535,1295.26
2018-01-02,17.1825,109.6444,112.232,6.48936,2695.81,9.77,66.65,60.37,125.15,11703369.0,2.46,0.46,0.35,2.0,1.9,2.1,1.42,1.3085398735612734,1303.38
2018-01-03,17.1315,109.6751,112.546,6.49651,2713.06,9.15,67.85,61.61,124.82,7889199.0,2.44,0.46,0.38,1.98,1.87,2.09,1.42,0.7238993909223559,1317.61
2018-01-04,17.2225,109.4779,112.777,6.49827,2723.99,9.22,68.73,61.98,125.46,7326331.0,2.46,0.45,0.35,2.01,1.92,2.1,1.42,0.7100088926724409,1313.23
2018-01-05,17.2125,109.3496,113.116,6.48307,2743.15,9.22,68.01,61.49,125.33,5739503.0,2.47,0.46,0.34,2.01,1.95,2.07,1.42,0.2000077605327638,1322.73
2018-01-08,17.1355,109.5678,113.157,6.49998,2747.71,9.52,68.48,61.73,125.31,3562012.0,2.49,0.47,0.38,2.02,1.91,2.13,1.42,-0.5112716537794741,1320.97
2018-01-09,16.9705,109.9022,112.625,6.52982,2751.29,10.08,69.08,62.92,124.73,9148659.0,2.55,0.52,0.38,2.03,1.95,2.11,1.42,-0.5067508829526048,1320.69
2018-01-10,16.9725,109.6277,111.398,6.52359,2748.23,9.82,69.79,63.6,125.03,14805402.0,2.55,0.52,0.38,2.03,1.94,2.12,1.42,-0.2428655484005102,1312.32
2018-01-11,16.9975,109.4887,111.234,6.51426,2767.56,9.88,70.36,63.81,125.44,5991011.0,2.54,0.54,0.43,2.0,1.89,2.11,1.42,-0.7072003338768942,1316.99
2018-01-12,17.2555,108.9011,111.017,6.46729,2786.24,10.16,69.64,64.22,126.96,9257788.0,2.55,0.54,0.43,2.01,1.92,2.1,1.42,-0.3346123190792842,1322.89
2018-01-16,17.1955,108.322,110.44,6.43914,2776.42,11.66,69.4,63.82,127.17,8076658.0,2.54,0.51,0.42,2.03,1.94,2.12,1.42,0.921518986166086,1340.45
2018-01-17,17.0005,108.1526,111.352,6.43759,2802.56,11.91,69.19,63.92,126.14,10124727.0,2.57,0.53,0.49,2.04,1.9,2.18,1.42,0.7945599937589671,1338.68
2018-01-18,16.9505,108.0655,111.052,6.4267,2798.03,12.22,69.48,63.96,125.86,6287046.0,2.62,0.57,0.44,2.05,1.99,2.11,1.42,0.7843151007131576,1327.35
2018-01-19,17.0285,107.9454,110.785,6.39914,2810.3,11.27,68.56,63.38,126.42,8773215.0,2.64,0.58,0.45,2.06,2.0,2.12,1.42,0.3930028400919441,1327.11
2018-01-22,17.0175,108.1069,110.93,6.40281,2832.97,11.03,69.32,63.66,126.65,4864474.0,2.66,0.6,0.46,2.06,2.0,2.12,1.42,-0.2604975044607716,1334.87
2018-01-23,17.0525,107.9981,110.285,6.40783,2839.13,11.1,69.81,64.45,127.28,6171443.0,2.63,0.57,0.51,2.06,1.92,2.2,1.42,-0.2578879578781144,1333.8
2018-01-24,17.5605,107.0801,109.19,6.37675,2837.54,11.47,69.91,65.69,128.83,11798443.0,2.65,0.58,0.47,2.07,1.96,2.18,1.42,0.2056840339446457,1341.83
2018-01-25,17.3075,106.5052,109.655,6.32209,2839.25,11.58,71.08,65.62,127.97,15201702.0,2.63,0.56,0.5,2.07,1.91,2.23,1.42,0.8311241499984277,1357.99
2018-01-26,17.4105,106.6909,108.713,6.32736,2872.87,11.08,70.08,66.27,128.07,7804773.0,2.66,0.57,0.54,2.09,1.93,2.25,1.42,0.7321720949009907,1347.51
2018-01-29,17.1655,107.1141,108.995,6.33225,2853.53,13.84,68.41,65.71,127.35,6949317.0,2.7,0.61,0.57,2.09,1.92,2.26,1.42,0.6270020481557422,1350.05
2018-01-30,17.1325,107.1063,108.766,6.33902,2822.43,14.79,67.78,64.64,126.8,9735605.0,2.73,0.63,0.54,2.1,1.97,2.23,1.42,0.2938935359407809,1340.74
2018-01-31,17.3425,106.7695,109.198,6.29715,2823.81,13.54,67.78,64.82,127.65,13418000.0,2.72,0.61,0.54,2.11,1.98,2.24,1.34,0.1299566449294767,1338.35
2018-02-01,17.2305,106.4877,109.456,6.30225,2821.98,13.47,68.6,65.92,128.07,10838355.0,2.78,0.67,0.63,2.11,1.93,2.29,1.42,-0.6018617324202963,1345.09
2018-02-02,16.5915,107.1154,110.106,6.29836,2762.13,17.31,67.45,65.5,126.39,16760229.0,2.84,0.7,0.65,2.14,1.93,2.35,1.42,-0.7159395298062937,1348.99
2018-02-05,16.7345,107.3303,109.134,6.29688,2648.94,37.32,67.69,64.18,126.71,13583918.0,2.77,0.67,0.55,2.1,1.95,2.25,1.42,0.0544679602502554,1332.12
2018-02-06,16.6395,107.5206,109.706,6.28467,2695.14,29.98,66.75,63.48,125.38,17672450.0,2.79,0.69,0.64,2.1,1.88,2.32,1.42,-0.2824371654780316,1340.0
2018-02-07,16.3775,107.7173,109.375,6.27566,2681.66,27.73,65.74,61.91,124.79,8547819.0,2.84,0.74,0.67,2.1,1.9,2.3,1.42,-1.0874474718763487,1324.05
2018-02-08,16.4155,108.3021,108.761,6.34428,2581.0,33.46,64.26,61.3,124.98,7334553.0,2.85,0.76,0.68,2.09,1.89,2.29,1.42,-1.167527605799983,1318.17
2018-02-09,16.3215,108.2579,108.823,6.31167,2619.55,29.06,63.04,59.2,124.77,14127761.0,2.83,0.78,0.69,2.05,1.83,2.27,1.42,-1.2340062887703314,1318.4
2018-02-12,16.5495,108.0332,108.72,6.33457,2656.0,25.61,62.2,59.41,125.37,6976835.0,2.86,0.79,0.72,2.07,1.84,2.3,1.42,-1.5455104192862268,1315.15
2018-02-13,16.5775,107.7575,107.83,6.34358,2662.94,24.97,61.94,59.33,126.08,5296270.0,2.83,0.78,0.66,2.05,1.88,2.22,1.42,-1.0737328926555214,1322.71
2018-02-14,16.8605,107.4693,106.976,6.32942,2698.63,19.26,62.29,60.7,128.23,16413183.0,2.91,0.82,0.74,2.09,1.91,2.27,1.42,-0.7178315941712102,1329.55
2018-02-22,16.62,107.8668,106.731,6.34738,2703.96,18.72,66.12,62.72,126.3,5327367.0,2.92,0.81,0.6,2.11,2.06,2.16,1.42,-0.6558780248026441,1324.01
2018-02-23,16.53,107.6802,106.881,6.33381,2747.3,16.49,67.04,63.52,126.14,4234346.0,2.88,0.76,0.58,2.12,2.04,2.2,1.42,-0.2045146158148661,1331.4
2018-02-26,16.665,107.7345,107.007,6.30175,2779.6,15.8,67.96,63.81,126.45,3194628.0,2.86,0.73,0.53,2.13,2.07,2.19,1.42,-0.202068061322461,1327.95
2018-02-27,16.4275,108.1729,107.351,6.30744,2744.28,18.59,67.59,62.94,125.13,7082301.0,2.9,0.77,0.58,2.13,2.09,2.17,1.42,-0.1980850229651759,1333.26
2018-02-28,16.414,108.3901,106.654,6.32399,2713.83,19.85,66.08,61.43,125.0,4534884.0,2.87,0.75,0.61,2.12,2.04,2.2,1.35,0.2111611243182148,1317.95
2018-03-01,16.4745,108.5357,106.097,6.35185,2677.67,22.47,64.23,60.98,124.72,12910071.0,2.81,0.71,0.55,2.1,2.03,2.17,1.42,0.4289995530225258,1319.52
2018-03-05,16.437,108.3617,106.219,6.34031,2720.94,18.73,65.78,62.49,125.18,5778343.0,2.88,0.75,0.6,2.13,2.05,2.21,1.42,-0.4244657954151491,1323.71
2018-03-06,16.759,107.7972,105.67,6.34042,2728.12,18.36,65.67,62.54,126.53,8676781.0,2.88,0.76,0.55,2.12,2.1,2.14,1.42,0.1762535001924323,1319.95
2018-03-07,16.495,108.0916,106.129,6.31781,2726.8,17.76,65.09,61.09,125.72,5158674.0,2.89,0.76,0.55,2.13,2.1,2.16,1.42,0.0079158566573409,1337.79
2018-03-08,16.5,108.2673,106.29,6.33776,2738.97,16.54,63.87,60.13,125.42,3474944.0,2.86,0.75,0.55,2.11,2.08,2.14,1.42,-0.3366250798016039,1325.4
2018-03-09,16.59,107.9231,106.823,6.33467,2786.57,14.64,65.19,62.02,125.54,5066833.0,2.9,0.78,0.69,2.12,1.96,2.28,1.42,-0.2880918874558614,1322.15
2018-03-12,16.5435,107.9439,106.406,6.32355,2783.02,15.78,64.53,61.35,125.54,2884269.0,2.87,0.77,0.62,2.1,2.02,2.18,1.42,-0.1823898329235753,1323.03
2018-03-13,16.6,107.7387,106.499,6.3286,2765.31,16.35,64.2,60.69,125.78,4798303.0,2.84,0.75,0.57,2.09,2.05,2.13,1.42,-0.0945863076758327,1323.65
2018-03-14,16.55,107.8625,106.324,6.31185,2749.48,17.23,63.61,60.89,125.7,3777021.0,2.81,0.74,0.57,2.07,2.04,2.1,1.42,9.345585785689144e-05,1326.25
2018-03-15,16.41,108.2033,106.291,6.31254,2747.33,16.59,63.67,61.16,124.9,6130124.0,2.82,0.74,0.55,2.08,2.07,2.09,1.43,-0.0323507773255622,1323.75
2018-03-16,16.33,108.4333,106.011,6.32162,2752.01,15.8,64.68,62.29,124.6,7402188.0,2.85,0.77,0.6,2.08,2.05,2.11,1.43,-0.3140533462510656,1316.31
2018-03-19,16.3265,108.3146,106.044,6.33005,2712.92,19.02,64.82,62.01,124.87,4335420.0,2.85,0.77,0.61,2.08,2.04,2.12,1.43,-0.1927474670424032,1313.48
2018-03-20,16.2,108.4953,106.531,6.32556,2716.94,18.2,66.0,63.37,124.31,3399440.0,2.89,0.81,0.64,2.08,2.05,2.11,1.44,-0.8566040354543959,1317.12
2018-03-22,16.39,107.9934,104.854,6.32872,2643.69,23.34,68.98,64.25,125.98,5298709.0,2.83,0.75,0.6,2.08,2.03,2.13,1.68,0.1718872162743612,1332.08
2018-03-23,16.56,107.7495,104.726,6.32184,2588.26,24.87,69.03,65.8,127.61,12025882.0,2.82,0.75,0.6,2.07,2.01,2.13,1.68,0.6555522320135766,1331.05
2018-03-26,16.705,107.182,105.464,6.26369,2658.55,21.03,68.81,65.49,128.28,6169843.0,2.85,0.77,0.63,2.08,2.01,2.15,1.68,0.577344267589261,1347.18
2018-03-27,16.532,107.3361,105.388,6.2695,2612.62,22.5,68.63,65.21,127.49,6180707.0,2.78,0.71,0.64,2.07,1.94,2.2,1.68,1.388849631865089,1353.71
2018-03-28,16.295,107.5733,106.802,6.28092,2605.0,22.87,68.13,64.3,125.73,10254883.0,2.77,0.72,0.68,2.05,1.91,2.19,1.68,0.7201836298562128,1345.72
2018-03-29,16.36,107.665,106.49,6.27841,2640.87,19.97,69.02,64.87,125.79,7117156.0,2.74,0.69,0.64,2.05,1.92,2.18,1.68,0.4043662655970639,1324.9
2018-04-03,16.419,107.5621,106.605,6.27514,2614.45,21.1,69.02,63.41,126.3,6083717.0,2.79,0.71,0.61,2.08,1.99,2.17,1.69,0.1264410359078671,1340.76
2018-04-04,16.32,107.636,106.763,6.30223,2644.69,20.06,66.04,63.35,126.45,7488254.0,2.79,0.71,0.57,2.08,2.04,2.12,1.69,-0.0644054360305289,1332.89
2018-04-09,16.496,107.5312,106.794,6.31296,2613.16,21.77,68.19,63.4,126.82,4189864.0,2.78,0.71,0.58,2.07,2.02,2.12,1.69,-0.1615785744063873,1334.32
2018-04-10,16.573,107.3651,107.199,6.29266,2656.87,20.47,70.67,65.48,127.12,5403992.0,2.8,0.72,0.62,2.08,2.0,2.16,1.69,-0.0431696656672834,1336.3
2018-04-11,16.674,107.1216,106.801,6.28339,2642.19,20.24,72.74,66.81,128.11,12348564.0,2.79,0.68,0.56,2.11,2.06,2.16,1.69,0.5687913312132478,1339.49
2018-04-12,16.47,107.2897,107.306,6.28275,2663.99,18.49,71.44,67.07,126.62,8141339.0,2.83,0.7,0.62,2.13,2.05,2.21,1.69,0.7516789723656787,1352.87
2018-04-13,16.64,107.2359,107.376,6.2752,2656.3,17.41,73.18,67.35,127.45,6821338.0,2.82,0.69,0.66,2.13,2.01,2.25,1.69,0.4302440851267111,1334.9
2018-04-16,16.672,107.0588,107.135,6.27874,2677.84,16.56,72.05,66.23,127.63,4600039.0,2.83,0.71,0.61,2.12,2.08,2.16,1.69,0.2392732270262206,1343.2
2018-04-17,16.781,107.0335,107.017,6.27585,2706.39,15.25,71.71,66.5,127.75,4184077.0,2.82,0.68,0.67,2.14,2.01,2.27,1.69,0.5155842314758203,1345.88
2018-04-18,17.196,107.1091,107.23,6.28178,2708.64,15.6,73.73,68.44,127.85,6755575.0,2.87,0.71,0.69,2.16,2.04,2.28,1.69,-0.2290292566949876,1347.7
2018-04-19,17.254,107.5191,107.394,6.26965,2693.13,15.96,74.85,68.3,127.6,8736103.0,2.92,0.75,0.65,2.17,2.12,2.22,1.69,-0.4979902662608335,1349.44
2018-04-20,17.1345,108.1782,107.649,6.28713,2670.14,16.88,74.62,68.26,126.63,10403128.0,2.96,0.79,0.7,2.17,2.1,2.24,1.7,-1.197845616619615,1345.91
2018-04-23,16.621,108.9328,108.715,6.30482,2670.29,16.34,74.54,67.61,125.62,6921519.0,2.98,0.8,0.72,2.18,2.11,2.25,1.7,-1.4754703235468545,1334.68
2018-04-24,16.7245,108.7903,108.819,6.30553,2634.56,18.02,75.86,67.66,126.23,4733107.0,3.0,0.83,0.73,2.17,2.1,2.24,1.7,-1.9159997322542537,1324.58
2018-04-25,16.564,109.3443,109.396,6.31807,2639.4,17.84,73.79,68.0,125.41,5985694.0,3.03,0.86,0.75,2.17,2.09,2.25,1.7,-2.1846921207294767,1330.05
2018-04-26,16.5145,109.3639,109.312,6.31783,2666.94,16.24,75.39,68.18,124.97,7517135.0,3.0,0.82,0.72,2.18,2.1,2.26,1.7,-1.3951069327967185,1322.88
2018-04-27,16.53,109.1729,109.073,6.33401,2669.91,15.41,75.33,68.11,125.5,5653996.0,2.96,0.79,0.71,2.17,2.09,2.25,1.7,-0.5343878898389314,1316.91
2018-04-30,16.33,109.3356,109.268,6.32112,2648.05,15.93,75.92,68.56,124.59,9830612.0,2.95,0.78,0.69,2.17,2.1,2.24,1.69,-0.1098633699663417,1323.9
2018-05-01,16.16,109.7437,109.845,6.32871,2654.8,15.49,74.85,67.28,123.71,7551577.0,2.97,0.81,0.73,2.16,2.09,2.23,1.7,-0.4132284308202554,1315.38
2018-05-02,16.39,110.1616,109.851,6.35508,2635.67,15.97,73.14,67.91,123.65,7614019.0,2.97,0.8,0.71,2.17,2.09,2.25,1.7,0.0394823104490427,1304.16
2018-05-03,16.44,110.1796,109.18,6.3472,2629.73,15.9,73.45,68.45,124.28,4857387.0,2.94,0.78,0.69,2.16,2.09,2.23,1.7,-0.1524526367105548,1304.59
2018-05-04,16.52,110.2492,109.09,6.36325,2663.42,14.77,74.75,69.71,124.54,5883574.0,2.95,0.79,0.69,2.16,2.09,2.23,1.7,-0.5579791523251671,1312.12
2018-05-08,16.47,111.062,109.062,6.36799,2671.92,14.71,74.16,68.83,124.59,5551078.0,2.97,0.81,0.71,2.16,2.1,2.22,1.7,-0.6119259627453527,1313.59
2018-05-09,16.51,110.8807,109.735,6.37251,2697.79,13.42,77.6,71.16,124.33,4405593.0,3.0,0.82,0.71,2.18,2.13,2.23,1.7,-0.5340272809603566,1314.8
2018-05-10,16.72,110.4041,109.418,6.34567,2723.07,13.23,77.59,71.36,125.18,5218356.0,2.97,0.8,0.71,2.17,2.12,2.22,1.7,-0.3225609957503473,1312.72
2018-05-11,16.68,110.2839,109.314,6.32392,2727.72,12.65,77.37,70.69,125.0,4299164.0,2.97,0.82,0.71,2.15,2.13,2.17,1.7,-0.3850984806418947,1321.64
2018-05-14,16.52,110.4073,109.693,6.33378,2730.13,12.93,78.17,71.01,124.49,3753223.0,3.0,0.85,0.73,2.15,2.12,2.18,1.7,-0.6527499181293974,1318.36
2018-05-15,16.27,111.2283,110.342,6.3502,2711.45,14.63,78.94,71.34,122.48,10911900.0,3.08,0.9,0.77,2.18,2.15,2.21,1.7,-0.7277881443584389,1312.98
2018-05-16,16.37,111.3057,110.292,6.3647,2722.46,13.42,78.19,71.43,122.29,4943275.0,3.09,0.92,0.78,2.17,2.16,2.18,1.7,-1.0334677406164123,1290.09
2018-05-17,16.43,111.3537,110.786,6.35395,2720.13,13.43,80.09,71.47,122.36,7781336.0,3.11,0.95,0.78,2.16,2.16,2.16,1.7,-1.6459643816310536,1290.62
2018-05-23,16.46,111.6919,109.945,6.37996,2733.29,12.58,78.69,71.85,122.54,7007256.0,3.01,0.87,0.71,2.14,2.12,2.16,1.7,0.1191823551742501,1291.26
2018-05-24,16.65,111.4871,109.204,6.37558,2727.76,12.53,78.9,70.77,123.59,8850085.0,2.98,0.86,0.71,2.12,2.11,2.13,1.7,0.502190262161205,1294.1
2018-05-29,16.36,112.2108,108.586,6.42178,2689.86,17.02,74.51,66.8,123.19,9013170.0,2.77,0.73,0.6,2.04,1.98,2.1,1.7,0.678505963916463,1297.49
2018-05-30,16.51,111.6717,108.897,6.41365,2724.01,14.94,75.89,68.24,123.37,4573697.0,2.84,0.78,0.67,2.06,2.0,2.12,1.7,0.4864097412573216,1298.61
2018-06-01,16.4,111.8253,109.561,6.41228,2734.62,13.46,74.54,65.81,122.49,8059121.0,2.89,0.8,0.68,2.09,2.06,2.12,1.7,0.2152324366966112,1298.97
2018-06-04,16.43,111.8235,109.807,6.39932,2746.87,12.74,73.41,64.76,122.37,4345370.0,2.94,0.82,0.72,2.12,2.06,2.18,1.7,-0.2764901190478255,1292.62
2018-06-05,16.49,112.2628,109.834,6.3948,2748.8,12.4,72.91,65.51,122.85,6864209.0,2.92,0.79,0.71,2.13,2.05,2.21,1.7,-0.2812680563883862,1292.44
2018-06-06,16.66,111.7517,110.147,6.38599,2772.35,11.64,73.23,64.75,122.92,4083702.0,2.97,0.83,0.75,2.14,2.06,2.22,1.7,-0.2238788153970902,1296.57
2018-06-07,16.7,112.0719,109.704,6.38567,2770.37,12.13,75.23,65.96,122.86,3700745.0,2.93,0.8,0.69,2.13,2.08,2.18,1.7,-0.2234263954986312,1296.68
2018-06-08,16.771,112.1057,109.45,6.4049,2779.03,12.18,75.11,65.77,123.01,3865667.0,2.93,0.82,0.71,2.11,2.06,2.16,1.7,-0.240785417219329,1297.1
2018-06-11,16.9255,112.1097,110.061,6.39992,2782.0,12.35,74.58,66.1,123.23,3201179.0,2.96,0.83,0.72,2.13,2.08,2.18,1.7,-0.169326983758633,1300.01
2018-06-12,16.86,112.2129,110.384,6.39943,2786.85,12.34,74.86,66.38,122.82,7279620.0,2.96,0.83,0.74,2.13,2.07,2.19,1.7,-0.2808979473030654,1300.33
2018-06-13,17.04,112.2569,110.257,6.4012,2775.63,12.94,75.07,66.63,123.19,5867744.0,2.98,0.86,0.76,2.12,2.09,2.15,1.7,-0.4683078665011013,1295.97
2018-06-14,17.14,112.8581,110.673,6.38769,2782.49,12.12,74.77,66.91,123.38,8015447.0,2.94,0.82,0.74,2.12,2.07,2.17,1.9,-0.5238093499074061,1299.79
2018-06-15,16.56,113.3369,110.6,6.42516,2779.66,11.98,72.02,65.01,121.34,14536993.0,2.93,0.81,0.73,2.12,2.08,2.16,1.9,-0.4021306013636615,1302.61
2018-06-18,16.47,113.4889,110.547,6.45354,2773.75,12.31,74.87,65.91,121.11,3845950.0,2.92,0.8,0.72,2.12,2.08,2.16,1.9,-0.3780646191926985,1277.73
2018-06-19,16.29,113.6379,110.03,6.48031,2762.59,13.35,74.92,65.09,120.8,4925832.0,2.89,0.77,0.7,2.12,2.07,2.17,1.91,-0.1172948763451783,1278.33
2018-06-20,16.28,113.4774,110.353,6.47772,2767.32,12.79,74.25,65.92,120.26,4548491.0,2.93,0.81,0.74,2.12,2.06,2.18,1.92,-0.1145027075179469,1274.71
2018-06-21,16.33,113.61,109.889,6.50835,2749.76,14.64,72.87,65.68,120.05,5681906.0,2.9,0.79,0.72,2.11,2.05,2.17,1.92,-0.0162171359758266,1267.61
2018-06-22,16.46,113.3039,109.99,6.49927,2754.88,13.77,73.67,69.02,120.34,4518408.0,2.9,0.78,0.7,2.12,2.07,2.17,1.92,0.3250060055307867,1266.99
2018-06-25,16.3285,113.2854,109.736,6.55075,2717.07,17.33,72.82,69.91,119.89,9300195.0,2.87,0.77,0.69,2.1,2.06,2.14,1.92,0.4104043306314044,1270.2
2018-06-26,16.29,113.301,110.026,6.58251,2723.06,15.92,73.58,75.23,119.26,8675447.0,2.88,0.76,0.68,2.12,2.07,2.17,1.92,0.3094245208706671,1265.76
2018-06-27,16.05,113.8964,110.236,6.60799,2699.63,17.91,76.09,77.41,118.58,6480501.0,2.83,0.72,0.64,2.11,2.07,2.15,1.91,0.6583472228438414,1258.99
2018-06-28,16.01,113.8399,110.466,6.63414,2716.31,16.85,76.26,73.45,118.22,7760936.0,2.84,0.74,0.66,2.1,2.07,2.13,1.91,0.3270770157102058,1251.91
2018-06-29,16.0925,113.2583,110.697,6.62687,2718.37,16.09,77.44,74.13,118.65,8002828.0,2.85,0.74,0.67,2.11,2.06,2.16,1.91,0.3774030896301988,1248.29
2018-07-02,15.85,114.1669,110.862,6.67702,2726.71,15.6,76.71,73.89,117.46,12021957.0,2.87,0.73,0.68,2.14,2.07,2.21,1.91,-0.0378480434472973,1251.96
2018-07-03,16.03,113.3217,110.585,6.66161,2713.22,16.14,75.87,74.19,118.65,8900973.0,2.83,0.71,0.64,2.12,2.08,2.16,1.91,0.3417485813085696,1241.88
2018-07-05,16.06,112.9756,110.667,6.64893,2736.61,14.97,77.09,73.05,119.05,4951873.0,2.84,0.71,0.64,2.13,2.1,2.16,1.91,0.443284566734212,1256.73
2018-07-06,16.03,112.6426,110.423,6.65635,2759.82,13.37,74.98,73.78,118.86,2947058.0,2.82,0.7,0.63,2.12,2.08,2.16,1.91,0.5481347710705683,1257.62
2018-07-09,16.09,112.6423,110.848,6.62651,2784.17,12.69,77.08,73.93,119.15,4075297.0,2.86,0.73,0.65,2.13,2.1,2.16,1.91,0.5406719533579017,1255.15
2018-07-10,16.06,112.5792,110.991,6.62857,2793.84,12.64,77.8,74.11,118.93,3754770.0,2.87,0.74,0.68,2.13,2.09,2.17,1.91,0.0277171521261117,1257.74
2018-07-11,15.8055,112.8582,111.935,6.67046,2774.02,13.63,75.35,70.47,117.64,6974791.0,2.85,0.74,0.67,2.11,2.07,2.15,1.91,-0.4161620693174941,1256.2
2018-07-12,15.9475,112.779,112.527,6.66412,2798.29,12.58,72.11,70.28,118.13,4585460.0,2.85,0.75,0.69,2.1,2.06,2.14,1.91,-0.4126888323022064,1242.3
2018-07-13,15.81,113.0705,112.331,6.69727,2801.31,12.18,74.11,71.03,117.61,5444284.0,2.83,0.72,0.66,2.11,2.07,2.15,1.91,-0.393052678120644,1247.3
2018-07-16,15.81,112.8438,112.275,6.67195,2798.43,12.83,71.03,68.22,117.55,3670943.0,2.85,0.75,0.7,2.1,2.05,2.15,1.91,-0.3251381327840101,1240.93
2018-07-17,15.57,113.1504,112.905,6.68184,2809.55,12.06,70.87,68.03,116.28,7939635.0,2.86,0.77,0.73,2.09,2.03,2.15,1.91,-0.6308897657126277,1240.73
2018-07-18,15.56,113.3349,112.841,6.7168,2815.62,12.1,70.52,68.78,116.31,5391963.0,2.88,0.79,0.74,2.09,2.03,2.15,1.91,-0.7006255619279088,1227.1
2018-07-19,15.3125,113.9464,112.438,6.77771,2804.49,12.87,71.94,69.42,115.81,14227628.0,2.84,0.75,0.73,2.09,2.01,2.17,1.91,-0.4767542938442323,1227.36
2018-07-20,15.52,113.3214,111.504,6.77779,2801.83,12.86,71.99,70.31,116.56,7892317.0,2.89,0.78,0.75,2.11,2.02,2.2,1.91,-0.5134775108141072,1223.03
2018-07-23,15.4,113.4248,111.307,6.79274,2806.98,12.62,73.45,67.9,116.0,6247368.0,2.96,0.85,0.82,2.11,2.01,2.21,1.91,-0.9637205906857256,1231.77
2018-07-24,15.45,113.2043,111.204,6.81051,2820.4,12.41,73.53,70.77,116.04,4801046.0,2.95,0.84,0.83,2.11,2.0,2.22,1.91,-0.4284009718932689,1224.79
2018-07-25,15.61,112.9217,110.859,6.76435,2846.07,12.29,73.67,71.13,116.68,5480914.0,2.94,0.81,0.81,2.13,2.01,2.25,1.91,0.2545812968508181,1224.24
2018-07-26,15.38,112.9175,111.245,6.77644,2837.44,12.14,74.51,71.59,115.77,6382946.0,2.98,0.87,0.86,2.11,2.0,2.22,1.91,-0.4057412890427185,1232.05
2018-07-27,15.5,112.8122,110.991,6.83694,2818.82,13.03,74.84,68.66,115.83,5242099.0,2.96,0.84,0.84,2.12,2.0,2.24,1.91,-0.1470252013480409,1222.96
2018-07-30,15.51,112.6043,111.055,6.82071,2802.6,14.26,74.99,71.19,115.65,4157371.0,2.98,0.85,0.84,2.13,2.01,2.25,1.91,0.5611509494957069,1222.69
2018-07-31,15.51,112.7297,111.843,6.8329,2816.29,12.83,74.16,69.88,115.99,5508456.0,2.96,0.84,0.85,2.12,2.0,2.24,1.91,0.3244044402949125,1221.79
2018-08-01,15.39,112.8897,111.695,6.79962,2813.36,13.15,72.28,68.8,115.14,7941660.0,3.0,0.87,0.87,2.13,2.0,2.26,1.91,-0.371624351280379,1223.95
2018-08-02,15.32,113.1674,111.641,6.84353,2827.22,12.19,72.95,68.95,114.52,6204210.0,2.98,0.86,0.86,2.12,1.99,2.25,1.91,0.0807022921944861,1215.99
2018-08-03,15.42,113.0114,111.222,6.87105,2840.35,11.64,72.48,68.49,114.92,5953227.0,2.95,0.83,0.82,2.12,2.0,2.24,1.91,0.002474541502719,1207.99
2018-08-06,15.31,113.2283,111.4,6.83846,2850.4,11.27,72.51,69.01,114.33,5811614.0,2.94,0.83,0.82,2.11,1.98,2.24,1.91,-0.2408754259667703,1213.91
2018-08-07,15.38,112.9753,111.382,6.82595,2858.45,10.93,72.31,69.17,114.59,5188447.0,2.98,0.85,0.84,2.13,2.0,2.26,1.91,-0.1531165013870732,1207.49
2018-08-08,15.41,113.1404,110.926,6.83403,2857.7,10.85,70.71,66.92,114.91,3809872.0,2.96,0.85,0.85,2.11,1.98,2.24,1.91,-0.0582635899711957,1210.83
2018-08-09,15.45,113.3797,111.102,6.81898,2853.58,11.27,70.55,66.81,114.74,4252956.0,2.93,0.82,0.83,2.11,1.97,2.25,1.91,0.2184333180247759,1213.96
2018-08-10,15.33,114.2992,110.796,6.85157,2833.28,13.16,71.0,67.61,114.69,6757857.0,2.87,0.78,0.77,2.09,1.98,2.2,1.91,-0.1404749461926665,1212.63
2018-08-13,14.99,114.8497,110.745,6.88145,2821.93,14.78,70.62,67.25,112.96,9150873.0,2.88,0.78,0.76,2.1,1.99,2.21,1.91,-0.1134390756932568,1211.18
2018-08-14,15.05,114.6566,111.224,6.88203,2839.96,13.31,70.77,67.04,113.07,7086193.0,2.89,0.8,0.78,2.09,1.99,2.19,1.91,-0.2968477732783207,1194.13
2018-08-15,14.44,115.1512,110.694,6.90688,2818.37,14.64,68.38,65.07,111.19,12398366.0,2.86,0.78,0.76,2.08,1.97,2.19,1.91,-0.1644685846355936,1194.31
2018-08-16,14.66,114.6403,110.939,6.89866,2840.69,13.45,69.21,65.44,111.1,7484637.0,2.87,0.79,0.78,2.08,1.97,2.19,1.92,-0.2321484204098357,1175.99
2018-08-17,14.8155,114.5327,110.615,6.87838,2850.13,12.64,70.14,65.93,112.13,8470951.0,2.87,0.79,0.79,2.08,1.96,2.2,1.92,-0.1489859714640499,1174.09
2018-08-20,14.76,114.3493,110.037,6.85505,2857.05,12.49,71.11,66.5,112.69,5313403.0,2.82,0.75,0.75,2.07,1.95,2.19,1.92,0.3317592956364489,1183.59
2018-08-21,14.79,113.8595,110.167,6.84545,2862.96,12.86,71.65,67.32,113.02,5042443.0,2.85,0.77,0.76,2.08,1.97,2.19,1.92,0.6084352879374867,1190.61
2018-08-22,14.76,113.6622,110.541,6.84255,2861.82,12.25,72.96,67.85,113.27,6215910.0,2.82,0.74,0.74,2.08,1.96,2.2,1.92,0.9507546304793416,1196.25
2018-08-24,14.8155,113.598,111.183,6.85111,2874.69,11.99,74.41,69.71,114.16,9214703.0,2.82,0.73,0.73,2.09,1.99,2.19,1.92,0.998631020852543,1185.52
2018-08-27,14.89,113.2717,111.054,6.82245,2896.74,12.16,74.41,69.97,114.59,4364167.0,2.85,0.74,0.74,2.11,2.0,2.22,1.92,0.7846625234700346,1207.64
2018-08-28,14.71,113.3441,111.178,6.80373,2897.52,12.5,75.91,68.54,113.68,6101386.0,2.88,0.77,0.78,2.11,1.99,2.23,1.92,0.4257525673249666,1211.39
2018-08-29,14.76,113.6458,111.734,6.82383,2914.04,12.25,76.07,69.68,114.2,5616329.0,2.89,0.77,0.78,2.12,2.0,2.24,1.92,0.0266151744773288,1201.29
2018-08-30,14.55,114.0895,111.029,6.82917,2901.13,13.53,77.05,70.25,113.64,5431837.0,2.86,0.76,0.76,2.1,1.99,2.21,1.92,-0.0710588928234074,1206.8
2018-08-31,14.51,114.275,111.084,6.83261,2901.52,12.86,76.94,69.84,113.51,5048673.0,2.86,0.78,0.76,2.08,1.98,2.18,1.91,-0.6124745633112916,1200.52
2018-09-04,14.18,114.858,111.444,6.83252,2896.72,13.16,77.51,69.82,112.93,6617486.0,2.9,0.8,0.79,2.1,1.99,2.21,1.92,-0.7022628958133078,1201.54
2018-09-05,14.1945,114.7474,111.494,6.83357,2888.6,13.91,76.68,68.69,113.32,4459202.0,2.9,0.81,0.79,2.09,1.98,2.2,1.92,-0.6237835725750291,1191.31
2018-09-06,14.158,114.6473,110.677,6.83256,2878.05,14.65,75.67,67.81,113.54,4784729.0,2.88,0.8,0.79,2.08,1.97,2.19,1.92,-0.1626796813590018,1196.64
2018-09-07,14.16,114.5807,110.998,6.84025,2871.68,14.88,75.55,67.73,113.23,3714023.0,2.94,0.84,0.84,2.1,1.98,2.22,1.92,-0.261496644403168,1200.3
2018-09-10,14.17,114.6793,111.097,6.85964,2877.13,14.16,76.77,67.55,113.15,2316718.0,2.94,0.84,0.85,2.1,1.98,2.22,1.92,-0.2611648967213901,1195.23
2018-09-11,14.14,114.7044,111.607,6.86618,2887.89,13.22,78.22,69.29,113.22,3791338.0,2.98,0.86,0.86,2.12,2.01,2.23,1.92,-0.2598969261033343,1195.33
2018-09-12,14.2525,114.2185,111.25,6.86589,2888.92,13.14,80.02,70.37,114.17,6315934.0,2.97,0.85,0.85,2.12,2.02,2.22,1.92,0.0719143355275061,1198.54
2018-09-13,14.15,113.9264,111.923,6.84639,2904.18,12.37,77.66,68.6,113.76,5636023.0,2.97,0.87,0.89,2.1,1.98,2.22,1.92,-0.2056020768231059,1207.15
2018-09-14,14.0675,114.0654,112.002,6.85213,2904.98,12.07,77.87,68.98,113.02,5375645.0,2.99,0.89,0.9,2.1,2.0,2.2,1.92,-0.2358526885302771,1201.66
2018-09-17,14.1815,113.9154,111.852,6.86937,2888.8,13.68,78.22,68.86,113.61,4727254.0,2.99,0.89,0.9,2.1,1.99,2.21,1.92,-0.0499536460281605,1194.34
2018-09-18,14.1505,113.7735,112.369,6.86571,2904.31,12.79,79.25,69.87,113.44,4737849.0,3.05,0.92,0.93,2.13,2.01,2.25,1.92,-0.0228722383148497,1201.65
2018-09-19,14.2445,113.6528,112.271,6.85268,2907.95,11.75,79.43,71.08,113.88,4223199.0,3.08,0.93,0.94,2.15,2.02,2.28,1.92,-0.2895118327186742,1198.25
2018-09-20,14.3185,113.4986,112.494,6.85424,2930.75,11.8,79.03,70.77,114.27,4384523.0,3.07,0.92,0.94,2.15,2.02,2.28,1.92,0.0285225393592425,1203.95
2018-09-21,14.2995,113.5097,112.573,6.84149,2929.67,11.68,78.9,70.8,113.49,6831550.0,3.07,0.92,0.93,2.15,2.02,2.28,1.92,0.2569774245076209,1207.5
2018-09-25,14.45,113.7203,112.954,6.87498,2915.56,12.42,82.21,73.4,113.65,3004824.0,3.1,0.94,0.94,2.16,2.05,2.27,1.93,0.0499872286779008,1198.86
2018-09-26,14.3285,113.6738,112.681,6.8733,2905.97,12.89,81.87,72.22,113.05,8297429.0,3.06,0.92,0.92,2.14,2.04,2.24,1.93,0.159693507157636,1201.14
2018-09-27,14.2455,113.9782,113.407,6.87978,2914.0,12.41,81.54,72.18,112.05,7683739.0,3.06,0.91,0.92,2.15,2.04,2.26,2.18,-0.0024420318069517,1194.9
2018-09-28,14.63,113.8072,113.624,6.88209,2913.98,12.12,82.72,73.16,112.76,6020579.0,3.05,0.91,0.91,2.14,2.03,2.25,2.18,0.0190763325443988,1183.03
2018-10-09,14.3865,114.6568,112.973,6.92152,2880.34,15.95,85.16,74.95,112.6,8352697.0,3.21,1.04,1.0,2.17,2.05,2.29,2.18,-0.77457734766759,1188.62
2018-10-10,14.29,114.6059,112.274,6.92246,2785.68,22.96,83.82,73.18,112.88,10571316.0,3.22,1.06,1.01,2.16,2.04,2.28,2.18,-0.3567543276496213,1189.49
2018-10-11,14.58,114.4062,112.149,6.92603,2728.37,24.98,81.35,70.97,115.78,26810920.0,3.14,1.02,1.01,2.12,1.99,2.25,2.18,0.3610451397227898,1195.02
2018-10-12,14.62,114.368,112.21,6.92681,2767.13,21.31,80.71,71.41,115.23,12939315.0,3.15,1.03,1.01,2.12,1.99,2.25,2.18,0.4767790731807276,1224.44
2018-10-15,14.7,114.044,111.782,6.91915,2750.79,21.3,80.91,71.84,116.0,11828366.0,3.16,1.03,1.01,2.13,2.0,2.26,2.18,0.438401750655012,1217.7
2018-10-16,14.66,113.8952,112.294,6.91927,2809.92,17.62,80.53,71.93,115.8,9531769.0,3.16,1.03,1.01,2.13,2.01,2.25,2.18,0.3444723848947983,1227.08
2018-10-17,14.62,114.1743,112.691,6.92544,2809.21,17.4,79.91,69.63,115.79,7078639.0,3.19,1.06,1.04,2.13,2.0,2.26,2.19,-0.0007644853845151,1224.31
2018-10-18,14.57,114.8152,112.189,6.93677,2768.78,20.06,80.3,68.63,115.92,7964106.0,3.17,1.07,1.04,2.1,1.99,2.21,2.19,-0.6891457731744901,1222.31
2018-10-19,14.63,114.8557,112.537,6.93118,2767.78,19.89,80.38,69.16,116.01,7453947.0,3.2,1.09,1.07,2.11,1.98,2.24,2.19,-0.687446650021104,1225.72
2018-10-22,14.5645,115.1772,112.82,6.94056,2755.88,19.64,80.45,69.25,115.71,5200759.0,3.2,1.09,1.07,2.11,1.98,2.24,2.19,-0.9956541221166908,1227.44
2018-10-23,14.74,115.1641,112.418,6.93582,2740.69,20.71,78.67,66.49,116.39,12704177.0,3.17,1.08,1.07,2.09,1.94,2.24,2.2,-0.9366024689936784,1222.0
2018-10-24,14.6835,115.3743,112.157,6.9397,2656.1,25.23,77.34,66.56,116.66,8563293.0,3.1,1.03,1.01,2.07,1.93,2.21,2.2,-0.222003756712649,1230.54
2018-10-25,14.65,115.4818,112.381,6.94468,2705.57,24.22,77.3,67.25,116.4,8303495.0,3.14,1.09,1.07,2.05,1.91,2.19,2.2,-0.4614378779813302,1234.64
2018-10-26,14.7,115.4717,111.814,6.94526,2658.69,24.16,77.4,67.58,116.77,15733170.0,3.08,1.02,0.98,2.06,1.93,2.19,2.2,0.3150499005046421,1232.24
2018-10-29,14.475,115.8925,112.347,6.95647,2641.25,24.7,77.56,67.0,116.31,8732486.0,3.08,1.02,0.99,2.06,1.92,2.2,2.2,0.2893342698885608,1233.31
2018-10-30,14.49,116.2346,113.086,6.95987,2682.63,23.35,75.68,66.18,115.8,7233614.0,3.12,1.07,1.03,2.05,1.91,2.19,2.2,-0.3577905701963161,1229.85
2018-10-31,14.2655,116.5268,112.933,6.9717,2711.74,21.23,74.84,65.31,115.15,11409346.0,3.15,1.1,1.08,2.05,1.9,2.2,2.2,-1.102190999146373,1222.63
2018-11-01,14.74,115.8643,112.652,6.94595,2740.37,19.34,71.25,63.67,116.63,13662915.0,3.14,1.12,1.08,2.02,1.88,2.16,2.2,-0.524568341749076,1215.32
2018-11-02,14.74,115.6415,113.214,6.88947,2723.06,19.51,71.11,63.12,116.65,8796962.0,3.22,1.16,1.13,2.06,1.91,2.21,2.19,-1.2086082254800812,1234.22
2018-11-05,14.65,115.7015,113.203,6.92742,2738.31,19.96,72.68,63.12,116.37,6291450.0,3.2,1.14,1.12,2.06,1.91,2.21,2.2,-0.8879535184440129,1233.19
2018-11-06,14.54,115.5607,113.455,6.91485,2755.45,19.91,70.64,62.16,116.04,7270793.0,3.22,1.15,1.13,2.07,1.92,2.22,2.2,-0.2518939087024838,1231.7
2018-11-07,14.58,115.2505,113.527,6.91416,2813.89,16.36,70.1,61.69,116.03,8392112.0,3.22,1.15,1.14,2.07,1.93,2.21,2.2,0.1885171627894944,1227.24
2018-11-08,14.4345,115.6463,114.05,6.93085,2806.83,16.72,69.29,60.71,115.78,7638817.0,3.24,1.17,1.17,2.07,1.92,2.22,2.2,-0.0506905521319497,1226.6
2018-11-09,14.1735,116.4762,113.794,6.94657,2781.01,17.36,69.01,60.19,114.48,14159472.0,3.19,1.15,1.15,2.04,1.9,2.18,2.19,-0.2668063877106253,1223.55
2018-11-13,13.9915,116.6676,113.816,6.95759,2722.18,20.02,65.45,55.63,113.7,9309074.0,3.14,1.12,1.11,2.02,1.88,2.16,2.2,-0.278012760580828,1200.53
2018-11-14,14.13,116.4964,113.582,6.95286,2701.58,21.25,64.88,56.16,114.64,13950218.0,3.12,1.12,1.1,2.0,1.85,2.15,2.2,-0.2971791615514426,1202.2
2018-11-15,14.28,116.3849,113.582,6.93882,2730.2,19.98,65.61,56.45,114.77,8910585.0,3.11,1.11,1.09,2.0,1.85,2.15,2.2,0.1142665863131074,1211.18
2018-11-16,14.4205,115.9246,112.819,6.94723,2736.27,18.14,65.29,56.49,115.62,8576955.0,3.08,1.06,1.02,2.02,1.88,2.16,2.2,1.0102451044134344,1213.91
2018-11-19,14.4275,115.985,112.5,6.94265,2690.73,20.1,64.14,57.16,115.67,8508445.0,3.06,1.07,1.02,1.99,1.85,2.13,2.2,0.3241518835443985,1222.51
2018-11-20,14.31,116.2357,112.732,6.94065,2641.89,22.48,61.5,53.39,115.67,9075193.0,3.06,1.09,1.06,1.97,1.82,2.12,2.2,0.3867058490721031,1224.12
2018-11-21,14.51,116.0911,113.113,6.93794,2649.93,20.8,61.65,54.41,115.86,8834206.0,3.06,1.09,1.08,1.97,1.81,2.13,2.2,0.3976359799200391,1221.73
2018-11-26,14.22,116.6198,113.569,6.93636,2673.45,18.9,59.7,51.46,115.64,4018622.0,3.07,1.11,1.12,1.96,1.78,2.14,2.2,-0.5967724502541395,1223.49
2018-11-27,14.16,116.8991,113.771,6.94893,2682.17,19.02,59.58,51.31,114.95,9671170.0,3.06,1.15,1.16,1.91,1.73,2.09,2.2,-0.9343174717937076,1222.27
2018-11-28,14.32,116.8333,113.627,6.9528,2743.79,18.49,57.97,50.06,115.38,13789016.0,3.06,1.12,1.13,1.94,1.74,2.14,2.2,-0.5751399410895659,1214.96
2018-11-29,14.32,116.1954,113.46,6.94594,2737.8,18.79,58.29,51.46,115.74,6479502.0,3.03,1.05,1.06,1.98,1.79,2.17,2.2,0.5252779569392623,1220.81
2018-11-30,14.18,116.4121,113.513,6.94385,2760.17,18.07,57.71,50.78,115.54,8169579.0,3.01,1.04,1.07,1.97,1.77,2.17,2.2,0.5236205535322728,1224.29
2018-12-03,14.38,115.9046,113.629,6.88483,2790.37,16.44,60.17,52.98,116.41,8463378.0,2.98,1.02,1.07,1.96,1.76,2.16,2.19,1.675262904702359,1222.34
2018-12-04,14.54,116.0015,112.761,6.83661,2700.06,20.74,61.22,53.21,117.12,7186437.0,2.91,0.97,1.05,1.94,1.74,2.14,2.2,1.6610424406196278,1231.33
2018-12-06,14.47,116.3983,112.73,6.88887,2695.95,21.19,57.83,51.54,117.14,9267628.0,2.87,0.97,1.06,1.9,1.69,2.11,2.2,0.4486592795026211,1237.47
2018-12-07,14.631,116.0839,112.63,6.88141,2633.08,23.23,61.71,52.76,118.09,10402903.0,2.85,0.96,1.02,1.89,1.68,2.1,2.19,-0.2102481895750453,1238.05
2018-12-10,14.5325,116.6739,113.263,6.91058,2637.72,22.64,60.29,51.07,117.68,8118110.0,2.85,0.99,1.06,1.86,1.65,2.07,2.2,-0.1984941263504474,1249.96
2018-12-11,14.54,116.7556,113.396,6.90236,2636.78,21.76,59.73,51.65,117.54,6395391.0,2.89,1.06,1.13,1.83,1.62,2.04,2.19,-1.2728323653294455,1244.62
2018-12-12,14.7405,116.2205,113.276,6.88882,2651.07,21.46,59.94,51.04,117.79,4136781.0,2.91,1.08,1.15,1.83,1.62,2.04,2.19,-1.0015686751842063,1243.17
2018-12-13,14.76,116.3967,113.602,6.87498,2650.54,20.65,59.03,52.69,117.53,4131770.0,2.91,1.08,1.13,1.83,1.62,2.04,2.19,-0.9897818401799944,1246.37
2018-12-14,14.59,116.7891,113.392,6.90148,2599.95,21.63,58.56,51.26,117.06,7501660.0,2.89,1.07,1.13,1.82,1.6,2.04,2.19,-1.2801552150471438,1241.92
2018-12-17,14.66,116.4524,112.826,6.89778,2545.94,24.52,57.59,49.8,117.87,8455007.0,2.86,1.05,1.11,1.81,1.58,2.04,2.2,-0.3703265140896533,1239.22
2018-12-18,14.65,116.4122,112.484,6.89714,2546.16,25.58,55.26,46.12,118.15,7542875.0,2.82,1.01,1.07,1.81,1.58,2.04,2.2,0.6858688467188392,1246.07
2018-12-19,14.5975,116.0672,112.422,6.8955,2506.96,25.58,55.6,47.96,117.43,13827509.0,2.77,0.97,1.06,1.8,1.56,2.04,2.2,1.033425867412731,1249.85
2018-12-20,14.77,116.0179,111.288,6.88603,2467.42,28.38,52.84,45.64,119.24,18615143.0,2.79,1.03,1.12,1.76,1.53,1.99,2.4,0.5706379111871008,1243.46
2018-12-21,14.63,116.2221,111.307,6.90386,2416.62,30.11,51.93,45.38,118.72,13629830.0,2.79,1.02,1.09,1.77,1.55,1.99,2.4,0.7226257236650668,1260.55
2018-12-27,15.23,115.9922,110.928,6.86504,2488.83,29.96,51.49,44.48,120.57,11874408.0,2.77,1.03,1.07,1.74,1.53,1.95,2.4,0.1120580257866229,1266.68
2018-12-28,15.37,115.7226,110.205,6.8682,2485.74,28.34,50.57,45.15,121.06,6864842.0,2.72,0.99,1.04,1.73,1.52,1.94,2.4,0.4163264639629831,1275.68
2019-01-02,15.53,115.7676,106.675,6.85435,2510.03,23.22,54.06,46.31,121.33,12776155.0,2.66,0.96,1.0,1.7,1.49,1.91,2.4,0.5375453616868797,1282.6
2019-01-03,15.73,115.4611,107.681,6.87266,2447.89,25.45,53.23,46.92,122.43,15440840.0,2.56,0.88,0.88,1.68,1.49,1.87,2.4,1.2135185195084228,1286.46
2019-01-04,15.69,114.9813,108.452,6.8655,2531.94,21.38,55.64,47.76,121.44,13334368.0,2.67,0.91,0.91,1.76,1.58,1.94,2.4,1.0549512247168102,1294.23
2019-01-07,15.67,114.5621,108.661,6.85158,2549.69,21.4,57.1,48.27,121.86,7473641.0,2.7,0.92,0.92,1.78,1.61,1.95,2.4,1.2095176914133372,1286.01
2019-01-08,15.66,114.7272,108.809,6.85063,2574.41,20.47,56.91,49.58,121.53,7643363.0,2.73,0.91,0.92,1.82,1.66,1.98,2.4,1.6177161024418072,1288.88
2019-01-09,15.75,114.1394,108.158,6.82853,2584.96,19.98,59.46,52.19,122.31,10555933.0,2.74,0.91,0.89,1.83,1.68,1.98,2.4,1.6001981820237463,1285.07
2019-01-10,15.57,114.048,108.439,6.78152,2596.64,19.5,60.47,52.42,121.59,6672058.0,2.74,0.93,0.91,1.81,1.65,1.97,2.4,0.6995927955514322,1293.87
2019-01-11,15.6,114.0383,108.558,6.73979,2596.26,18.19,59.24,51.44,121.8,8622666.0,2.71,0.88,0.86,1.83,1.66,2.0,2.4,0.9325564348246684,1286.67
2019-01-15,15.5815,114.3374,108.653,6.75639,2610.3,18.6,58.65,51.8,121.88,7512779.0,2.72,0.91,0.9,1.81,1.63,1.99,2.4,0.2221134290716191,1292.08
2019-01-16,15.6,114.1341,109.121,6.75696,2616.1,19.04,59.81,52.08,122.27,6878137.0,2.73,0.91,0.9,1.82,1.64,2.0,2.4,0.0766131959569669,1289.34
2019-01-17,15.53,114.4087,109.199,6.76825,2635.96,18.06,59.85,51.83,122.11,8558523.0,2.75,0.96,0.94,1.79,1.64,1.94,2.4,-0.3541018651590383,1294.15
2019-01-18,15.34,114.5555,109.748,6.77509,2670.71,17.8,62.04,53.6,121.02,10896307.0,2.79,0.96,0.95,1.83,1.67,1.99,2.4,-0.702767230886624,1292.28
2019-01-22,15.34,114.7515,109.339,6.80615,2632.9,20.8,60.9,52.59,121.45,7896668.0,2.74,0.95,0.94,1.79,1.63,1.95,2.4,-0.3671873685288849,1279.67
2019-01-23,15.37,114.5732,109.563,6.78188,2638.7,19.52,61.05,52.44,121.28,5224918.0,2.76,0.96,0.95,1.8,1.64,1.96,2.4,-0.5025322690026252,1285.22
2019-01-24,15.3165,114.614,109.579,6.79295,2642.33,18.89,61.09,52.94,121.09,5662490.0,2.72,0.95,0.93,1.77,1.62,1.92,2.4,0.0650109583043288,1283.07
2019-01-25,15.73,114.0168,109.517,6.7645,2664.76,17.42,61.49,53.53,122.86,11103309.0,2.76,0.97,0.95,1.79,1.64,1.94,2.4,0.1229640906426521,1280.96
2019-01-28,15.74,114.0493,109.321,6.73714,2643.85,18.87,59.71,51.79,123.29,8522178.0,2.75,0.97,0.96,1.78,1.62,1.94,2.4,0.4282265910081912,1302.32
2019-01-29,15.84,114.0227,109.366,6.72909,2640.0,19.13,60.98,53.07,123.98,11610204.0,2.72,0.94,0.93,1.78,1.62,1.94,2.4,0.4289333690747662,1303.4
2019-01-30,16.06,114.0705,109.063,6.71507,2681.05,17.66,61.89,54.18,124.69,12103963.0,2.7,0.86,0.81,1.84,1.68,2.0,2.4,1.192949050026726,1312.06
2019-01-31,16.0685,113.5476,108.837,6.70961,2704.1,16.57,62.46,53.84,124.75,10209516.0,2.63,0.78,0.73,1.85,1.7,2.0,2.4,2.0716882644950254,1320.6
2019-02-01,15.9205,113.7524,109.506,6.73477,2706.53,16.14,61.86,55.29,124.5,12485496.0,2.7,0.82,0.79,1.88,1.72,2.04,2.4,1.6115495486840608,1321.34
2019-02-11,15.71,115.0288,110.39,6.79135,2709.8,15.97,61.3,52.43,123.6,4821904.0,2.65,0.83,0.78,1.82,1.69,1.95,2.4,-0.3459918915495878,1314.43
2019-02-12,15.7,114.7278,110.467,6.77426,2744.73,15.43,62.58,53.14,123.86,4271869.0,2.68,0.85,0.78,1.83,1.71,1.95,2.4,-0.416558319325422,1308.22
2019-02-13,15.57,114.9388,111.036,6.76141,2753.03,15.65,63.27,53.84,123.37,7640509.0,2.71,0.85,0.77,1.86,1.76,1.96,2.4,-0.2755184766101525,1309.56
2019-02-14,15.61,115.0984,110.49,6.77526,2745.73,16.22,64.0,54.4,124.06,6276529.0,2.66,0.81,0.74,1.85,1.74,1.96,2.4,-0.1623826549308929,1305.96
2019-02-15,15.7915,114.9899,110.408,6.77342,2775.6,14.91,65.65,55.58,124.8,12190104.0,2.66,0.8,0.74,1.86,1.75,1.97,2.4,0.0660751526918078,1312.79
2019-02-19,15.98,114.5676,110.586,6.76472,2779.76,14.88,65.86,56.12,126.7,15614028.0,2.65,0.78,0.71,1.87,1.76,1.98,2.4,0.7966816474545574,1326.19
2019-02-21,15.8,114.507,110.672,6.72051,2774.88,14.46,66.91,56.95,125.05,8634596.0,2.69,0.78,0.71,1.91,1.8,2.02,2.4,0.6980509300394643,1338.86
2019-02-22,15.9245,114.2692,110.671,6.71945,2792.67,13.51,66.91,57.01,125.5,5439375.0,2.65,0.74,0.65,1.91,1.82,2.0,2.4,0.9466462629704396,1325.83
2019-02-25,15.88,114.1432,111.061,6.6863,2796.11,14.85,64.02,55.32,125.37,4882615.0,2.67,0.75,0.66,1.92,1.82,2.02,2.4,0.9137510060644394,1329.06
2019-02-26,15.92,114.0662,110.569,6.69526,2793.9,15.17,64.51,55.4,125.58,5153511.0,2.64,0.72,0.63,1.92,1.82,2.02,2.4,0.9087888612885392,1327.54
2019-02-27,15.76,114.0337,110.95,6.67868,2792.38,14.7,65.55,56.92,124.69,7935647.0,2.69,0.76,0.65,1.93,1.84,2.02,2.4,0.3633742563351035,1323.75
2019-02-28,15.63,114.1971,111.38,6.68579,2784.49,14.78,65.03,57.21,123.99,7811731.0,2.73,0.78,0.68,1.95,1.84,2.06,2.4,0.3473110332856161,1319.88
2019-03-01,15.16,114.535,111.978,6.70577,2803.69,13.57,63.71,55.76,121.88,16411743.0,2.76,0.8,0.71,1.96,1.85,2.07,2.4,-0.3225695955431162,1314.14
2019-03-04,15.08,114.6903,111.754,6.69983,2792.81,14.63,64.44,56.6,121.56,10272586.0,2.72,0.78,0.69,1.94,1.84,2.04,2.4,-0.3320869066208604,1290.36
2019-03-05,15.13,114.8019,111.893,6.70162,2789.65,14.74,64.24,56.55,121.72,7120090.0,2.72,0.79,0.7,1.93,1.83,2.03,2.4,-0.7443161192399943,1286.54
2019-03-06,15.07,114.9697,111.712,6.70536,2771.45,15.74,64.51,56.22,121.61,4820443.0,2.69,0.78,0.68,1.91,1.81,2.01,2.4,-0.5007375309316373,1287.79
2019-03-07,15.02,115.4905,111.611,6.7066,2748.93,16.59,64.82,56.6,121.51,6088768.0,2.64,0.74,0.64,1.9,1.8,2.0,2.4,-0.2799419659265357,1286.71
2019-03-08,15.35,115.3585,111.119,6.72049,2743.07,16.05,65.66,55.77,122.84,10427747.0,2.62,0.72,0.62,1.9,1.8,2.0,2.4,0.2196206156808204,1286.07
2019-03-11,15.3205,115.2953,111.325,6.72224,2783.3,14.33,65.06,56.79,122.24,6708655.0,2.64,0.73,0.62,1.91,1.82,2.0,2.4,0.0871393493364545,1296.67
2019-03-12,15.4425,114.9376,111.316,6.70969,2791.52,13.77,65.33,56.89,122.98,6289860.0,2.61,0.71,0.6,1.9,1.81,1.99,2.4,0.4839174936749067,1293.01
2019-03-13,15.4525,114.7361,111.249,6.70921,2810.92,13.41,65.89,58.27,123.84,7377297.0,2.61,0.69,0.58,1.92,1.84,2.0,2.4,0.7921622447993746,1301.0
2019-03-14,15.1915,114.7891,111.699,6.71895,2808.48,13.5,66.18,58.59,122.41,6778443.0,2.63,0.69,0.58,1.94,1.85,2.03,2.4,0.7682067631657595,1309.9
2019-03-15,15.2935,114.5808,111.476,6.71315,2822.48,12.88,66.11,58.51,122.97,9412061.0,2.59,0.65,0.54,1.94,1.86,2.02,2.4,0.9351864817332884,1296.51
2019-03-18,15.3525,114.4368,111.401,6.71345,2832.94,13.1,66.65,59.09,123.04,7783205.0,2.6,0.64,0.54,1.96,1.88,2.04,2.4,1.2153796852150311,1302.31
2019-03-19,15.3615,114.2313,111.368,6.7124,2832.57,13.56,67.13,59.12,123.38,6558693.0,2.61,0.66,0.57,1.95,1.85,2.05,2.4,0.8959105601984801,1303.46
2019-03-20,15.5005,114.1497,110.727,6.69537,2824.23,13.91,68.35,60.12,124.18,11304912.0,2.54,0.58,0.46,1.96,1.88,2.04,2.41,1.2683455569919906,1306.85
2019-03-21,15.4715,114.1672,110.791,6.69006,2854.88,13.63,68.3,59.98,123.68,7739775.0,2.54,0.58,0.48,1.96,1.86,2.06,2.41,1.1932341023582684,1314.13
2019-03-22,15.44,114.6845,109.954,6.7126,2800.71,16.48,66.29,58.87,123.97,5874016.0,2.44,0.54,0.44,1.9,1.8,2.0,2.41,0.8143617235723078,1309.2
2019-03-25,15.5435,114.4158,110.043,6.71096,2798.36,16.33,67.37,58.71,124.92,7288343.0,2.43,0.55,0.44,1.88,1.77,1.99,2.4,0.5762636820036572,1312.6
2019-03-26,15.4335,114.6404,110.529,6.71316,2818.46,14.68,67.51,59.87,124.3,5056224.0,2.41,0.55,0.43,1.86,1.75,1.97,2.4,0.4212843287607247,1322.26
2019-03-27,15.2985,115.1236,110.492,6.72041,2805.37,15.15,67.35,59.39,123.65,6595016.0,2.39,0.55,0.44,1.84,1.74,1.94,2.41,-0.4726935115665802,1316.53
2019-03-28,15.0145,115.2575,110.657,6.72943,2815.44,14.43,66.08,59.29,121.9,11878328.0,2.39,0.56,0.48,1.83,1.72,1.94,2.41,-0.6313619244061697,1309.65
2019-03-29,15.1395,115.1364,110.852,6.716,2834.4,13.71,67.93,60.19,122.01,7094201.0,2.41,0.53,0.45,1.88,1.78,1.98,2.43,-0.2204595890349159,1291.14
2019-04-01,15.115,114.935,111.41,6.7098,2867.19,13.4,69.08,61.59,121.53,13559963.0,2.49,0.59,0.49,1.9,1.82,1.98,2.41,-0.4840222009704787,1292.46
2019-04-02,15.1245,115.1164,111.334,6.7204,2867.24,13.36,69.68,62.53,121.98,4474953.0,2.48,0.58,0.47,1.9,1.81,1.99,2.41,-0.2714306080021998,1287.75
2019-04-03,15.135,114.7204,111.464,6.70515,2873.4,13.74,69.21,62.46,121.8,6152734.0,2.52,0.61,0.51,1.91,1.81,2.01,2.41,-0.0187281943442294,1292.55
2019-04-04,15.12,114.9687,111.616,6.71706,2879.39,13.58,69.8,62.12,122.11,7508760.0,2.51,0.61,0.51,1.9,1.81,1.99,2.41,0.0186809423915331,1290.24
2019-04-08,15.24,114.6879,111.494,6.718,2895.77,13.18,71.12,64.37,122.51,4271034.0,2.52,0.61,0.52,1.91,1.81,2.01,2.41,0.0446078220009845,1291.95
2019-04-09,15.22,114.5307,111.138,6.70865,2878.2,14.28,71.02,64.05,123.15,4648392.0,2.51,0.6,0.51,1.91,1.8,2.02,2.41,0.2353462806489159,1297.71
2019-04-10,15.22,114.4255,110.922,6.71603,2888.21,13.3,71.63,64.62,123.53,6344767.0,2.48,0.54,0.45,1.94,1.83,2.05,2.41,0.7649796888273873,1304.38
2019-04-11,14.98,114.629,111.629,6.71623,2888.32,13.02,71.3,63.61,121.95,11694503.0,2.51,0.57,0.49,1.94,1.82,2.06,2.41,0.5869238644802706,1308.37
2019-04-12,14.9925,114.3517,112.011,6.70635,2907.41,12.01,71.57,63.86,121.83,5272844.0,2.56,0.61,0.52,1.95,1.86,2.04,2.41,0.3631636978486268,1292.79
2019-04-15,15.003,114.4936,111.978,6.70575,2905.58,12.32,70.9,63.43,121.6,4252774.0,2.55,0.61,0.52,1.94,1.85,2.03,2.41,0.1783722088454803,1291.42
2019-04-16,15.0075,114.6745,112.016,6.70902,2907.06,12.18,70.74,64.01,120.51,10097802.0,2.6,0.64,0.55,1.96,1.86,2.06,2.41,-0.2576469865522808,1287.89
2019-04-17,15.0,114.5128,112.033,6.68985,2900.45,12.6,71.14,63.74,120.28,4693864.0,2.59,0.65,0.56,1.94,1.84,2.04,2.42,-0.8319752982796422,1276.88
2019-04-18,15.02,114.7057,111.979,6.70714,2905.03,12.09,70.71,64.02,120.37,4090401.0,2.57,0.62,0.52,1.95,1.86,2.04,2.43,-0.3707029139514313,1273.8
2019-04-22,15.0135,114.7679,111.926,6.7114,2907.97,12.42,70.71,65.66,120.37,2251185.0,2.59,0.64,0.52,1.95,1.87,2.03,2.44,-0.2717066155614735,1275.64
2019-04-23,14.84,115.1563,111.874,6.71726,2933.68,12.28,74.39,66.24,120.12,5574897.0,2.57,0.62,0.49,1.95,1.87,2.03,2.44,-0.0682345110429654,1275.3
2019-04-24,14.94,115.4172,112.07,6.71724,2927.25,13.14,73.59,65.96,120.47,4173034.0,2.53,0.57,0.45,1.96,1.87,2.05,2.44,0.2823406802126266,1272.3
2019-04-25,14.95,115.7692,111.586,6.74332,2926.17,13.25,74.94,65.23,120.57,4836857.0,2.54,0.56,0.47,1.98,1.86,2.1,2.44,0.1245661080688233,1275.91
2019-04-26,15.0535,115.4749,111.608,6.73269,2939.88,12.73,71.03,63.29,121.37,6022715.0,2.51,0.54,0.43,1.97,1.86,2.08,2.44,0.1688790237062337,1277.19
2019-04-29,14.91,115.5213,111.654,6.73187,2943.03,13.11,71.22,63.39,120.83,4469721.0,2.54,0.58,0.46,1.96,1.86,2.06,2.45,0.1791299024476654,1287.44
2019-04-30,14.94,115.3268,111.447,6.73424,2945.83,13.12,72.19,63.83,121.2,4758567.0,2.51,0.56,0.43,1.95,1.85,2.05,2.45,0.4177050897130938,1280.1
2019-05-06,14.9005,115.38,110.688,6.76385,2932.47,15.44,71.95,62.3,120.81,3479563.0,2.51,0.6,0.49,1.91,1.81,2.01,2.4,-0.1299144005243327,1278.94
2019-05-07,14.92,115.6104,110.267,6.7636,2884.05,19.32,70.98,61.41,121.21,4010654.0,2.45,0.58,0.49,1.87,1.76,1.98,2.4,-0.289623759370077,1281.33
2019-05-08,14.85,115.5161,110.088,6.77665,2879.42,19.4,71.09,62.13,120.91,4178965.0,2.49,0.62,0.53,1.87,1.75,1.99,2.39,-0.4737969002779459,1284.41
2019-05-09,14.77,115.8414,109.727,6.82022,2870.72,19.1,70.61,61.58,121.2,5015785.0,2.45,0.6,0.52,1.85,1.73,1.97,2.38,0.3658554980261537,1280.9
2019-05-10,14.777,115.5327,109.93,6.81535,2881.4,16.04,71.63,61.65,121.43,4586301.0,2.47,0.59,0.51,1.88,1.75,2.01,2.38,0.2241753773087678,1284.23
2019-05-13,14.76,115.9142,109.218,6.87339,2811.87,20.55,72.35,60.97,122.67,11130908.0,2.4,0.55,0.45,1.85,1.73,1.97,2.38,0.1267120289164664,1287.92
2019-05-14,14.8,115.942,109.65,6.8803,2834.41,18.06,72.53,61.82,122.46,5556105.0,2.42,0.56,0.45,1.86,1.75,1.97,2.38,-0.0488775844235717,1300.09
2019-05-15,14.7985,115.8561,109.59,6.87675,2850.96,16.44,73.09,62.03,122.39,10298968.0,2.37,0.54,0.41,1.83,1.74,1.92,2.4,0.2588376752148347,1297.19
2019-05-16,14.56,116.0343,109.861,6.87844,2876.32,15.29,74.7,62.93,121.51,6349454.0,2.4,0.56,0.43,1.84,1.75,1.93,2.39,0.083421871256045,1296.65
2019-05-17,14.43,116.4481,110.021,6.91283,2859.53,15.96,73.94,62.77,120.65,6589382.0,2.39,0.58,0.46,1.81,1.71,1.91,2.39,-0.54597640790518,1287.04
2019-05-20,14.46,116.3126,110.085,6.91474,2840.23,16.31,73.21,63.12,120.64,4345803.0,2.41,0.6,0.5,1.81,1.71,1.91,2.39,-0.8018777745097839,1277.62
2019-05-21,14.46,116.2847,110.517,6.90817,2864.36,14.95,72.94,63.02,120.36,3845702.0,2.43,0.6,0.51,1.83,1.72,1.94,2.39,-0.6430188468344137,1277.72
2019-05-22,14.44,116.2414,110.331,6.9011,2856.27,14.75,71.94,61.42,120.24,3741805.0,2.39,0.6,0.51,1.79,1.68,1.9,2.38,-0.8004472754465196,1274.79
2019-05-23,14.59,116.2369,109.615,6.91836,2822.24,16.92,68.37,57.65,121.17,6054721.0,2.31,0.58,0.49,1.73,1.62,1.84,2.38,-0.5079577958051302,1273.4
2019-05-24,14.57,116.0809,109.298,6.90411,2826.06,15.85,67.98,58.4,121.3,2324653.0,2.32,0.56,0.5,1.76,1.62,1.9,2.38,0.189140647109193,1281.05
2019-05-28,14.36,116.3178,109.364,6.91139,2802.39,17.5,70.19,58.91,120.83,4303495.0,2.26,0.53,0.48,1.73,1.58,1.88,2.39,0.3231563852356472,1285.28
2019-05-29,14.41,116.5533,109.551,6.90869,2783.02,17.9,70.64,58.84,120.87,4133202.0,2.25,0.5,0.46,1.75,1.59,1.91,2.39,0.6234557088701087,1279.48
2019-05-30,14.5255,116.3986,109.599,6.9053,2788.86,17.3,69.55,56.47,121.69,7757033.0,2.22,0.48,0.44,1.74,1.59,1.89,2.39,0.7415938853096181,1280.28
2019-05-31,14.58,116.7279,108.368,6.90198,2752.06,18.71,66.78,53.49,123.33,15367001.0,2.14,0.4,0.35,1.74,1.58,1.9,2.4,0.938317682782012,1288.45
2019-06-03,14.79,116.4777,108.057,6.90735,2744.45,18.86,63.16,53.25,125.11,14173636.0,2.07,0.34,0.27,1.73,1.56,1.9,2.38,1.3433769141959262,1307.21
2019-06-04,14.8,116.0919,108.154,6.90905,2803.27,16.97,63.56,53.5,125.15,7997062.0,2.12,0.38,0.3,1.74,1.59,1.89,2.38,1.017166280809464,1324.88
2019-06-05,14.81,116.0309,108.283,6.90594,2826.15,16.09,62.14,51.57,125.47,7637880.0,2.12,0.37,0.27,1.75,1.59,1.91,2.38,0.94553839057314,1325.36
2019-06-06,14.89,115.9788,108.367,6.91595,2843.49,15.93,62.77,52.59,125.88,5551778.0,2.12,0.39,0.3,1.73,1.58,1.88,2.37,0.2954232006992053,1331.22
2019-06-10,14.7,115.5012,108.437,6.93111,2886.73,15.94,64.31,53.33,125.33,5409983.0,2.15,0.42,0.31,1.73,1.6,1.86,2.37,-0.2108994034584218,1336.47
2019-06-11,14.75,115.3803,108.564,6.91092,2885.72,15.99,63.56,53.3,125.18,4757841.0,2.15,0.43,0.35,1.72,1.57,1.87,2.37,-0.118677433246729,1327.95
2019-06-12,14.7825,115.4388,108.487,6.91867,2879.84,15.91,61.66,51.13,125.83,5756153.0,2.13,0.42,0.35,1.71,1.53,1.89,2.37,-0.2067921174994099,1326.87
2019-06-13,14.91,115.6281,108.372,6.92137,2891.64,15.82,63.28,52.38,126.6,5374818.0,2.1,0.42,0.33,1.68,1.51,1.85,2.37,-0.205307115106244,1333.98
2019-06-14,14.86,115.9059,108.547,6.92439,2886.98,15.28,63.13,52.47,126.56,9226446.0,2.09,0.46,0.37,1.63,1.48,1.78,2.36,-1.226682488118351,1342.28
2019-06-17,14.84,115.9687,108.565,6.9226,2889.67,15.35,62.56,51.94,126.48,4763345.0,2.09,0.48,0.4,1.61,1.45,1.77,2.38,-1.019211699831706,1342.07
2019-06-18,15.01,115.8798,108.468,6.92642,2917.75,15.15,63.35,53.86,127.12,10309646.0,2.06,0.42,0.34,1.64,1.49,1.79,2.37,-0.4235920217259855,1340.11
2019-06-19,15.16,115.7891,108.084,6.90354,2926.46,14.33,62.85,53.74,127.89,11660649.0,2.03,0.36,0.24,1.67,1.53,1.81,2.37,0.0926871689298191,1346.56
2019-06-20,15.4245,114.8046,107.304,6.85017,2954.18,14.75,65.44,56.88,131.11,18636339.0,2.01,0.27,0.16,1.74,1.58,1.9,2.37,1.5955413934334202,1360.42
2019-06-21,15.3335,114.8378,107.377,6.87585,2950.46,15.4,65.99,57.35,131.98,15068037.0,2.07,0.34,0.2,1.73,1.6,1.86,2.38,1.6581708177066476,1387.56
2019-06-24,15.4425,114.6568,107.308,6.87984,2945.35,15.26,65.16,57.73,133.94,17851801.0,2.02,0.31,0.18,1.71,1.57,1.85,2.38,2.0869199020335927,1400.48
2019-06-25,15.37,114.6373,107.143,6.8816,2917.38,16.28,66.24,57.63,134.2,24772241.0,2.0,0.33,0.21,1.67,1.52,1.82,2.38,1.3318560913075543,1419.71
2019-06-26,15.27,114.5619,107.753,6.87181,2913.78,16.21,66.85,59.17,132.97,12016402.0,2.05,0.35,0.24,1.7,1.56,1.84,2.38,0.7979144906634301,1423.84
2019-06-27,15.26,114.6663,107.813,6.87495,2924.92,15.82,66.78,59.18,132.84,8412764.0,2.01,0.33,0.23,1.68,1.53,1.83,2.38,-0.4908025560149545,1409.59
2019-06-28,15.31,114.5834,107.805,6.86716,2941.76,15.08,67.52,58.2,133.2,8076966.0,2.0,0.31,0.23,1.69,1.53,1.85,2.4,0.1837690864171129,1409.96
2019-07-01,15.15,114.7247,108.429,6.84499,2964.33,14.06,65.1,58.91,130.62,13369815.0,2.03,0.34,0.26,1.69,1.53,1.85,2.39,-0.3589185733234316,1398.55
2019-07-02,15.32,114.8268,107.904,6.87583,2973.01,12.93,62.72,56.0,133.41,13282139.0,1.98,0.33,0.25,1.65,1.5,1.8,2.4,-0.3000714799721783,1383.97
2019-07-03,15.3,114.8145,107.804,6.87915,2995.82,12.57,63.53,57.06,133.63,6351547.0,1.96,0.31,0.23,1.65,1.51,1.79,2.41,-0.1589332999214195,1421.68
2019-07-08,15.03,115.0263,108.697,6.87995,2975.95,13.96,64.89,57.35,131.29,8028884.0,2.05,0.35,0.31,1.7,1.55,1.85,2.41,-0.2078785575827421,1398.73
2019-07-09,15.11,115.1026,108.849,6.88518,2979.63,14.09,64.3,57.57,131.75,6633439.0,2.07,0.36,0.32,1.71,1.56,1.86,2.41,-0.1324341065257878,1395.41
2019-07-10,15.2365,115.0897,108.414,6.88149,2993.07,13.03,66.41,60.28,133.83,13920593.0,2.07,0.33,0.23,1.74,1.59,1.89,2.41,-0.010204986472737,1397.47
2019-07-11,15.115,114.8375,108.482,6.86527,2999.91,12.93,67.64,59.93,132.7,7535133.0,2.13,0.36,0.25,1.77,1.63,1.91,2.4,0.3322600919274928,1418.75
2019-07-12,15.23,114.7696,107.854,6.87848,3013.77,12.39,66.65,59.99,133.53,6309451.0,2.12,0.35,0.24,1.77,1.62,1.92,2.38,0.331904409050611,1404.51
2019-07-15,15.39,114.6831,107.886,6.87382,3014.3,12.68,66.86,59.3,133.53,4026583.0,2.09,0.32,0.23,1.77,1.61,1.93,2.4,0.4945210424939469,1415.76
2019-07-16,15.5555,115.0124,108.235,6.87678,3004.04,12.86,65.87,57.44,132.4,7965981.0,2.13,0.33,0.25,1.8,1.63,1.97,2.41,0.4270941625241369,1414.64
2019-07-17,15.97,114.8829,107.917,6.87803,2984.42,13.97,63.67,56.5,134.58,11288279.0,2.06,0.31,0.23,1.75,1.6,1.9,2.41,0.2800931389217271,1406.28
2019-07-18,16.35,114.8751,107.277,6.87923,2995.11,13.53,60.7,55.08,136.48,18466488.0,2.04,0.25,0.18,1.79,1.6,1.98,2.41,0.7988265899082257,1426.86
2019-07-19,16.2,114.8702,107.724,6.87893,2976.61,14.45,61.04,55.42,134.47,18079195.0,2.05,0.25,0.2,1.8,1.6,2.0,2.41,0.7834315926860734,1447.07
2019-07-22,16.36,115.0026,107.894,6.87996,2985.03,13.53,61.96,55.87,134.45,7570898.0,2.05,0.26,0.21,1.79,1.59,1.99,2.4,0.3175688650992506,1427.78
2019-07-23,16.41,115.3001,108.229,6.87879,3005.47,12.61,62.28,56.58,133.69,9981379.0,2.08,0.27,0.22,1.81,1.61,2.01,2.4,0.2534093739882709,1425.32
2019-07-24,16.6,115.2441,108.149,6.87541,3019.56,12.07,63.83,55.9,134.37,6715167.0,2.05,0.26,0.23,1.79,1.59,1.99,2.4,0.1582305805251552,1417.92
2019-07-25,16.41,115.2987,108.633,6.87434,3003.67,12.74,63.47,55.88,133.42,11708240.0,2.08,0.28,0.25,1.8,1.6,2.0,2.4,-0.4597426447272134,1425.83
2019-07-26,16.35,115.5454,108.706,6.87847,3025.86,12.16,62.46,56.04,133.64,6249928.0,2.08,0.3,0.28,1.78,1.57,1.99,2.4,-0.8711286894565706,1414.32
2019-07-29,16.46,115.5896,108.827,6.89257,3020.97,12.83,62.29,56.85,134.53,9162417.0,2.06,0.29,0.27,1.77,1.57,1.97,2.4,-0.6221352275822274,1419.32
2019-07-30,16.57,115.6222,108.587,6.87956,3013.18,13.94,62.55,58.04,134.98,9458733.0,2.06,0.28,0.26,1.78,1.58,1.98,2.39,-0.2935199893930171,1426.96
2019-07-31,16.27,115.4955,108.772,6.88196,2980.38,16.12,64.07,58.53,133.21,18797199.0,2.02,0.26,0.28,1.76,1.56,1.96,2.4,-0.0794071006589139,1431.15
2019-08-01,16.3255,116.0509,107.331,6.9004,2953.56,17.87,62.9,53.64,136.41,27719822.0,1.9,0.2,0.21,1.7,1.47,1.93,2.14,0.0518600145495912,1413.05
2019-08-02,16.22,116.1874,106.594,6.94031,2932.05,17.61,61.12,55.67,135.89,13753222.0,1.86,0.2,0.21,1.66,1.45,1.87,2.14,0.2084922037204584,1445.72
2019-08-05,16.3955,116.587,105.65,7.03777,2844.74,24.59,59.32,54.63,137.79,17519817.0,1.75,0.15,0.16,1.6,1.39,1.81,2.13,0.3226156946241946,1440.0
2019-08-06,16.45,116.6921,106.44,7.02834,2881.77,20.17,58.63,53.6,138.91,9471209.0,1.73,0.11,0.13,1.62,1.4,1.84,2.13,0.3528073826008535,1468.76
2019-08-07,17.11,116.8003,106.221,7.04562,2883.98,19.49,55.03,51.14,141.02,26671092.0,1.71,0.09,0.14,1.62,1.38,1.86,2.12,0.1860308068517665,1474.45
2019-08-08,16.93,116.4756,105.863,7.04385,2938.09,16.91,56.29,52.6,141.73,13108554.0,1.72,0.07,0.11,1.65,1.43,1.87,2.12,0.4570888896239494,1500.33
2019-08-09,16.98,116.4432,105.584,7.05712,2918.65,17.97,57.37,54.41,141.26,9485912.0,1.74,0.08,0.13,1.66,1.44,1.88,2.12,0.6449221849055243,1505.69
2019-08-12,17.07,116.7567,105.221,7.0561,2882.7,21.09,57.13,54.98,142.615,14390450.0,1.65,0.04,0.1,1.61,1.39,1.83,2.12,0.5484436799273155,1498.0
2019-08-13,16.97,116.7283,106.735,7.06266,2926.32,17.52,59.9,57.05,141.78,29930394.0,1.68,0.05,0.13,1.63,1.44,1.82,2.12,0.2917543741116894,1511.2
2019-08-14,17.22,117.0926,105.765,7.01595,2840.6,22.1,57.86,55.16,142.75,20672858.0,1.59,0.02,0.15,1.57,1.36,1.78,2.12,0.2169938690218517,1502.1
2019-08-15,17.27,117.2247,106.114,7.03423,2847.6,21.18,57.37,54.51,143.7,13501099.0,1.52,-0.02,0.08,1.54,1.34,1.74,2.13,0.0136930760224606,1516.64
2019-08-16,17.12,117.0796,106.315,7.03983,2888.68,18.47,59.0,54.83,142.78,12184492.0,1.55,0.01,0.08,1.54,1.34,1.74,2.13,-0.1990040402620486,1523.56
2019-08-19,16.88,117.39,106.6,7.04745,2923.65,16.88,59.79,56.24,141.11,10558366.0,1.6,0.04,0.11,1.56,1.36,1.76,2.13,-0.6170311585510979,1512.6
2019-08-20,17.16,117.3738,106.248,7.06205,2900.51,17.5,59.03,56.18,142.21,7479375.0,1.55,0.02,0.08,1.53,1.34,1.72,2.13,-0.4346782905275543,1495.87
2019-08-21,17.12,117.1778,106.586,7.064,2924.43,15.8,60.6,55.65,141.76,8118733.0,1.59,0.05,0.13,1.54,1.34,1.74,2.12,-0.5471710844106398,1507.55
2019-08-22,17.0465,117.357,106.421,7.08934,2922.95,16.68,59.81,55.33,141.4,6847647.0,1.62,0.07,0.15,1.55,1.35,1.75,2.12,-0.8062373391248334,1502.54
2019-08-23,17.47,117.3027,105.362,7.07928,2847.11,19.87,58.64,54.08,144.17,20290539.0,1.52,-0.02,0.05,1.54,1.35,1.73,2.12,0.079260980157507,1498.6
2019-08-26,17.67,117.668,106.13,7.14275,2878.38,19.32,58.64,53.54,144.19,12200810.0,1.54,0.0,0.09,1.54,1.34,1.74,2.12,0.0983752327519851,1539.19
2019-08-27,18.2,117.7525,105.756,7.16427,2869.16,20.31,58.44,54.99,145.57,12857588.0,1.49,-0.06,0.04,1.55,1.36,1.74,2.12,0.4188357541620124,1527.7
2019-08-28,18.36,117.8792,105.989,7.16225,2887.94,19.35,60.42,55.76,145.16,11454605.0,1.47,-0.08,0.01,1.55,1.36,1.74,2.12,0.5819827003109221,1542.13
2019-08-29,18.27,118.0652,106.512,7.14843,2924.58,17.88,60.59,56.67,144.12,14764572.0,1.5,-0.09,0.01,1.59,1.39,1.79,2.12,0.7720960563413695,1539.17
2019-08-30,18.34,118.16,106.226,7.14726,2926.46,18.98,61.04,55.07,143.75,9642584.0,1.5,-0.05,0.04,1.55,1.35,1.75,2.13,-0.2939317487451521,1527.9
2019-09-03,19.26,118.313,105.935,7.17525,2906.27,19.66,57.93,53.91,145.75,15621873.0,1.47,-0.03,0.06,1.5,1.29,1.71,2.13,-0.7171438524179718,1529.55
2019-09-04,19.6,117.6745,106.367,7.14854,2937.78,17.33,60.68,56.22,146.66,11292000.0,1.47,-0.04,0.01,1.51,1.31,1.71,2.13,-0.3940386310085672,1547.19
2019-09-05,18.65,117.4791,106.955,7.14487,2976.0,16.27,62.7,56.33,143.14,20297877.0,1.57,0.01,0.08,1.56,1.35,1.77,2.13,-0.1440918471227646,1552.02
2019-09-06,18.05,117.1305,106.929,7.12063,2978.71,15.0,61.28,56.45,141.92,14175216.0,1.55,0.01,0.07,1.54,1.35,1.73,2.12,-0.2727505304029381,1518.5
2019-09-09,18.01,117.0617,107.248,7.12723,2978.43,15.27,63.99,57.88,141.39,11323819.0,1.63,0.06,0.11,1.57,1.38,1.76,2.13,-0.2676923496023345,1508.1
2019-09-10,18.01,117.09,107.52,7.10499,2979.39,15.2,64.67,57.37,140.18,12629208.0,1.72,0.12,0.18,1.6,1.4,1.8,2.13,-0.2623056728807394,1498.98
2019-09-11,18.12,117.3138,107.816,7.1147,3000.93,14.61,63.02,55.66,141.03,7453049.0,1.75,0.15,0.2,1.6,1.4,1.8,2.13,-0.9063010747814731,1485.9
2019-09-12,18.1,116.8391,108.089,7.08426,3009.57,14.22,60.76,55.13,141.32,12673707.0,1.79,0.16,0.22,1.63,1.43,1.83,2.13,-0.5347159986623855,1497.58
2019-09-16,17.845,117.0261,108.112,7.0654,2997.96,14.67,68.42,63.1,141.32,8094567.0,1.84,0.17,0.21,1.67,1.48,1.86,2.25,-0.4501009289182592,1505.82
2019-09-17,18.02,116.9839,108.115,7.09489,3005.7,14.44,65.59,59.26,141.6,7046430.0,1.81,0.15,0.2,1.66,1.46,1.86,2.3,-0.0385153347981446,1498.41
2019-09-18,17.76,116.9779,108.409,7.08927,3006.73,13.95,64.29,58.19,140.71,15071647.0,1.8,0.21,0.28,1.59,1.4,1.78,2.25,-0.276645817452536,1501.55
2019-09-19,17.79,117.0877,108.041,7.09622,3006.79,14.05,64.25,58.19,141.28,8062589.0,1.79,0.18,0.25,1.61,1.41,1.81,1.9,-0.3409904045866044,1494.0
2019-09-20,17.95,117.1835,107.561,7.08688,2992.07,15.32,65.23,57.92,142.95,12276521.0,1.74,0.13,0.19,1.61,1.42,1.8,1.9,0.276470752344713,1499.31
2019-09-23,18.64,117.3006,107.527,7.12664,2991.78,14.91,64.66,58.69,143.75,9036267.0,1.72,0.11,0.17,1.61,1.42,1.8,1.9,0.0488129103817588,1514.48
2019-09-24,18.61,117.2247,107.112,7.10364,2966.6,17.05,64.13,57.22,144.51,10620690.0,1.64,0.06,0.13,1.58,1.39,1.77,1.9,0.2856211562689665,1522.44
2019-09-25,17.91,117.6549,107.732,7.1224,2984.87,15.96,62.41,56.38,141.83,11997855.0,1.73,0.13,0.19,1.6,1.41,1.79,1.9,0.2059280857402608,1531.61
2019-09-26,17.82,117.729,107.838,7.13137,2977.62,16.07,62.08,56.24,141.79,8803139.0,1.7,0.13,0.19,1.57,1.4,1.74,1.85,-0.0801157710759477,1504.01
2019-09-27,17.49,117.7246,107.96,7.12566,2961.79,17.22,62.48,55.95,141.06,9665953.0,1.69,0.16,0.2,1.53,1.36,1.7,1.83,-0.6266409122847385,1505.0
2019-09-30,16.99,117.9488,108.079,7.13727,2976.74,16.24,60.99,54.09,138.87,15530068.0,1.68,0.15,0.2,1.53,1.35,1.71,1.9,-0.7559245238889071,1495.16
2019-10-08,17.73,117.7423,107.072,7.13124,2893.06,20.28,58.14,52.64,141.92,10485490.0,1.54,0.06,0.11,1.48,1.25,1.71,1.82,0.4435876764387369,1493.57
2019-10-09,17.73,117.6854,107.466,7.12076,2919.4,18.64,59.7,52.63,142.05,7052811.0,1.59,0.1,0.16,1.49,1.24,1.74,1.82,0.0059861456205487,1505.8
2019-10-10,17.52,117.282,107.872,7.12127,2938.13,17.57,59.08,53.57,140.81,9331584.0,1.67,0.15,0.19,1.52,1.29,1.75,1.82,-0.3644935736349248,1505.86
2019-10-11,17.53,116.8257,108.386,7.09035,2970.27,15.58,60.59,54.76,140.03,11425535.0,1.76,0.2,0.25,1.56,1.34,1.78,1.82,-0.683885446595244,1494.23
2019-10-15,17.41,116.8122,108.842,7.07481,2995.68,13.54,59.19,52.81,139.61,9131732.0,1.77,0.21,0.26,1.56,1.33,1.79,1.9,-0.5103473115499857,1493.4
2019-10-16,17.4,116.6438,108.732,7.09864,2989.69,13.68,59.3,53.42,140.41,10363893.0,1.75,0.18,0.22,1.57,1.35,1.79,1.9,0.0160326252701696,1481.25
2019-10-17,17.5485,116.2631,108.624,7.0729,2997.95,13.79,59.35,53.89,140.61,6224288.0,1.76,0.17,0.05,1.59,1.52,1.66,1.85,0.3667437788459826,1490.4
2019-10-18,17.5585,116.1359,108.42,7.08527,2986.2,14.25,59.96,53.75,140.46,6416213.0,1.76,0.16,0.04,1.6,1.52,1.68,1.85,0.5694203401100664,1492.1
2019-10-21,17.56,116.0453,108.583,7.0726,3006.72,14.0,58.95,53.28,139.79,8314307.0,1.8,0.19,0.08,1.61,1.53,1.69,1.85,0.6885183999297396,1491.58
2019-10-22,17.52,115.9868,108.482,7.08014,2995.99,14.46,60.5,54.21,140.2,3885045.0,1.78,0.17,0.07,1.61,1.53,1.69,1.85,0.7511140897440092,1485.08
2019-10-23,17.5505,116.0601,108.646,7.07328,3004.52,14.01,60.52,55.9,140.53,4160001.0,1.77,0.16,0.06,1.61,1.52,1.7,1.85,0.4530379415297503,1488.01
2019-10-24,17.802,116.1291,108.638,7.07145,3010.29,13.71,61.71,56.11,141.53,6275566.0,1.77,0.15,0.06,1.62,1.52,1.72,1.85,0.1753716086659055,1492.03
2019-10-25,18.07,116.0788,108.661,7.07118,3022.55,12.65,62.06,56.52,141.86,6011459.0,1.8,0.15,0.07,1.65,1.55,1.75,1.83,0.0516858347447144,1503.82
2019-10-28,17.8505,116.0236,108.969,7.06599,3039.42,13.11,60.39,55.6,140.64,5442028.0,1.85,0.21,0.13,1.64,1.53,1.75,1.83,-0.1651784274388697,1503.26
2019-10-29,17.83,115.9811,108.872,7.0623,3036.89,13.2,61.05,55.34,140.25,3835427.0,1.84,0.23,0.15,1.61,1.51,1.71,1.82,-0.5007224629871034,1492.11
2019-10-30,17.88,116.1649,108.806,7.05574,3046.77,12.33,60.22,54.85,141.02,6992869.0,1.78,0.21,0.14,1.57,1.47,1.67,1.82,-0.6134461065452578,1487.4
2019-10-31,18.12,115.9137,108.033,7.04485,3037.56,13.22,59.3,54.02,142.43,7050926.0,1.69,0.15,0.07,1.54,1.44,1.64,1.58,-0.1751420034607833,1495.68
2019-11-01,18.117,115.7324,108.191,7.03695,3066.91,12.3,60.17,56.04,142.56,8089975.0,1.73,0.14,0.05,1.59,1.5,1.68,1.57,0.0086771393349628,1512.4
2019-11-04,18.06,115.8637,108.598,7.02721,3078.27,12.83,62.52,56.33,142.15,4740282.0,1.79,0.15,0.04,1.64,1.56,1.72,1.56,0.3545952302837371,1513.33
2019-11-05,17.58,116.1149,109.162,6.9891,3074.62,13.1,62.72,57.04,139.85,11782250.0,1.86,0.18,0.08,1.68,1.58,1.78,1.56,0.3075934541935765,1509.51
2019-11-06,17.64,116.1012,108.967,6.99827,3076.78,12.62,62.11,56.15,140.45,6416469.0,1.81,0.15,0.06,1.66,1.57,1.75,1.55,0.5343264794672871,1482.95
2019-11-07,17.11,116.1179,109.313,6.97183,3085.18,12.73,62.6,56.91,138.27,15214223.0,1.92,0.23,0.13,1.69,1.61,1.77,1.55,-0.3570229816167675,1490.17
2019-11-08,16.81,116.344,109.212,6.99277,3093.08,12.07,62.0,57.02,137.39,10378201.0,1.94,0.23,0.11,1.71,1.63,1.79,1.55,-0.6959191133909234,1468.62
2019-11-12,16.7675,116.5843,108.973,7.0064,3091.84,12.68,62.19,56.67,137.43,6451809.0,1.92,0.22,0.13,1.7,1.6,1.8,1.55,-0.5582469006166544,1455.18
2019-11-13,16.97,116.8404,108.774,7.02136,3094.04,13.0,62.27,56.88,137.98,8809752.0,1.88,0.22,0.11,1.66,1.58,1.74,1.55,-0.885361911243192,1456.24
2019-11-14,17.03,116.8031,108.401,7.0221,3096.63,13.05,62.46,56.57,138.56,5220927.0,1.82,0.2,0.09,1.62,1.54,1.7,1.55,-0.4155686134822487,1463.47
2019-11-15,16.96,116.4409,108.79,7.01011,3120.46,12.05,63.32,57.54,138.21,10106940.0,1.84,0.21,0.13,1.63,1.52,1.74,1.55,-0.1927836293781368,1471.29
2019-11-18,17.0375,116.3634,108.662,7.01013,3122.03,12.46,62.82,56.82,138.62,5722188.0,1.81,0.18,0.09,1.63,1.54,1.72,1.55,0.14281867020597,1467.83
2019-11-19,17.15,116.5402,108.549,7.02296,3120.18,12.86,62.37,54.93,138.69,4825641.0,1.79,0.16,0.1,1.63,1.53,1.73,1.55,0.1693215786270351,1471.48
2019-11-20,17.1485,116.8293,108.444,7.03497,3108.46,12.78,63.8,56.71,138.76,6894534.0,1.73,0.13,0.07,1.6,1.51,1.69,1.55,0.3368959406372099,1472.53
2019-11-21,17.1,116.7447,108.621,7.03556,3103.54,13.13,64.99,58.36,138.0,4197208.0,1.77,0.14,0.09,1.63,1.53,1.73,1.55,0.353318292883642,1474.9
2019-11-22,17.0,116.9148,108.636,7.04118,3110.29,12.34,64.83,57.68,137.74,3620534.0,1.77,0.15,0.09,1.62,1.53,1.71,1.55,0.0269819940293972,1464.26
2019-11-25,16.89,117.0109,108.937,7.03455,3133.64,11.87,64.67,57.79,137.08,6418042.0,1.76,0.14,0.09,1.62,1.53,1.71,1.55,-0.2351424700995683,1460.69
2019-11-26,17.08,117.0529,109.058,7.04102,3140.52,11.54,64.82,58.25,137.74,4725594.0,1.74,0.12,0.06,1.62,1.52,1.72,1.55,-0.2029040982514807,1455.05
2019-11-27,16.96,117.1292,109.531,7.02326,3153.63,11.75,65.03,58.12,137.01,4106004.0,1.77,0.14,0.09,1.63,1.54,1.72,1.55,-0.2869117218868552,1461.69
2019-11-29,17.019,117.1218,109.4545,7.01843,3140.98,12.62,64.5,58.12,137.86,4516421.0,1.78,0.17,0.12,1.61,1.5,1.72,1.56,-0.3328741834937,1455.54
2019-12-02,16.91,116.9664,109.057,7.04178,3113.87,14.91,63.2,55.97,137.79,8278535.0,1.83,0.18,0.11,1.65,1.54,1.76,1.56,-0.1801984808080253,1464.07
2019-12-03,17.17,116.8916,108.637,7.04518,3093.2,15.96,62.95,56.15,139.11,8502989.0,1.72,0.09,0.03,1.63,1.51,1.75,1.55,0.5445391655898436,1462.25
2019-12-04,16.86,116.6938,108.858,7.0525,3112.76,14.8,65.25,58.46,138.92,6326512.0,1.77,0.11,0.06,1.66,1.54,1.78,1.55,0.791977399890864,1477.35
2019-12-05,16.96,116.3857,108.753,7.04031,3117.43,14.52,65.67,58.42,139.0,5674471.0,1.8,0.13,0.07,1.67,1.55,1.79,1.55,0.7914986940441588,1474.74
2019-12-06,16.57,116.5394,108.56,7.03189,3145.91,13.62,66.5,59.2,137.62,8748968.0,1.84,0.15,0.08,1.69,1.59,1.79,1.55,0.641536342682336,1475.8
2019-12-09,16.61,116.3296,108.577,7.03995,3135.96,15.86,66.44,58.99,137.58,2814342.0,1.83,0.14,0.08,1.69,1.59,1.79,1.55,0.6366048665251752,1459.65
2019-12-10,16.67,116.2557,108.8,7.03873,3132.52,15.68,66.57,59.22,137.97,3241771.0,1.85,0.14,0.09,1.71,1.59,1.83,1.55,0.1137802384304361,1461.72
2019-12-11,16.86,116.1492,108.548,7.03983,3141.63,14.99,65.37,58.74,138.92,6117701.0,1.79,0.1,0.04,1.69,1.6,1.78,1.55,0.3399662033233838,1463.98
2019-12-12,16.93,115.8755,109.488,7.03412,3168.57,13.94,66.67,59.18,138.43,8816618.0,1.9,0.18,0.11,1.72,1.62,1.82,1.55,-0.0384112983887745,1474.82
2019-12-13,16.9475,115.6976,109.333,6.97896,3168.8,12.63,67.44,60.11,139.05,6979801.0,1.82,0.12,0.04,1.7,1.62,1.78,1.55,0.5221145111320836,1467.23
2019-12-16,17.04,115.5559,109.615,7.00481,3191.45,12.14,68.04,60.21,139.04,4647211.0,1.89,0.16,0.08,1.73,1.64,1.82,1.56,0.1192705879871716,1475.65
2019-12-17,17.014,115.5561,109.514,6.99537,3192.52,12.29,68.99,60.88,139.01,4288118.0,1.89,0.14,0.06,1.75,1.65,1.85,1.55,0.2183420568630222,1476.05
2019-12-18,17.015,115.6627,109.575,6.99633,3191.14,12.58,69.12,60.93,139.02,3608069.0,1.92,0.16,0.06,1.76,1.68,1.84,1.55,-0.155597507599838,1476.13
2019-12-19,17.06,115.5997,109.384,7.00835,3205.37,12.5,69.7,61.3,139.38,4975164.0,1.92,0.15,0.05,1.77,1.68,1.86,1.55,0.2928276299281755,1475.6
2019-12-20,17.18,115.7604,109.495,7.00963,3221.22,12.51,68.66,60.43,139.52,4481503.0,1.92,0.15,0.06,1.77,1.67,1.87,1.55,-0.1530508207026848,1478.76
2019-12-23,17.45,115.8066,109.401,7.01033,3224.01,12.61,67.49,60.51,139.95,5182388.0,1.93,0.18,0.08,1.75,1.67,1.83,1.55,-0.2736233147101267,1478.5
2019-12-26,17.9,115.6347,109.576,6.99563,3239.91,12.65,69.26,61.72,142.38,8343019.0,1.9,0.16,0.06,1.74,1.66,1.82,1.55,-0.2145109801476107,1500.15
2019-12-27,17.75,115.2207,109.434,6.99261,3240.02,13.43,68.91,61.76,142.33,5120441.0,1.88,0.15,0.04,1.73,1.64,1.82,1.55,0.1956479908914611,1511.12
2019-12-30,17.93,114.9639,108.878,6.98615,3221.29,14.82,68.3,61.66,142.63,4812117.0,1.9,0.15,0.02,1.75,1.66,1.84,1.55,0.7109995046465433,1511.63
2019-12-31,17.853,114.6697,108.6035,6.96007,3230.78,13.78,67.77,61.14,142.9,5314467.0,1.92,0.15,0.01,1.77,1.68,1.86,1.55,0.4108727009580299,1514.89
2020-01-02,18.02,114.9746,108.549,6.95827,3257.85,12.47,67.05,61.17,143.95,7736828.0,1.88,0.08,-0.05,1.8,1.72,1.88,1.55,0.9302467048020506,1518.17
2020-01-03,18.02,114.9862,108.101,6.97042,3234.85,14.02,69.08,63.0,145.86,12285501.0,1.8,0.03,-0.1,1.77,1.69,1.85,1.55,0.9209976943237538,1529.16
2020-01-06,18.15,114.9552,108.378,6.97115,3246.28,13.85,70.25,63.27,147.39,14409912.0,1.81,0.06,-0.08,1.75,1.69,1.81,1.55,0.4300600578139635,1560.58
2020-01-07,18.4055,115.1467,108.458,6.93366,3237.18,13.79,68.74,62.7,147.97,8401088.0,1.83,0.09,-0.05,1.74,1.67,1.81,1.55,-0.0660296365336199,1565.48
2020-01-08,18.1,115.1318,109.078,6.94074,3253.05,13.45,67.31,59.65,146.86,22276323.0,1.87,0.12,-0.01,1.75,1.68,1.82,1.55,-0.5708823834928032,1576.75
2020-01-09,17.9,115.2325,109.48,6.93326,3274.7,12.54,66.58,59.56,146.03,10304334.0,1.85,0.11,-0.02,1.74,1.67,1.81,1.55,-0.5683349421095282,1556.85
2020-01-10,18.0795,115.0671,109.5,6.91838,3265.35,12.56,66.77,59.02,146.91,6183992.0,1.83,0.07,-0.04,1.76,1.67,1.85,1.54,-0.4833785009342457,1552.31
2020-01-13,17.96,115.0337,109.934,6.88963,3288.13,12.32,64.14,58.17,145.82,7603649.0,1.85,0.08,-0.05,1.77,1.7,1.84,1.54,-0.2876894305938487,1560.71
2020-01-14,17.8,115.0233,109.988,6.88475,3283.15,12.39,64.45,58.34,145.69,6607124.0,1.82,0.05,-0.07,1.77,1.7,1.84,1.54,0.238242030680531,1548.36
2020-01-15,18.0055,114.9526,109.887,6.89404,3289.29,12.42,63.29,57.86,146.54,6510029.0,1.79,0.04,-0.07,1.75,1.67,1.83,1.54,0.4771588096185807,1546.36
2020-01-16,17.94,114.9999,110.178,6.88362,3316.81,12.32,64.63,58.52,146.31,6069101.0,1.81,0.07,-0.05,1.74,1.68,1.8,1.54,0.3011803093393168,1556.42
2020-01-17,18.02,115.0642,110.149,6.86432,3329.62,12.1,64.05,58.55,146.58,11121140.0,1.84,0.09,-0.05,1.75,1.68,1.82,1.55,-0.2485728668972324,1552.54
2020-01-21,17.79,115.1865,109.856,6.90369,3320.79,12.85,63.66,58.25,146.74,6086149.0,1.78,0.04,-0.09,1.74,1.66,1.82,1.55,-0.150270675844948,1560.92
2020-01-22,17.8375,115.2264,109.832,6.90598,3321.75,12.91,62.11,56.76,146.79,4778186.0,1.77,0.05,-0.07,1.72,1.64,1.8,1.55,-0.344176322816273,1558.63
2020-01-23,17.8,115.5537,109.529,6.93169,3325.54,12.98,61.26,55.51,147.12,8419778.0,1.74,0.04,-0.09,1.7,1.64,1.76,1.55,-0.2692534807333969,1559.0
2020-01-24,18.12,115.5545,109.282,6.93826,3295.47,14.56,59.34,54.09,147.98,9919871.0,1.7,0.02,-0.11,1.68,1.62,1.74,1.55,0.0348027447855062,1562.82
2020-01-27,18.1,115.7994,108.918,6.9855,3243.63,18.23,58.54,53.09,148.99,9988069.0,1.61,-0.02,-0.12,1.63,1.56,1.7,1.55,-0.2003367710836683,1581.29
2020-01-28,17.47,115.7226,109.241,6.98185,3276.24,16.28,59.37,53.33,147.66,7543088.0,1.65,0.0,-0.12,1.65,1.59,1.71,1.55,-0.2021513915632505,1581.79
2020-01-29,17.56,115.6986,109.014,6.9646,3273.4,16.39,59.46,53.29,148.46,5023827.0,1.6,-0.04,-0.17,1.64,1.58,1.7,1.55,0.1767695544921817,1567.04
2020-01-30,17.837,115.8065,108.934,6.99135,3283.66,15.49,57.72,52.19,148.47,9119545.0,1.57,-0.07,-0.2,1.64,1.59,1.69,1.6,0.4371582880174088,1577.16
2020-01-31,18.0315,115.7342,108.3575,6.98716,3225.52,18.84,57.77,51.58,149.33,14788263.0,1.51,-0.14,-0.28,1.65,1.6,1.7,1.59,0.9141214206801866,1573.92
2020-02-03,17.68,116.1176,108.666,7.01938,3248.92,17.97,54.0,50.06,148.36,9115075.0,1.54,-0.09,-0.21,1.63,1.56,1.7,1.59,0.2681251704966223,1593.43
2020-02-04,17.59,115.929,109.47,6.99448,3297.59,16.05,53.9,49.59,146.43,10525585.0,1.61,-0.03,-0.16,1.64,1.58,1.7,1.59,-0.2921784936396422,1577.24
2020-02-05,17.61,116.0082,109.799,6.9769,3334.69,15.15,55.36,50.87,146.61,6160661.0,1.66,0.0,-0.15,1.66,1.61,1.71,1.59,-0.6000369814776354,1552.94
2020-02-06,17.82,116.1508,109.988,6.97703,3345.78,14.96,55.18,50.94,147.4,4819778.0,1.65,-0.02,-0.16,1.67,1.61,1.73,1.59,-1.1648168323050845,1556.23
2020-02-07,17.71,116.5075,109.759,6.99977,3327.71,15.47,54.53,50.34,147.79,6379311.0,1.59,-0.07,-0.2,1.66,1.61,1.71,1.58,-0.3091091757126851,1566.85
2020-02-10,17.77,116.5701,109.759,6.98625,3352.09,15.04,53.39,49.59,148.17,5793599.0,1.56,-0.1,-0.24,1.66,1.62,1.7,1.58,-0.3063906331358531,1572.05
2020-02-11,17.65,116.3572,109.789,6.97755,3357.75,15.18,54.0,50.0,147.66,5179392.0,1.59,-0.06,-0.2,1.65,1.6,1.7,1.58,-0.1353341289674546,1572.19
2020-02-12,17.49,116.2777,110.083,6.97528,3379.45,13.74,55.54,51.13,147.54,5040584.0,1.62,-0.04,-0.19,1.66,1.64,1.68,1.58,-0.0305867241707987,1568.07
2020-02-13,17.65,116.398,109.819,6.98426,3373.94,14.15,56.34,51.41,148.38,7082098.0,1.61,-0.06,-0.22,1.67,1.65,1.69,1.58,0.0075312096065849,1566.04
2020-02-14,17.7295,116.42,109.782,6.9852,3380.16,13.68,57.37,52.03,149.0,5345393.0,1.59,-0.07,-0.22,1.66,1.64,1.68,1.58,-0.09059107365298,1576.17
2020-02-18,18.17,116.6016,109.867,7.00915,3370.29,14.83,57.35,52.1,150.91,11527580.0,1.55,-0.1,-0.25,1.65,1.64,1.66,1.59,0.0188082190112002,1584.33
2020-02-19,18.435,116.7802,111.247,6.99577,3386.15,14.38,59.72,53.31,151.79,9269784.0,1.56,-0.09,-0.24,1.65,1.65,1.65,1.59,-0.0558327321530781,1601.68
2020-02-20,18.367,117.2434,112.05,7.02964,3373.23,15.56,59.57,53.77,152.41,8457348.0,1.52,-0.11,-0.26,1.63,1.63,1.63,1.59,-0.3030624679847389,1612.29
2020-02-21,18.5,117.0456,111.601,7.04539,3337.75,17.08,58.6,53.36,154.7,16353292.0,1.46,-0.15,-0.3,1.61,1.6,1.62,1.58,0.0772541541655944,1620.57
2020-02-24,18.64,117.401,110.679,7.03689,3225.89,25.03,56.71,51.36,156.09,27170954.0,1.38,-0.21,-0.36,1.59,1.57,1.61,1.58,0.2762118674208101,1654.84
2020-02-25,18.0,117.2417,110.208,7.02825,3128.21,27.85,55.29,49.78,153.3,28091497.0,1.33,-0.2,-0.36,1.53,1.52,1.54,1.58,0.2661881871497982,1659.35
2020-02-26,17.92,117.4048,110.424,7.02936,3116.39,27.56,54.96,48.67,153.97,17983155.0,1.33,-0.21,-0.36,1.54,1.5,1.58,1.58,0.4265310102018932,1634.97
2020-02-27,17.7775,117.3686,109.541,7.01377,2978.76,39.16,52.19,47.17,154.0,27878524.0,1.3,-0.23,-0.37,1.53,1.48,1.58,1.58,0.8784444912651205,1640.81
2020-02-28,16.62,117.6573,107.913,6.98955,2954.22,40.11,51.31,44.83,148.38,42707124.0,1.13,-0.28,-0.44,1.41,1.33,1.49,1.58,0.35633116963559,1644.275
2020-03-02,16.73,116.8148,108.284,6.96782,3090.23,33.42,52.52,46.78,149.2,16295360.0,1.1,-0.31,-0.44,1.41,1.32,1.5,1.59,0.7074965550705918,1592.13
2020-03-03,17.22,116.4958,107.155,6.97997,3003.37,36.82,52.24,47.27,153.89,28687689.0,1.02,-0.43,-0.57,1.45,1.34,1.56,1.59,1.7888054276653584,1587.07
2020-03-04,17.22,116.7799,107.544,6.92854,3130.12,31.99,51.86,46.78,154.16,12315472.0,1.02,-0.44,-0.59,1.46,1.34,1.58,1.09,1.305104758473999,1640.18
2020-03-05,17.44,116.7913,106.189,6.93555,3023.94,39.62,51.29,45.9,157.49,17973475.0,0.92,-0.48,-0.61,1.4,1.28,1.52,1.09,1.6291421822498346,1639.46
2020-03-06,17.33,116.7132,105.475,6.93111,2972.37,41.94,45.6,41.14,157.55,26973448.0,0.74,-0.57,-0.56,1.31,1.14,1.48,1.09,-0.1024886731194864,1672.58
2020-03-09,17.025,117.1927,102.439,6.94553,2746.56,54.46,35.33,31.05,157.81,24868674.0,0.54,-0.45,-0.34,0.99,0.8,1.18,1.09,-0.0564904186449435,1698.35
2020-03-10,16.8925,117.9082,105.0995,6.95227,2882.23,47.3,35.57,34.47,154.48,18811547.0,0.76,-0.24,-0.14,1.0,0.77,1.23,1.09,-2.735920727035844,1671.53
2020-03-11,16.7705,118.2564,104.732,6.95664,2741.38,53.9,34.45,33.13,153.93,18353302.0,0.82,-0.14,-0.03,0.96,0.69,1.23,1.09,-3.231048645754872,1653.22
2020-03-12,15.8485,120.4945,104.792,7.00519,2480.64,75.47,31.02,31.56,147.79,32893430.0,0.88,-0.04,0.03,0.92,0.63,1.21,1.1,-4.853402812941393,1638.94
2020-03-13,14.7,120.4439,107.609,6.99296,2711.02,57.83,32.25,31.72,143.28,35177244.0,0.94,0.04,0.17,0.9,0.53,1.27,1.1,-5.337920444435985,1577.09
2020-03-16,12.8155,120.9417,106.271,7.01817,2386.13,82.69,27.98,28.96,141.64,24495962.0,0.73,0.0,0.19,0.73,0.3,1.16,0.25,-4.0517114733506165,1546.77
2020-03-17,12.6545,122.4875,107.256,7.03653,2529.19,75.91,27.97,26.96,143.56,24490276.0,1.02,0.39,0.5,0.63,0.16,1.1,0.25,-4.985922179520736,1508.19
2020-03-18,11.9545,124.1693,108.011,7.04801,2398.1,76.45,22.79,20.48,140.7,21953448.0,1.18,0.55,0.63,0.63,0.16,1.1,0.25,-5.28297234727143,1532.86
2020-03-19,12.1165,125.0662,110.861,7.13982,2409.39,72.0,23.98,25.09,138.04,20828884.0,1.12,0.62,0.52,0.5,0.14,0.86,0.2,-4.659029195938893,1485.0
2020-03-20,12.6,124.9425,110.766,7.10094,2304.92,66.04,25.55,19.48,140.11,20056048.0,0.92,0.17,0.21,0.75,0.31,1.19,0.15,-2.1136124816951667,1467.94
2020-03-23,13.2735,126.1342,110.985,7.14163,2237.4,61.59,23.75,23.33,146.3,28275212.0,0.76,-0.04,0.01,0.8,0.37,1.23,0.15,-1.5050579975293168,1489.05
2020-03-24,14.414,125.5092,111.202,7.07842,2447.33,61.67,24.5,21.03,153.4,20743472.0,0.84,-0.13,-0.03,0.97,0.55,1.39,0.12,1.3385743031382824,1564.79
2020-03-25,14.5135,124.7995,111.015,7.11426,2475.56,63.95,25.62,20.75,151.3,16457183.0,0.88,-0.19,-0.13,1.07,0.69,1.45,0.1,2.845886311019354,1632.12
2020-03-26,14.3965,122.4384,109.333,7.10963,2630.07,61.0,23.55,16.6,153.24,12778236.0,0.83,-0.24,-0.21,1.07,0.72,1.42,0.1,4.186157167896264,1611.37
2020-03-27,14.5025,122.4097,107.968,7.1085,2541.47,65.54,22.39,15.48,152.25,9824572.0,0.72,-0.22,-0.13,0.94,0.54,1.34,0.1,2.2504910480518983,1629.26
2020-03-30,14.05,123.2997,107.846,7.10716,2626.65,57.08,19.19,14.1,152.92,12080881.0,0.7,-0.25,-0.18,0.95,0.57,1.33,0.09,1.671900672955724,1620.75
2020-03-31,13.978,122.5394,107.526,7.10832,2584.59,53.54,14.85,20.51,148.05,13319495.0,0.7,-0.17,-0.12,0.87,0.49,1.25,0.08,0.8374818087217291,1623.38
2020-04-01,13.96,123.8033,107.134,7.10794,2470.5,57.06,14.97,20.28,149.45,11827400.0,0.62,-0.29,-0.19,0.91,0.56,1.26,0.06,0.3702797962049413,1576.59
2020-04-02,14.49,123.5994,107.859,7.11805,2526.9,50.91,20.24,25.18,151.9,9188303.0,0.63,-0.4,-0.34,1.03,0.73,1.33,0.05,0.0239369158074614,1590.73
2020-04-03,14.4,124.4237,108.419,7.11394,2488.65,46.8,24.33,28.36,152.65,8469099.0,0.62,-0.46,-0.39,1.08,0.78,1.38,0.05,0.1613577389594304,1615.89
2020-04-06,15.02,124.1692,109.219,7.10736,2663.68,45.24,22.58,26.21,156.88,14739272.0,0.67,-0.47,-0.41,1.14,0.85,1.43,0.05,0.5437395449451542,1617.65
2020-04-07,15.0175,123.1038,108.771,7.06871,2659.41,46.7,22.1,23.54,156.04,9195370.0,0.75,-0.42,-0.38,1.17,0.86,1.48,0.05,0.8881591875165412,1663.92
2020-04-08,14.97,123.2299,108.849,7.07709,2749.98,43.35,25.22,24.97,154.65,7600804.0,0.77,-0.42,-0.4,1.19,0.87,1.51,0.05,0.767653737957191,1648.92
2020-04-09,15.44,122.4834,108.493,7.06841,2789.82,41.67,20.23,22.9,158.69,18123039.0,0.73,-0.5,-0.49,1.23,0.9,1.56,0.05,0.7751212390560811,1645.8
2020-04-14,15.75,122.1204,107.138,7.06164,2846.06,37.76,21.74,20.15,162.68,17095086.0,0.76,-0.53,-0.52,1.29,0.94,1.64,0.05,0.6525838794392024,1711.84
2020-04-15,15.45,123.084,107.405,7.0668,2783.36,40.84,19.8,19.96,161.85,12141890.0,0.63,-0.56,-0.53,1.19,0.87,1.51,0.05,0.4272500848192061,1727.59
2020-04-16,15.49,123.4698,108.039,7.08012,2799.55,40.11,18.69,19.82,161.71,9233164.0,0.61,-0.42,-0.35,1.03,0.7,1.36,0.05,-0.7901908553254621,1717.84
2020-04-17,15.17,122.8791,107.582,7.08095,2874.56,38.15,19.75,18.31,158.57,14652737.0,0.65,-0.36,-0.31,1.01,0.67,1.35,0.05,-1.1257403252645015,1717.64
2020-04-20,15.312,123.1121,107.642,7.07712,2823.16,43.83,17.36,-36.98,159.7,10688689.0,0.63,-0.31,-0.21,0.94,0.56,1.32,0.05,-1.075947103191627,1682.59
2020-04-21,14.89,123.9207,107.74,7.10254,2736.56,45.41,9.12,8.91,158.61,12478080.0,0.58,-0.38,-0.24,0.96,0.58,1.34,0.05,-1.2523417476445051,1696.475
2020-04-22,15.09,123.9354,107.745,7.09752,2799.31,41.98,13.77,13.64,161.73,12937093.0,0.63,-0.43,-0.32,1.06,0.69,1.43,0.05,-0.7627079952248025,1688.49
2020-04-23,15.24,123.7645,107.606,7.09224,2797.8,41.38,15.06,15.06,163.34,14928503.0,0.61,-0.44,-0.3,1.05,0.67,1.43,0.04,0.0160223999732387,1713.94
2020-04-24,15.24,124.172,107.405,7.09034,2836.74,35.93,15.87,15.99,162.64,11203587.0,0.6,-0.51,-0.36,1.11,0.72,1.5,0.05,0.1623254013137671,1730.53
2020-04-27,15.2145,123.8954,107.2595,7.08639,2878.48,33.29,15.17,12.17,161.56,9033533.0,0.67,-0.5,-0.37,1.17,0.78,1.56,0.04,0.467311979679103,1728.52
2020-04-28,15.17,123.3794,106.858,7.08105,2863.39,33.57,15.6,12.4,160.84,10382975.0,0.62,-0.52,-0.39,1.14,0.76,1.52,0.04,0.6290752115692678,1713.255
2020-04-29,15.29,122.7877,106.634,7.08151,2939.51,31.23,17.86,15.04,161.73,12232348.0,0.63,-0.51,-0.42,1.14,0.78,1.5,0.04,0.5155169545193126,1708.59
2020-04-30,14.961,122.3375,107.1625,7.05734,2912.43,34.15,18.11,19.23,158.8,13633483.0,0.64,-0.43,-0.36,1.07,0.72,1.42,0.05,0.3064184959736654,1714.05
2020-05-01,14.95,123.1615,106.851,7.12495,2830.71,37.19,18.49,19.72,159.78,10914334.0,0.64,-0.42,-0.32,1.06,0.68,1.44,0.05,-0.0278902131083758,1686.93
2020-05-04,14.79,123.2224,106.762,7.12614,2842.74,35.97,20.4,20.47,160.34,7986191.0,0.64,-0.43,-0.33,1.07,0.69,1.45,0.05,-0.0994127997138495,1701.92
2020-05-05,14.96,122.8117,106.561,7.12189,2868.44,33.61,25.46,24.56,161.02,10563066.0,0.66,-0.44,-0.35,1.1,0.71,1.49,0.05,-0.1279633921151577,1701.07
2020-05-06,14.85,123.6188,106.086,7.11935,2848.42,34.12,24.2,23.88,158.95,13351959.0,0.72,-0.38,-0.34,1.1,0.71,1.49,0.05,-0.634707795055349,1706.04
2020-05-07,15.34,123.1339,106.303,7.10928,2881.19,31.44,24.23,23.68,161.39,13696493.0,0.63,-0.45,-0.41,1.08,0.7,1.46,0.05,-0.2016805313188669,1683.73
2020-05-11,15.49,123.2423,107.653,7.10024,2930.19,27.57,25.53,24.02,159.42,11209822.0,0.73,-0.4,-0.39,1.13,0.75,1.51,0.05,-0.1550301491605266,1702.03
2020-05-12,15.45,123.0694,107.195,7.10107,2870.12,33.04,26.67,25.76,160.04,10405991.0,0.69,-0.4,-0.38,1.09,0.72,1.46,0.05,-0.2128988672846907,1697.26
2020-05-13,15.57,123.5512,107.063,7.10682,2820.0,35.28,27.89,25.37,161.58,10950397.0,0.64,-0.43,-0.4,1.07,0.71,1.43,0.05,0.1529107125839542,1702.26
2020-05-14,15.87,123.6524,107.227,7.10924,2852.5,32.61,29.87,27.4,163.01,17084368.0,0.63,-0.43,-0.4,1.06,0.71,1.41,0.05,-0.2094916442591834,1716.515
2020-05-15,16.62,123.608,107.22,7.11885,2863.7,31.89,30.95,29.44,163.93,13918816.0,0.64,-0.45,-0.44,1.09,0.75,1.43,0.05,-0.2100058075789084,1730.43
2020-05-18,16.979,122.8055,107.31,7.14023,2953.91,29.3,33.3,31.83,162.69,14137907.0,0.73,-0.44,-0.46,1.17,0.84,1.5,0.05,0.3237197970011713,1746.2
2020-05-19,17.347,122.5744,107.742,7.12163,2922.94,30.53,33.06,32.3,164.26,8531719.0,0.7,-0.45,-0.47,1.15,0.82,1.48,0.05,0.3275586096876036,1732.54
2020-05-20,17.55,122.1093,107.56,7.11517,2971.61,27.99,34.76,33.56,164.65,10666071.0,0.68,-0.48,-0.49,1.16,0.83,1.49,0.05,0.5589216697316223,1745.91
2020-05-21,17.11,122.099,107.663,7.11414,2948.51,29.53,34.78,34.3,162.25,11790992.0,0.68,-0.46,-0.46,1.14,0.81,1.47,0.05,0.5767874622738868,1747.92
2020-05-22,17.18,122.3278,107.6,7.15703,2955.45,28.16,33.8,33.49,163.21,8540909.0,0.66,-0.46,-0.46,1.12,0.8,1.44,0.05,0.370351081511767,1727.32
2020-05-26,17.131,121.3933,107.543,7.14394,2991.77,28.01,33.95,34.7,160.89,13972012.0,0.69,-0.44,-0.47,1.13,0.82,1.44,0.05,0.2442853416846345,1728.84
2020-05-27,17.24,121.5741,107.722,7.16655,3036.13,27.62,32.73,32.8,161.18,13063451.0,0.68,-0.46,-0.48,1.14,0.82,1.46,0.05,0.0601499783426213,1710.75
2020-05-28,17.37,121.0207,107.63,7.17603,3029.73,28.59,33.98,33.67,161.72,9761610.0,0.7,-0.48,-0.52,1.18,0.86,1.5,0.05,0.389283682216109,1711.29
2020-05-29,17.86,120.953,107.838,7.16035,3044.31,27.51,34.15,35.57,162.91,12584009.0,0.65,-0.5,-0.53,1.15,0.83,1.47,0.05,0.5232848416342938,1719.05
2020-06-01,18.31,120.2753,107.656,7.14586,3055.73,28.23,36.74,35.49,163.66,8155048.0,0.66,-0.52,-0.53,1.18,0.84,1.52,0.05,0.688512142653808,1736.49
2020-06-02,18.07,119.692,108.644,7.10745,3080.82,26.84,37.72,36.88,162.6,10388908.0,0.68,-0.5,-0.52,1.18,0.84,1.52,0.06,0.6868981626211734,1738.97
2020-06-03,17.65,119.2625,108.909,7.10818,3122.87,25.66,37.98,37.33,159.6,17000510.0,0.77,-0.44,-0.5,1.21,0.88,1.54,0.06,0.6229715271321619,1727.8
2020-06-04,17.71,119.3094,109.116,7.12525,3112.35,25.81,38.41,37.42,161.28,10094024.0,0.82,-0.4,-0.48,1.22,0.88,1.56,0.06,0.2281055551788708,1700.42
2020-06-05,17.4,118.8202,109.662,7.09212,3193.93,24.52,41.0,39.49,158.01,16021182.0,0.91,-0.36,-0.48,1.27,0.95,1.59,0.07,0.2473447817264045,1715.26
2020-06-08,17.77,118.6687,108.424,7.06867,3232.39,25.81,39.66,38.17,159.72,9244440.0,0.88,-0.4,-0.53,1.28,0.98,1.58,0.07,0.1514744594077088,1684.24
2020-06-09,17.52,118.5967,107.724,7.08723,3207.18,27.57,40.45,38.98,161.26,9045618.0,0.84,-0.42,-0.58,1.26,0.98,1.54,0.07,0.1579869510354269,1698.16
2020-06-10,18.11,118.5307,107.116,7.06342,3190.14,27.57,41.18,39.54,163.57,13009343.0,0.75,-0.52,-0.67,1.27,1.0,1.54,0.08,0.5358006613375851,1713.9
2020-06-11,17.635,119.2435,106.819,7.06406,3002.1,40.79,37.76,36.43,162.39,11673902.0,0.66,-0.55,-0.63,1.21,0.95,1.47,0.08,0.6536518853943597,1737.94
2020-06-12,17.5,119.6719,107.374,7.07142,3041.31,36.09,38.54,36.24,162.62,6895361.0,0.71,-0.5,-0.62,1.21,0.95,1.47,0.08,0.2743428862361807,1727.795
2020-06-15,17.38,119.9622,107.342,7.09235,3066.59,34.4,39.44,37.07,162.33,8538826.0,0.71,-0.52,-0.65,1.23,0.98,1.48,0.09,0.0548025408150164,1733.4
2020-06-16,17.46,119.5744,107.318,7.06901,3124.74,33.67,40.75,38.26,162.25,7969781.0,0.75,-0.52,-0.68,1.27,1.02,1.52,0.09,0.1066574403860533,1725.15
2020-06-17,17.5,119.918,107.011,7.08397,3113.49,33.47,40.47,37.91,162.56,4758210.0,0.74,-0.52,-0.67,1.26,1.01,1.51,0.09,-0.3330684826073745,1726.26
2020-06-18,17.39,120.2252,106.962,7.07278,3115.34,32.94,41.75,38.79,162.24,5397628.0,0.71,-0.57,-0.78,1.28,1.12,1.44,0.09,-0.2546047942905427,1726.33
2020-06-19,17.66,120.226,106.804,7.07132,3097.74,35.12,42.33,39.72,164.03,12187390.0,0.7,-0.6,-0.73,1.3,1.06,1.54,0.09,0.210617641518013,1722.2
2020-06-22,17.71,119.7613,106.917,7.07166,3117.86,31.77,43.2,40.6,165.09,12385635.0,0.71,-0.63,-0.77,1.34,1.11,1.57,0.08,0.4475085963301505,1750.03
2020-06-23,17.95,119.3372,106.49,7.06298,3131.29,31.37,42.72,40.4,166.48,12137343.0,0.72,-0.66,-0.81,1.38,1.14,1.62,0.08,0.5498156313626121,1754.85
2020-06-24,17.5,119.9834,107.034,7.06309,3050.33,33.84,40.4,37.91,165.9,10901444.0,0.69,-0.64,-0.77,1.33,1.1,1.56,0.08,0.3974177584807605,1768.13
2020-06-25,17.8,120.3089,107.184,7.08225,3083.76,32.22,41.18,38.66,165.8,7093774.0,0.68,-0.65,-0.79,1.33,1.11,1.55,0.08,0.235697842031407,1761.38
2020-06-26,17.83,120.5425,107.193,7.0866,3009.05,34.73,40.97,38.53,166.54,9753492.0,0.64,-0.68,-0.81,1.32,1.11,1.53,0.08,0.1434523882330312,1765.32
2020-06-29,17.86,120.6757,107.576,7.07365,3053.24,31.78,41.58,39.67,166.63,6735695.0,0.64,-0.7,-0.86,1.34,1.14,1.54,0.08,-0.0688994429806702,1775.68
2020-06-30,18.2,120.4746,107.963,7.07802,3100.29,30.43,41.64,39.27,167.37,12762295.0,0.66,-0.68,-0.87,1.34,1.16,1.52,0.08,-0.3356387475724804,1772.85
2020-07-01,18.01,120.0902,107.459,7.06567,3115.86,28.62,42.18,39.88,166.62,13214759.0,0.69,-0.68,-0.86,1.37,1.17,1.57,0.08,0.0376913775367513,1782.69
2020-07-02,17.96,119.8648,107.527,7.06968,3130.01,27.68,43.19,40.57,166.98,8753455.0,0.68,-0.73,-0.92,1.41,1.21,1.61,0.09,0.3604230263255591,1769.51
2020-07-06,18.27,119.2941,107.374,7.02925,3179.72,27.94,42.73,40.51,167.98,7265701.0,0.69,-0.76,-0.97,1.45,1.28,1.62,0.09,0.5971132544544591,1776.455
2020-07-07,18.27,119.5814,107.555,7.02205,3145.32,29.43,43.28,40.59,169.04,11633122.0,0.65,-0.78,-0.97,1.43,1.26,1.6,0.09,0.5992644452636591,1784.8
2020-07-08,18.71,119.5625,107.265,7.01955,3169.94,28.08,43.67,40.91,170.09,11662726.0,0.67,-0.75,-0.95,1.42,1.25,1.59,0.09,0.3686458716060717,1795.56
2020-07-09,18.64,119.5221,107.222,6.98474,3152.05,29.26,42.35,39.64,169.63,13327389.0,0.62,-0.77,-0.94,1.39,1.22,1.56,0.09,0.1840703165951972,1809.61
2020-07-10,18.72,119.3601,106.942,7.00496,3185.04,27.29,43.27,40.56,169.19,8218013.0,0.65,-0.76,-0.95,1.41,1.25,1.57,0.09,0.0828729840583635,1802.42
2020-07-13,19.08,119.1984,107.267,7.00209,3155.22,32.19,42.85,40.06,169.4,11095948.0,0.64,-0.78,-0.97,1.42,1.27,1.57,0.09,0.0826663437889178,1798.98
2020-07-14,19.21,119.3999,107.248,7.01863,3197.52,29.52,42.97,40.3,170.19,9812736.0,0.63,-0.78,-0.99,1.41,1.27,1.55,0.09,-0.005395237069621,1803.11
2020-07-15,19.41,119.0423,106.951,6.9909,3226.56,27.76,43.96,41.2,170.34,7533752.0,0.64,-0.77,-1.0,1.41,1.28,1.54,0.1,0.1529518914459627,1808.71
2020-07-16,19.17,118.9368,107.263,6.99801,3215.57,28.0,43.71,40.74,168.73,10242371.0,0.62,-0.79,-1.02,1.41,1.3,1.52,0.1,0.1883211209111743,1810.38
2020-07-17,19.33,119.134,106.944,6.9982,3224.73,25.68,43.53,40.55,170.12,10296037.0,0.64,-0.82,-1.06,1.46,1.35,1.57,0.09,0.2329698378193703,1797.74
2020-07-20,19.9,119.0588,107.253,6.98816,3251.84,24.46,43.3,40.83,170.94,10095548.0,0.62,-0.84,-1.08,1.46,1.37,1.55,0.1,0.0980691303977208,1809.11
2020-07-21,21.3,118.4145,106.794,6.98842,3257.3,24.84,44.31,41.76,173.0,12864620.0,0.61,-0.87,-1.13,1.48,1.4,1.56,0.1,0.5049157729972926,1818.24
2020-07-22,23.0,118.1446,107.145,7.00124,3276.02,24.32,43.98,41.88,175.63,18712467.0,0.6,-0.88,-1.13,1.48,1.4,1.56,0.09,0.5588137671997756,1841.55
2020-07-23,22.598,118.0724,106.8475,7.00499,3235.66,26.08,42.96,40.99,177.18,23006824.0,0.59,-0.9,-1.1,1.49,1.37,1.61,0.09,0.5870926356433165,1872.59
2020-07-24,22.7525,118.1445,105.9705,7.02128,3215.63,25.84,43.29,41.23,178.7,15601327.0,0.59,-0.92,-1.08,1.51,1.35,1.67,0.09,0.592764744665819,1887.39
2020-07-27,24.6,117.3982,105.395,7.00668,3239.41,24.74,43.39,41.46,182.23,21115604.0,0.62,-0.9,-1.08,1.52,1.38,1.66,0.1,0.6702723172154837,1901.81
2020-07-28,24.42,117.3301,105.071,7.00567,3218.44,25.44,43.11,40.89,183.75,21164633.0,0.59,-0.92,-1.1,1.51,1.36,1.66,0.1,0.4513242221179442,1942.45
2020-07-29,24.31,117.2242,104.939,6.99734,3258.44,24.1,43.51,41.13,185.13,25640100.0,0.58,-0.95,-1.13,1.53,1.38,1.68,0.1,0.4698250401984399,1957.28
2020-07-30,23.5,117.4133,104.79,7.00834,3246.22,24.76,42.98,39.85,183.76,18061227.0,0.55,-0.97,-1.14,1.52,1.37,1.67,0.1,0.3515838198974317,1970.99
2020-07-31,24.32,117.2208,105.833,6.97874,3271.12,24.46,43.13,40.1,185.43,15885010.0,0.55,-1.0,-1.19,1.55,1.4,1.7,0.1,0.4624720644497667,1957.4
2020-08-03,24.33,117.8199,106.006,6.98597,3294.61,24.28,43.76,40.83,185.64,12896999.0,0.56,-1.02,-1.24,1.58,1.46,1.7,0.1,0.1583079426297529,1979.6
2020-08-04,26.01,117.7962,105.722,6.98542,3306.51,23.76,43.99,41.67,189.59,20773210.0,0.52,-1.05,-1.26,1.57,1.45,1.69,0.1,0.1176042755577077,1977.11
2020-08-05,26.959,116.8865,105.6025,6.94168,3327.77,22.99,44.92,42.25,191.35,27193718.0,0.55,-1.06,-1.3,1.61,1.52,1.7,0.1,0.4196091052660542,2019.35
2020-08-06,28.92,117.055,105.514,6.94467,3349.16,22.65,45.04,41.93,193.89,20640119.0,0.55,-1.08,-1.32,1.63,1.53,1.73,0.1,0.2753637859191592,2040.645
2020-08-07,28.09,117.6365,105.954,6.95781,3351.28,22.21,44.07,41.16,190.81,24570160.0,0.57,-1.04,-1.27,1.61,1.5,1.72,0.1,-0.0102281137514358,2065.72
2020-08-10,29.13,117.5946,105.939,6.96971,3360.47,22.13,44.19,41.94,190.15,19047223.0,0.59,-1.02,-1.25,1.61,1.49,1.73,0.1,-0.0090314545346701,2033.15
2020-08-11,24.803,117.3902,106.5235,6.9413,3333.69,24.03,43.68,41.53,179.94,45354997.0,0.64,-0.99,-1.23,1.63,1.5,1.76,0.1,-0.0581563559857897,2028.33
2020-08-12,25.513,117.2679,106.873,6.94355,3380.35,22.28,45.09,42.6,179.1,28779419.0,0.69,-0.98,-1.26,1.67,1.56,1.78,0.1,-0.360437096177653,1911.93
2020-08-13,27.6,117.1313,106.938,6.9436,3373.43,22.13,44.87,42.26,183.33,18596773.0,0.71,-0.96,-1.24,1.67,1.56,1.78,0.1,-0.4123575389597079,1915.15
2020-08-14,26.4,116.9512,106.592,6.95135,3372.85,22.05,44.86,42.05,182.54,11791981.0,0.71,-0.94,-1.24,1.65,1.53,1.77,0.1,-0.1306981677279202,1953.25
2020-08-17,27.39,116.7609,106.04,6.9357,3381.99,21.35,44.91,42.89,186.5,15709818.0,0.69,-0.97,-1.25,1.66,1.54,1.78,0.1,0.0580022347296052,1947.1
2020-08-18,27.67,116.5722,105.42,6.91939,3389.78,21.51,45.34,42.89,188.18,16291627.0,0.67,-1.01,-1.28,1.68,1.55,1.81,0.09,0.2278245825410902,1985.2
2020-08-19,26.7,116.5789,106.057,6.90232,3374.85,22.54,45.21,42.91,182.24,24646942.0,0.68,-0.99,-1.26,1.67,1.55,1.79,0.09,0.1646276270541876,2002.66
2020-08-20,27.24,116.8243,105.803,6.91787,3385.51,22.72,44.56,42.62,183.5,16692201.0,0.65,-0.97,-1.22,1.62,1.48,1.76,0.09,0.0089419383951565,1929.5
2020-08-21,26.72,117.0682,105.823,6.9101,3397.16,22.54,43.94,42.32,182.03,12713741.0,0.64,-1.0,-1.25,1.64,1.52,1.76,0.09,0.0810049051552805,1947.37
2020-08-24,26.609,116.9238,105.981,6.90681,3431.28,22.37,44.43,42.44,181.0,11605788.0,0.65,-1.02,-1.29,1.67,1.57,1.77,0.09,0.0691583980116475,1941.74
2020-08-25,26.54,116.8324,106.398,6.90795,3443.62,22.03,46.01,43.17,181.22,10056066.0,0.69,-1.01,-1.3,1.7,1.6,1.8,0.09,-0.112371049973097,1928.575
2020-08-26,27.51,116.6358,106.012,6.8844,3478.73,23.27,45.79,43.21,183.36,12715762.0,0.69,-1.03,-1.35,1.72,1.63,1.81,0.09,0.1020763179255037,1931.33
2020-08-27,27.02,116.6614,106.545,6.8801,3484.55,24.47,44.84,42.88,181.24,16299207.0,0.74,-0.99,-1.34,1.73,1.65,1.81,0.08,0.186860014807341,1955.57
2020-08-28,27.51,115.9506,105.376,6.86036,3508.01,22.96,45.22,42.96,184.39,13200826.0,0.74,-1.03,-1.4,1.77,1.68,1.86,0.09,0.4812981779036667,1929.87
2020-09-01,28.11,115.5814,105.947,6.82558,3526.65,26.12,45.72,42.76,185.05,10689058.0,0.68,-1.08,-1.39,1.76,1.65,1.87,0.09,0.6323529977417767,1967.59
2020-09-02,27.447,116.0423,106.1735,6.82634,3580.84,26.57,42.7,42.76,182.62,11536946.0,0.66,-1.07,-1.35,1.73,1.61,1.85,0.09,0.2798750037150638,1969.84
2020-09-03,26.572,116.0799,106.157,6.83731,3455.06,33.6,42.72,41.39,181.14,12176904.0,0.63,-1.02,-1.29,1.65,1.53,1.77,0.09,0.2353948102068291,1942.885
2020-09-04,26.91,116.0457,106.229,6.84065,3426.96,30.75,41.1,39.69,181.64,11567864.0,0.72,-0.98,-1.27,1.7,1.57,1.83,0.09,-0.2034333342453766,1931.63
2020-09-08,26.66,116.4725,105.952,6.83979,3331.84,31.46,38.53,36.87,181.29,13229196.0,0.69,-0.99,-1.27,1.68,1.55,1.81,0.09,-0.6090764817246344,1929.81
2020-09-09,26.98,116.1396,106.197,6.84731,3398.96,28.81,39.98,38.05,183.05,8424118.0,0.71,-1.0,-1.29,1.71,1.57,1.85,0.09,-0.3076609242301599,1932.05
2020-09-10,26.88,115.8906,106.15,6.84037,3339.19,29.71,39.27,37.25,182.46,9143612.0,0.68,-1.01,-1.28,1.69,1.54,1.84,0.09,-0.0757541011631111,1946.16
2020-09-11,26.7755,116.0963,106.0845,6.83482,3340.97,26.87,38.8,37.33,182.45,7662287.0,0.67,-0.98,-1.27,1.65,1.53,1.77,0.09,-0.2176126885477009,1945.25
2020-09-14,27.11,115.6523,105.714,6.82414,3383.54,25.85,38.57,37.23,183.89,9709501.0,0.68,-0.97,-1.27,1.65,1.54,1.76,0.09,0.0533274187203601,1940.06
2020-09-15,27.14,115.5996,105.431,6.77638,3401.2,25.59,39.54,38.29,183.45,7993693.0,0.68,-0.99,-1.27,1.67,1.54,1.8,0.09,0.0534856127447693,1957.67
2020-09-16,27.165,115.3623,104.952,6.75587,3385.49,26.04,41.23,40.17,183.97,12717630.0,0.69,-0.99,-1.29,1.68,1.57,1.79,0.09,0.0258494869663588,1953.74
2020-09-17,27.02,115.4476,104.77,6.76794,3357.01,26.46,42.35,40.99,182.96,8836188.0,0.69,-0.97,-1.29,1.66,1.57,1.75,0.09,-0.1665880779127841,1959.45
2020-09-18,26.81,115.248,104.593,6.75415,3319.47,25.83,42.16,41.09,183.2,9959667.0,0.7,-0.97,-1.29,1.67,1.58,1.76,0.09,0.1320209307363083,1942.64
2020-09-21,24.73,116.3873,104.677,6.78071,3281.06,27.78,40.37,39.26,179.52,17436121.0,0.68,-0.94,-1.23,1.62,1.5,1.74,0.09,-0.3785460784926251,1949.69
2020-09-22,24.38,116.5529,104.936,6.78589,3315.57,26.86,40.84,39.55,178.65,7977916.0,0.68,-0.94,-1.23,1.62,1.5,1.74,0.09,-0.533490273724051,1912.77
2020-09-23,22.775,117.2631,105.346,6.79173,3236.92,28.58,41.09,39.92,174.79,18134030.0,0.68,-0.92,-1.2,1.6,1.48,1.72,0.09,-0.8692890061672505,1900.17
2020-09-24,23.14,117.5578,105.415,6.83754,3246.59,28.51,41.24,40.11,175.44,11759192.0,0.67,-0.91,-1.18,1.58,1.45,1.71,0.09,-0.899572544272836,1863.11
2020-09-25,22.9,117.8786,105.611,6.83415,3298.46,26.38,40.91,40.06,174.94,6779192.0,0.66,-0.92,-1.17,1.58,1.43,1.73,0.09,-1.0407124374769956,1868.41
2020-09-28,23.688,117.629,105.5185,6.82279,3351.6,26.19,41.59,40.47,176.7,7109746.0,0.67,-0.94,-1.22,1.61,1.48,1.74,0.09,-0.4514195726582208,1859.49
2020-09-29,24.1815,117.5379,105.656,6.82233,3335.47,26.27,40.33,39.03,178.19,8762004.0,0.66,-0.98,-1.25,1.64,1.49,1.79,0.09,-0.2047788885239159,1881.485
2020-09-30,23.23,116.957,105.439,6.81629,3363.0,26.37,40.3,40.05,177.12,8371844.0,0.69,-0.94,-1.22,1.63,1.5,1.76,0.09,0.070505814498199,1898.73
2020-10-01,23.79,116.7339,105.555,6.74418,3380.8,26.7,39.75,38.51,178.7,10402833.0,0.68,-0.95,-1.21,1.63,1.48,1.78,0.09,0.3039163056232836,1886.25
2020-10-02,23.7635,116.7424,105.3855,6.76261,3348.42,27.63,38.0,36.9,178.54,7488503.0,0.7,-0.94,-1.2,1.64,1.48,1.8,0.09,0.392061048808749,1905.63
2020-10-05,24.3615,116.187,105.733,6.73132,3408.6,27.96,39.78,39.12,179.41,6969605.0,0.78,-0.9,-1.19,1.68,1.52,1.84,0.09,0.3091830565372479,1902.67
2020-10-06,23.07,116.2781,105.629,6.72513,3360.97,29.48,41.27,40.52,177.3,8632761.0,0.76,-0.9,-1.19,1.66,1.51,1.81,0.09,0.1041037822266265,1913.135
2020-10-07,23.81,116.3548,106.0,6.73329,3419.44,28.06,40.62,39.82,177.22,6410899.0,0.81,-0.9,-1.19,1.71,1.54,1.88,0.09,0.0877587328838374,1879.08
2020-10-08,23.84,116.1753,106.024,6.73384,3446.83,26.36,42.0,41.04,177.85,6530845.0,0.78,-0.94,-1.23,1.72,1.56,1.88,0.09,0.1423226861855761,1887.74
2020-10-09,25.15,115.2843,105.607,6.69605,3477.14,25.0,41.63,40.44,181.08,15979775.0,0.79,-0.94,-1.22,1.73,1.56,1.9,0.09,0.3748345393488789,1894.21
2020-10-13,24.13,115.9193,105.497,6.7332,3511.93,26.07,41.34,40.03,177.72,8384295.0,0.74,-0.96,-1.21,1.7,1.52,1.88,0.09,0.1909338669875267,1922.71
2020-10-14,24.2625,115.6959,105.1165,6.73036,3488.67,26.4,41.81,40.86,178.27,9100896.0,0.73,-0.96,-1.22,1.69,1.52,1.86,0.09,0.2373008595956994,1892.08
2020-10-15,24.2795,116.1046,105.4155,6.72611,3483.34,26.97,41.61,40.84,178.92,6821291.0,0.74,-0.95,-1.2,1.69,1.52,1.86,0.09,-0.0486008982489924,1902.15
2020-10-16,24.14,115.7754,105.395,6.69828,3483.81,27.41,41.34,40.7,178.3,7262158.0,0.76,-0.95,-1.21,1.71,1.53,1.89,0.09,-0.1574516733299091,1908.965
2020-10-19,24.39,115.4109,105.438,6.68248,3426.92,29.18,41.29,40.69,178.39,6084398.0,0.78,-0.93,-1.19,1.71,1.53,1.89,0.09,0.0468463996783006,1899.86
2020-10-20,24.62,115.2558,105.473,6.67062,3443.12,29.35,41.62,41.37,179.25,7124678.0,0.81,-0.91,-1.19,1.72,1.53,1.91,0.09,0.0293839181820074,1904.35
2020-10-21,25.0425,114.9185,104.5645,6.64386,3435.56,28.65,40.09,39.88,180.6,7548086.0,0.83,-0.91,-1.2,1.74,1.56,1.92,0.09,0.0739545517727901,1908.94
2020-10-22,24.71,115.1234,104.855,6.67104,3453.49,28.11,41.28,40.46,178.83,8376974.0,0.87,-0.89,-1.3,1.76,1.68,1.84,0.09,0.0984658511113717,1924.3
2020-10-23,24.62,115.0198,104.707,6.65511,3465.39,27.55,40.71,39.73,178.64,5919276.0,0.85,-0.9,-1.29,1.75,1.66,1.84,0.09,0.0162444493660059,1904.22
2020-10-26,24.2915,115.2872,104.885,6.6954,3400.97,32.46,39.06,38.39,178.55,5105103.0,0.81,-0.91,-1.28,1.72,1.63,1.81,0.09,-0.0490699436938284,1893.52
2020-10-27,24.3715,115.0206,104.509,6.71217,3390.68,33.35,39.72,39.34,179.02,5826871.0,0.79,-0.92,-1.3,1.71,1.64,1.78,0.09,0.0624503435976947,1902.59
2020-10-28,23.3995,115.8099,104.302,6.71648,3271.03,40.28,37.86,37.27,176.13,11734083.0,0.79,-0.91,-1.27,1.7,1.61,1.79,0.09,-0.2082483588306617,1904.79
2020-10-29,23.2805,116.3138,104.623,6.71117,3310.11,37.59,36.56,35.94,175.4,8474453.0,0.85,-0.86,-1.23,1.71,1.61,1.81,0.09,-0.416012086461098,1877.98
2020-10-30,23.65,116.1417,104.672,6.68996,3269.96,38.02,36.33,35.64,176.2,7304589.0,0.88,-0.82,-1.21,1.7,1.59,1.81,0.09,-0.5356876108302052,1866.73
2020-11-02,24.1,116.2425,104.753,6.68863,3310.24,37.13,37.78,36.6,177.91,6498368.0,0.87,-0.84,-1.22,1.71,1.6,1.82,0.09,-0.6034879151887442,1877.11
2020-11-03,24.23,115.4864,104.606,6.6791,3369.16,35.55,38.17,37.44,178.92,7577196.0,0.9,-0.82,-1.23,1.72,1.62,1.82,0.09,-0.3023231007671578,1895.75
2020-11-04,23.9,115.1733,104.514,6.72902,3443.44,29.57,39.68,38.97,178.82,11117259.0,0.78,-0.86,-1.23,1.64,1.56,1.72,0.09,0.0447698548600774,1908.7
2020-11-05,25.37,114.4615,103.622,6.62445,3510.45,27.58,39.47,38.56,182.93,16102775.0,0.79,-0.87,-1.22,1.66,1.55,1.77,0.09,0.339601261768384,1903.1
2020-11-06,25.58,113.9977,103.298,6.61072,3509.44,24.86,38.08,36.97,183.19,10378266.0,0.83,-0.82,-1.18,1.65,1.54,1.76,0.09,0.135686258183566,1948.87
2020-11-09,24.1,114.0942,105.257,6.56193,3550.5,25.75,40.93,40.05,175.08,29800706.0,0.96,-0.77,-1.19,1.73,1.63,1.83,0.09,0.132436772488579,1954.4
2020-11-10,24.24,114.0802,105.261,6.59785,3545.53,24.8,42.25,41.18,175.66,11728459.0,0.98,-0.78,-1.23,1.76,1.69,1.83,0.09,0.0516006496806326,1864.76
2020-11-12,24.29,114.2889,105.129,6.61902,3537.01,25.35,42.16,40.9,175.96,7182263.0,0.88,-0.83,-1.23,1.71,1.63,1.79,0.09,-0.1402614780917203,1865.84
2020-11-13,24.63,114.2445,104.633,6.61195,3585.15,23.1,41.51,39.93,177.16,6470910.0,0.89,-0.83,-1.23,1.72,1.64,1.8,0.09,-0.0703052376479726,1876.89
2020-11-16,24.77,113.8356,104.585,6.57483,3626.91,22.45,42.71,41.14,177.15,8358474.0,0.91,-0.81,-1.23,1.72,1.64,1.8,0.09,0.0436862850376626,1889.82
2020-11-17,24.49,113.6864,104.193,6.55055,3609.53,22.71,42.54,41.24,176.5,8229142.0,0.87,-0.83,-1.24,1.7,1.63,1.77,0.09,0.080896168820418,1889.04
2020-11-18,24.34,113.4645,103.832,6.54847,3567.79,23.84,42.91,41.64,175.49,7384661.0,0.88,-0.82,-1.23,1.7,1.63,1.77,0.09,0.1140961043025932,1880.85
2020-11-19,24.049,113.6982,103.7835,6.58483,3581.87,23.11,43.09,41.57,175.16,6965056.0,0.86,-0.84,-1.23,1.7,1.62,1.78,0.08,0.0641504859188556,1872.91
2020-11-20,24.2,113.4932,103.822,6.57055,3557.54,23.7,43.79,41.99,175.69,6380936.0,0.83,-0.86,-1.23,1.69,1.61,1.77,0.08,0.2023793609952749,1866.175
2020-11-23,23.6,113.759,104.499,6.56136,3577.59,22.66,45.0,42.91,172.23,15510552.0,0.86,-0.85,-1.23,1.71,1.62,1.8,0.08,0.0651572826573234,1870.13
2020-11-24,23.27,113.4361,104.481,6.57292,3635.41,21.64,46.63,44.71,169.59,19503992.0,0.88,-0.86,-1.26,1.74,1.65,1.83,0.08,0.1085226196260836,1838.06
2020-11-25,23.3365,113.1871,104.4525,6.57164,3629.65,21.25,47.3,45.58,169.51,10286575.0,0.88,-0.87,-1.28,1.75,1.67,1.83,0.08,0.1582033069112175,1807.93
2020-11-30,22.63,113.2308,104.349,6.57025,3621.63,20.57,46.84,45.2,166.67,13209977.0,0.84,-0.93,-1.32,1.77,1.68,1.86,0.09,0.3350659302047757,1789.6
2020-12-01,24.0045,112.8122,104.321,6.56381,3662.45,20.77,47.03,44.54,170.18,13555209.0,0.92,-0.89,-1.3,1.81,1.72,1.9,0.09,0.2428523843453818,1777.15
2020-12-02,24.09,112.6174,104.428,6.5558,3669.01,21.17,47.8,45.23,171.46,9199741.0,0.95,-0.9,-1.34,1.85,1.76,1.94,0.09,0.2769207932426806,1815.325
2020-12-03,24.06,112.0293,103.864,6.54685,3666.72,21.28,48.37,45.65,172.81,10457274.0,0.92,-0.94,-1.38,1.86,1.78,1.94,0.09,0.4802145496444001,1830.57
2020-12-04,24.17,111.7826,104.173,6.5159,3699.12,20.79,49.1,46.23,172.32,10098639.0,0.97,-0.92,-1.41,1.89,1.83,1.95,0.09,0.476556690896902,1841.4
2020-12-07,24.49,111.8431,104.047,6.52975,3691.96,21.3,48.63,45.72,174.89,10552368.0,0.94,-0.94,-1.44,1.88,1.84,1.92,0.09,0.4579738006404621,1838.86
2020-12-08,24.55,111.8684,104.159,6.51612,3702.25,20.68,48.84,45.64,175.5,6341549.0,0.92,-0.97,-1.45,1.89,1.84,1.94,0.09,0.5010162732998504,1862.35
2020-12-09,23.96,112.0353,104.288,6.51369,3672.82,22.27,48.81,45.48,172.5,10736817.0,0.95,-0.96,-1.43,1.91,1.84,1.98,0.09,0.3433031667171959,1870.93
2020-12-10,23.99,111.9839,104.24,6.53358,3668.1,22.52,50.33,46.76,172.17,6564030.0,0.92,-0.96,-1.44,1.88,1.83,1.93,0.09,0.0334559900639123,1839.84
2020-12-11,23.96,112.1469,104.038,6.53603,3663.46,23.31,50.01,46.59,172.49,6084848.0,0.9,-0.97,-1.45,1.87,1.82,1.92,0.09,-0.0011088729324971,1837.38
2020-12-14,23.84,112.177,104.026,6.52172,3647.49,24.72,50.27,47.02,171.54,7644419.0,0.9,-0.98,-1.47,1.88,1.84,1.92,0.09,0.0155112061918069,1841.46
2020-12-15,24.5,111.866,103.685,6.53327,3694.62,22.89,50.77,47.58,173.94,6848629.0,0.92,-0.99,-1.49,1.91,1.86,1.96,0.09,0.0462255112150481,1827.79
2020-12-16,25.35,111.7215,103.449,6.50623,3701.17,22.5,50.83,47.86,174.9,8174737.0,0.92,-1.0,-1.53,1.92,1.9,1.94,0.09,0.1411662989375863,1853.49
2020-12-17,26.0675,111.2286,103.1125,6.50783,3722.48,21.93,51.2,48.34,176.74,9475790.0,0.94,-1.0,-1.52,1.94,1.9,1.98,0.09,0.2989291315421192,1864.49
2020-12-18,25.7725,111.6136,103.3175,6.52178,3709.41,21.57,52.17,49.04,176.44,6789888.0,0.95,-1.0,-1.53,1.95,1.92,1.98,0.09,0.2031501654298728,1885.88
2020-12-21,26.17,111.9477,103.341,6.54695,3694.92,25.16,50.61,47.79,175.88,8168924.0,0.95,-1.0,-1.51,1.95,1.9,2.0,0.09,0.1208168942333733,1884.24
2020-12-22,25.19,112.201,103.624,6.53644,3687.26,24.23,49.88,47.02,174.49,9447403.0,0.93,-1.01,-1.55,1.94,1.92,1.96,0.09,-0.0594244533581779,1877.39
2020-12-23,25.56,111.9873,103.544,6.52473,3690.01,23.31,51.05,47.94,175.65,6542767.0,0.96,-1.01,-1.55,1.97,1.93,2.01,0.09,-0.0611210016724419,1861.01
2020-12-28,26.26,111.9821,103.776,6.52807,3735.36,21.7,50.88,47.5,175.71,7778685.0,0.94,-1.03,-1.54,1.97,1.92,2.02,0.09,-0.0535831745252038,1883.2
2020-12-29,26.21,111.524,103.554,6.51684,3727.04,23.08,50.44,47.85,176.35,5983741.0,0.94,-1.02,-1.53,1.96,1.9,2.02,0.09,0.1253784057041738,1873.15
2020-12-30,26.68,111.3156,103.215,6.5111,3732.04,22.77,50.74,48.24,177.7,5914039.0,0.93,-1.03,-1.55,1.96,1.92,2.0,0.09,0.1334198927472567,1878.27
2020-12-31,26.389,111.324,103.2885,6.50958,3756.07,22.75,51.22,48.35,178.36,7540757.0,0.93,-1.06,-1.59,1.99,1.95,2.03,0.09,0.2587599414475057,1894.32
2021-01-04,27.24,111.2143,103.127,6.44632,3700.65,26.97,50.37,47.47,182.33,14331436.0,0.93,-1.08,-1.62,2.01,1.98,2.04,0.09,0.4136328413351192,1903.49
2021-01-05,27.58,110.9649,102.718,6.44333,3726.86,25.34,53.16,49.78,182.87,12718753.0,0.96,-1.07,-1.63,2.03,2.01,2.05,0.09,0.3295224017809099,1942.4
2021-01-06,27.3,110.8573,103.068,6.44157,3748.14,25.07,53.8,50.45,179.9,18453495.0,1.04,-1.02,-1.61,2.06,2.04,2.08,0.09,0.1483079525130028,1950.56
2021-01-07,27.13,111.3124,103.848,6.45755,3803.79,22.37,53.7,50.63,179.48,7110214.0,1.08,-1.01,-1.63,2.09,2.09,2.09,0.09,-0.1519023633313968,1919.47
2021-01-08,25.31,111.293,103.958,6.46013,3824.68,21.56,55.51,52.14,173.34,24399895.0,1.13,-0.93,-1.58,2.06,2.07,2.05,0.09,-0.7934967039385673,1914.74
2021-01-11,24.91,111.8342,104.218,6.47751,3799.61,24.08,54.84,52.15,173.0,8579195.0,1.15,-0.91,-1.54,2.06,2.04,2.08,0.09,-0.788377426451578,1849.22
2021-01-12,25.55,111.5584,103.783,6.45517,3801.19,23.33,55.98,53.08,174.12,9798480.0,1.15,-0.93,-1.56,2.08,2.06,2.1,0.09,-0.6699421610257914,1844.16
2021-01-13,25.21,111.3702,103.87,6.46016,3809.84,22.21,55.52,52.81,173.37,14110299.0,1.1,-0.96,-1.56,2.06,2.04,2.08,0.09,-0.4698600708353682,1855.42
2021-01-14,25.51,111.1639,103.824,6.45965,3795.54,23.25,55.76,53.47,173.28,13522670.0,1.15,-0.94,-1.6,2.09,2.09,2.09,0.09,-0.2421363901703399,1845.29
2021-01-15,24.71,111.5168,103.89,6.47719,3768.25,24.34,54.8,52.25,171.13,16172494.0,1.11,-0.99,-1.63,2.1,2.09,2.11,0.09,0.1403164339479212,1847.05
2021-01-19,25.22,111.4591,103.917,6.48434,3798.91,23.24,55.38,52.87,172.58,7485700.0,1.1,-1.0,-1.67,2.1,2.12,2.08,0.09,0.1755521239094237,1838.09
2021-01-21,25.9375,111.2044,103.508,6.46389,3853.07,21.32,55.68,53.0,175.28,7250164.0,1.12,-0.98,-1.73,2.1,2.18,2.02,0.08,-0.0097909625515718,1871.26
2021-01-22,25.45,111.5602,103.826,6.48498,3841.47,21.91,55.22,52.28,173.9,7269592.0,1.1,-0.99,-1.72,2.09,2.16,2.02,0.08,-0.1653903956478764,1870.085
2021-01-25,25.34,111.8767,103.769,6.49317,3855.36,23.19,55.44,52.78,174.05,5936770.0,1.05,-1.03,-1.73,2.08,2.15,2.01,0.08,-0.0828302193692579,1855.1
2021-01-26,25.48,111.6661,103.64,6.48418,3849.62,23.02,55.26,52.61,173.62,4685568.0,1.05,-1.03,-1.73,2.08,2.15,2.01,0.08,-0.0828497126175172,1856.22
2021-01-27,25.27,112.0876,104.075,6.47837,3750.77,37.21,55.07,52.81,172.52,9036528.0,1.04,-1.04,-1.74,2.08,2.15,2.01,0.08,-0.0410289133671853,1851.24
2021-01-28,26.47,112.015,104.229,6.49183,3787.38,30.21,54.87,52.26,172.68,9392363.0,1.07,-1.06,-1.76,2.13,2.18,2.08,0.07,0.1273723043953216,1844.43
2021-01-29,26.91,111.9604,104.751,6.45892,3714.24,33.09,55.25,52.16,172.61,11252816.0,1.11,-1.02,-1.76,2.13,2.21,2.05,0.07,0.123239755519183,1842.99
2021-02-01,29.04,112.4282,104.951,6.47169,3773.86,30.24,56.42,53.55,174.23,9079082.0,1.09,-1.02,-1.76,2.11,2.18,2.04,0.08,-0.1202669848459192,1862.7
2021-02-02,26.7,112.2937,105.003,6.4589,3826.31,25.56,57.62,54.77,172.11,7221689.0,1.12,-1.03,-1.78,2.15,2.23,2.07,0.08,-0.1406797649993572,1860.45
2021-02-03,26.89,112.2648,105.036,6.46371,3830.17,22.91,58.61,55.67,171.85,4658060.0,1.15,-1.04,-1.81,2.19,2.27,2.11,0.08,-0.2432680678454479,1838.04
2021-02-04,26.37,112.756,105.527,6.46718,3871.74,21.77,58.98,56.19,168.15,13736624.0,1.15,-1.02,-1.79,2.17,2.25,2.09,0.08,-0.5216653479943446,1833.99
2021-02-05,26.86,112.2463,105.393,6.47575,3886.83,20.87,59.48,56.8,169.81,6538458.0,1.19,-1.02,-1.81,2.21,2.28,2.14,0.08,-0.2910608048442689,1793.91
2021-02-08,27.27,112.0512,105.238,6.45142,3915.59,21.24,60.17,57.95,171.52,6887535.0,1.19,-1.03,-1.83,2.22,2.31,2.13,0.07,0.000983642897276,1815.29
2021-02-09,27.27,111.7768,104.564,6.42212,3911.23,21.63,60.74,58.34,172.08,5131799.0,1.18,-1.04,-1.83,2.22,2.31,2.13,0.08,0.0816274483743386,1830.31
2021-02-10,27.023,111.5929,104.617,6.42745,3909.88,21.99,61.17,58.69,172.71,6112812.0,1.15,-1.06,-1.85,2.21,2.31,2.11,0.08,0.1611525834291322,1837.89
2021-02-11,26.98,111.5364,104.753,6.42212,3916.38,21.25,61.09,58.22,171.21,5994522.0,1.16,-1.04,-1.86,2.2,2.32,2.08,0.08,0.3288130645144463,1843.35
2021-02-12,27.26,111.4981,104.969,6.43425,3934.83,19.97,62.47,59.5,170.69,6018930.0,1.2,-1.01,-1.85,2.21,2.35,2.07,0.08,0.0652025697719424,1826.12
2021-02-16,27.24,111.7984,106.106,6.41396,3932.59,21.46,63.96,60.07,168.24,14761087.0,1.3,-0.94,-1.8,2.24,2.37,2.11,0.08,-0.3775201340760902,1819.165
2021-02-17,27.3915,112.03,105.8805,6.44094,3931.33,21.5,65.02,61.09,166.33,11425421.0,1.29,-0.92,-1.78,2.21,2.35,2.07,0.08,-0.6417380485770062,1794.3
2021-02-18,27.03,112.1718,105.692,6.45593,3913.97,22.49,64.09,60.4,166.32,7498157.0,1.29,-0.87,-1.73,2.16,2.29,2.03,0.07,-0.7861394806135668,1777.68
2021-02-19,27.19,111.7179,105.461,6.44413,3906.71,22.05,62.84,59.12,167.01,8273502.0,1.34,-0.8,-1.7,2.14,2.29,1.99,0.07,-0.8047687074767529,1776.64
2021-02-22,28.14,111.9316,105.067,6.4671,3876.5,23.45,64.73,61.67,169.51,10083290.0,1.37,-0.79,-1.74,2.16,2.35,1.97,0.07,-0.6117679474936303,1782.17
2021-02-23,27.68,111.911,105.245,6.4648,3881.37,23.11,65.16,61.66,169.12,8616789.0,1.37,-0.79,-1.76,2.16,2.35,1.97,0.07,-0.6191467062308412,1809.87
2021-02-24,27.99,111.7339,105.872,6.44158,3925.43,21.34,66.85,63.21,169.0,8890612.0,1.38,-0.79,-1.76,2.17,2.38,1.96,0.07,-0.4524252000729377,1806.16
2021-02-25,27.45,111.9402,106.246,6.44774,3829.34,28.89,66.69,63.43,165.82,16359418.0,1.54,-0.6,-1.53,2.14,2.34,1.94,0.07,-0.7576314302239756,1805.24
2021-02-26,26.55,112.8433,106.598,6.47374,3811.15,27.95,65.86,61.55,161.81,23730391.0,1.44,-0.71,-1.64,2.15,2.39,1.91,0.07,-0.5624716847103441,1771.85
2021-03-01,26.58,112.538,106.776,6.47084,3901.82,23.35,64.56,60.54,161.53,13828347.0,1.45,-0.71,-1.69,2.16,2.4,1.92,0.07,-0.5545166481222553,1733.82
2021-03-02,26.76,112.5472,106.704,6.47935,3870.29,24.1,63.17,59.7,162.41,11424608.0,1.42,-0.78,-1.76,2.2,2.43,1.97,0.07,-0.2688092933146466,1724.96
2021-03-03,26.09,112.7761,107.009,6.46838,3819.72,26.67,64.7,61.33,160.62,13059936.0,1.47,-0.74,-1.72,2.21,2.45,1.97,0.07,-0.4761973503963929,1738.22
2021-03-04,25.36,112.717,107.977,6.47508,3768.47,28.57,67.32,63.81,159.04,13870077.0,1.54,-0.66,-1.66,2.2,2.43,1.97,0.07,-0.1042407786026742,1710.98
2021-03-05,25.18,113.7626,108.351,6.49657,3841.94,24.66,69.95,66.08,159.14,12068139.0,1.56,-0.66,-1.64,2.22,2.43,2.01,0.07,-0.6675531704394952,1697.72
2021-03-08,25.13,114.2824,108.93,6.54799,3821.35,25.47,68.0,65.03,157.49,12134854.0,1.59,-0.62,-1.56,2.21,2.42,2.0,0.07,-1.0484740157048802,1703.55
2021-03-09,25.93,113.9431,108.522,6.52125,3875.44,24.03,67.03,64.02,160.84,10382555.0,1.55,-0.66,-1.58,2.21,2.41,2.01,0.07,-1.1837496474979985,1683.48
2021-03-10,26.21,113.6015,108.429,6.51308,3898.81,22.56,67.53,64.45,161.66,7962003.0,1.53,-0.73,-1.67,2.26,2.47,2.05,0.07,-0.543883387587176,1716.11
2021-03-11,26.13,112.9345,108.532,6.48812,3939.34,21.91,69.34,66.02,161.52,6749209.0,1.54,-0.74,-1.73,2.28,2.51,2.05,0.07,0.17474739855161,1726.76
2021-03-12,25.9,113.0403,109.009,6.51405,3943.34,20.69,68.87,65.59,161.49,8608514.0,1.64,-0.62,-1.66,2.26,2.51,2.01,0.07,-0.1583662571532798,1722.34
2021-03-15,26.2485,113.2065,109.148,6.50079,3968.94,20.03,68.78,65.36,162.2,8110140.0,1.62,-0.65,-1.7,2.27,2.54,2.0,0.07,0.387791603327781,1727.89
2021-03-16,25.9605,112.997,108.998,6.50006,3962.71,19.79,67.95,64.82,162.35,7547417.0,1.62,-0.68,-1.76,2.3,2.59,2.01,0.07,0.3717015353376738,1730.77
2021-03-17,26.3835,113.1726,108.857,6.50306,3974.12,19.23,67.73,64.55,163.51,12626689.0,1.63,-0.67,-1.78,2.3,2.58,2.02,0.07,-0.3627493981822215,1731.95
2021-03-18,26.0595,112.7872,108.969,6.50143,3915.46,21.58,62.11,59.95,162.56,8731762.0,1.71,-0.56,-1.64,2.27,2.5,2.04,0.07,-1.1712754088034514,1747.5
2021-03-19,26.24,112.9877,108.88,6.5111,3913.1,20.95,64.0,61.43,163.24,6868892.0,1.74,-0.57,-1.61,2.31,2.51,2.11,0.07,-0.3218502778480208,1735.06
2021-03-22,25.7895,113.0154,108.806,6.50915,3940.59,18.88,63.89,61.48,163.0,5239970.0,1.69,-0.64,-1.64,2.33,2.51,2.15,0.07,-0.0511233905164371,1738.18
2021-03-23,25.0595,113.3038,108.622,6.51357,3910.52,20.3,59.96,57.75,161.81,6048301.0,1.63,-0.66,-1.65,2.29,2.48,2.1,0.07,-0.3851864068800209,1739.65
2021-03-24,25.1095,113.669,108.752,6.51905,3889.14,21.2,63.7,61.12,162.37,6183666.0,1.62,-0.69,-1.7,2.31,2.53,2.09,0.07,-0.123053607275258,1727.02
2021-03-25,25.0915,114.014,109.164,6.53895,3909.52,19.81,61.21,58.47,161.78,8398596.0,1.63,-0.69,-1.72,2.32,2.54,2.1,0.07,0.2476819357794693,1734.18
2021-03-26,25.07,113.7532,109.655,6.54103,3974.54,18.86,63.77,60.93,162.24,6153894.0,1.67,-0.67,-1.72,2.34,2.57,2.11,0.07,0.1869137212567276,1727.96
2021-03-29,24.6475,113.9447,109.8205,6.56472,3971.09,20.74,64.06,61.49,160.31,8409316.0,1.73,-0.63,-1.67,2.36,2.56,2.16,0.07,-0.4290745163024556,1731.7
2021-03-30,24.02,114.2152,110.3605,6.57366,3958.55,19.61,63.28,60.55,157.57,8353246.0,1.73,-0.62,-1.62,2.35,2.52,2.18,0.07,-0.6166096808297585,1712.37
2021-03-31,24.416,113.8351,110.731,6.56379,3972.89,19.4,63.52,59.19,159.96,10623771.0,1.74,-0.63,-1.62,2.37,2.54,2.2,0.06,-0.4800663150611282,1685.595
2021-04-01,24.959,113.7504,110.595,6.58665,4019.87,17.33,63.85,61.41,161.98,7105228.0,1.69,-0.66,-1.65,2.35,2.55,2.15,0.07,-0.2200154422813764,1708.0
2021-04-06,25.164,113.1575,109.78,6.5574,4073.94,18.12,61.47,59.34,163.22,6761166.0,1.67,-0.65,-1.64,2.32,2.52,2.12,0.07,0.3275963909740296,1728.6
2021-04-07,25.15,113.254,109.845,6.5481,4079.95,17.16,61.86,59.77,162.76,5436014.0,1.68,-0.66,-1.66,2.34,2.53,2.15,0.07,0.104439766148091,1743.05
2021-04-08,25.45,113.1015,109.27,6.55732,4097.17,16.95,62.09,59.61,164.51,6574524.0,1.64,-0.69,-1.7,2.33,2.55,2.11,0.07,0.2190779462632088,1737.9
2021-04-09,25.25,113.2132,109.648,6.56466,4128.8,16.69,61.89,59.29,163.27,6657898.0,1.67,-0.64,-1.64,2.31,2.51,2.11,0.07,-0.1221733397672869,1755.65
2021-04-12,24.816,113.1916,109.389,6.54965,4127.99,16.91,62.38,59.7,162.28,4896669.0,1.69,-0.64,-1.63,2.33,2.52,2.14,0.07,-0.0341849328290008,1743.0
2021-04-13,25.343,113.0489,109.054,6.55291,4141.59,16.65,62.83,60.2,163.43,6995903.0,1.64,-0.69,-1.69,2.33,2.54,2.12,0.07,0.1275958328460734,1732.7
2021-04-14,25.422,112.7951,108.939,6.53506,4124.66,16.99,66.11,63.15,162.72,6312296.0,1.64,-0.69,-1.69,2.33,2.56,2.1,0.07,0.19525836513865,1745.65
2021-04-15,25.849,112.6274,108.744,6.52719,4170.42,16.57,66.13,63.42,165.35,8250646.0,1.56,-0.77,-1.74,2.33,2.55,2.11,0.07,0.5566614745119649,1736.43
2021-04-16,25.96,112.4913,108.783,6.52478,4185.47,16.25,65.98,63.16,166.35,10057602.0,1.59,-0.77,-1.73,2.36,2.57,2.15,0.07,1.122011207043076,1763.75
2021-04-19,25.825,112.1929,108.154,6.50634,4163.26,17.29,66.54,63.33,165.89,5721727.0,1.61,-0.73,-1.71,2.34,2.56,2.12,0.07,0.8779352991164701,1777.5
2021-04-20,25.845,112.2444,108.081,6.49599,4134.94,18.68,65.34,62.61,166.48,6531979.0,1.58,-0.74,-1.71,2.32,2.52,2.12,0.07,0.5283347361997264,1770.85
2021-04-21,26.555,112.1862,108.07,6.49871,4173.42,17.5,64.02,61.34,168.13,8380178.0,1.57,-0.76,-1.72,2.33,2.53,2.13,0.07,0.553330948408397,1778.71
2021-04-22,26.155,112.2385,107.96,6.49006,4134.98,18.71,65.07,61.45,167.04,7680140.0,1.57,-0.76,-1.61,2.33,2.42,2.24,0.07,-0.0201897425056494,1794.0
2021-04-23,26.0,112.0981,107.892,6.49175,4180.17,17.33,65.75,62.18,166.4,7107484.0,1.58,-0.76,-1.61,2.34,2.44,2.24,0.07,-0.1100146459959145,1784.43
2021-04-26,26.22,111.8207,108.095,6.48068,4187.62,17.64,65.5,62.02,166.84,4786613.0,1.58,-0.78,-1.62,2.36,2.47,2.25,0.07,0.3702945090077938,1776.05
2021-04-27,26.263,111.9203,108.722,6.48283,4186.72,17.56,66.25,63.03,166.42,5363499.0,1.63,-0.76,-1.63,2.39,2.51,2.27,0.07,0.235415565175852,1781.26
2021-04-28,26.205,111.8015,108.603,6.48101,4183.18,17.28,67.08,63.81,166.91,6932217.0,1.63,-0.78,-1.68,2.41,2.54,2.28,0.07,0.3195379106465889,1776.7
2021-04-29,26.1,111.7583,108.939,6.46529,4211.47,17.61,68.26,65.0,166.22,9067627.0,1.65,-0.77,-1.7,2.42,2.56,2.28,0.06,0.2856754309909534,1782.3
2021-04-30,25.87,112.0959,109.293,6.46388,4181.17,18.61,67.73,63.5,165.66,6248711.0,1.65,-0.76,-1.71,2.41,2.57,2.25,0.05,0.0460002670662775,1772.88
2021-05-04,26.515,112.3021,109.316,6.48526,4164.66,19.48,68.91,65.72,166.58,10267411.0,1.61,-0.81,-1.8,2.42,2.62,2.22,0.06,-0.09315113506943,1794.015
2021-05-05,26.495,112.1639,109.202,6.48595,4167.59,19.15,69.71,65.63,167.27,3174181.0,1.59,-0.88,-1.88,2.47,2.68,2.26,0.06,0.5766417558663219,1779.01
2021-05-06,27.308,111.8525,109.089,6.47449,4201.62,18.39,68.62,64.73,170.06,13574072.0,1.58,-0.87,-1.85,2.45,2.66,2.24,0.06,0.7517683974332756,1787.23
2021-05-07,27.45,111.0372,108.604,6.44978,4232.6,16.69,68.73,64.96,171.59,14748628.0,1.6,-0.89,-1.88,2.49,2.65,2.33,0.06,1.4980075145109533,1815.08
2021-05-10,27.305,110.803,108.853,6.40841,4188.43,19.66,68.61,64.92,172.11,8276584.0,1.63,-0.91,-1.91,2.54,2.71,2.37,0.06,1.4865274018635113,1832.78
2021-05-11,27.62,110.904,108.615,6.41928,4152.1,21.84,68.83,65.31,172.14,8348213.0,1.64,-0.89,-1.88,2.53,2.68,2.38,0.06,1.2856852616375467,1836.11
2021-05-12,27.021,111.5762,109.671,6.43946,4063.04,27.59,69.62,65.96,170.43,12666262.0,1.69,-0.85,-1.85,2.54,2.72,2.36,0.06,0.2636346842721397,1837.51
2021-05-13,27.0935,111.6079,109.4545,6.45701,4112.5,23.13,67.36,63.82,171.13,8078266.0,1.66,-0.85,-1.81,2.51,2.65,2.37,0.06,0.0749919211672301,1815.92
2021-05-14,27.41,111.1476,109.35,6.43977,4173.85,18.81,69.24,65.32,172.69,9686777.0,1.63,-0.88,-1.86,2.51,2.68,2.34,0.06,-0.1855786081678664,1826.49
2021-05-17,28.178,111.0913,109.21,6.44277,4163.29,19.72,69.62,66.24,174.7,11956831.0,1.64,-0.9,-1.88,2.54,2.72,2.36,0.06,-0.3863880803924568,1842.4
2021-05-18,28.195,110.8446,108.899,6.42457,4127.83,21.34,69.01,65.49,175.04,7294010.0,1.64,-0.88,-1.89,2.52,2.72,2.32,0.06,-0.2797137862322262,1865.7
2021-05-19,27.735,110.8933,109.193,6.43713,4115.68,22.18,66.88,63.28,175.16,20741106.0,1.68,-0.8,-1.79,2.48,2.66,2.3,0.06,-0.5358128971051114,1869.61
2021-05-20,27.765,110.8741,108.778,6.43896,4159.12,20.67,65.18,61.95,175.96,9802799.0,1.63,-0.78,-1.76,2.41,2.59,2.23,0.06,-0.688876490574988,1869.71
2021-05-21,27.53,111.0714,108.902,6.42983,4155.86,20.15,66.72,63.61,176.04,7677190.0,1.63,-0.8,-1.78,2.43,2.62,2.24,0.06,-0.8728702426536309,1877.65
2021-05-24,27.77,110.9254,108.765,6.42782,4197.05,18.4,68.59,66.13,176.35,5557339.0,1.61,-0.83,-1.82,2.44,2.64,2.24,0.06,-0.901164469017204,1881.99
2021-05-25,27.996,110.8557,108.7695,6.39799,4188.13,18.84,68.8,66.27,177.95,8986945.0,1.56,-0.86,-1.84,2.42,2.63,2.21,0.06,-0.6680944643734528,1881.11
2021-05-26,27.68,110.8814,109.135,6.38439,4195.99,17.36,68.93,66.41,177.64,8495383.0,1.58,-0.82,-1.8,2.4,2.6,2.2,0.06,-0.4022435284849778,1899.09
2021-05-27,27.849,110.8829,109.823,6.37241,4200.88,16.74,69.43,66.87,177.71,7992951.0,1.61,-0.81,-1.78,2.42,2.59,2.25,0.06,-0.0772972073587385,1896.42
2021-05-28,27.93,110.7711,109.834,6.3632,4204.11,16.76,69.36,66.31,178.38,9968324.0,1.58,-0.84,-1.78,2.42,2.57,2.27,0.05,0.0929099654637556,1897.53
2021-06-01,27.893,110.5179,109.471,6.38125,4202.04,17.9,70.03,67.8,177.9,9143250.0,1.62,-0.84,-1.79,2.46,2.6,2.32,0.06,-0.0824479080106047,1907.4
2021-06-02,28.173,110.5924,109.563,6.38454,4208.12,17.48,70.6,68.79,178.77,6613106.0,1.59,-0.85,-1.79,2.44,2.59,2.29,0.06,0.2766051032859227,1900.07
2021-06-03,27.4305,111.1905,110.299,6.38996,4192.85,18.04,70.71,68.81,175.27,10153899.0,1.63,-0.79,-1.72,2.42,2.56,2.28,0.06,-0.4040750780880288,1907.96
2021-06-04,27.78,110.7645,109.488,6.40813,4229.89,16.42,71.3,69.57,177.16,8375264.0,1.56,-0.84,-1.76,2.4,2.54,2.26,0.06,-0.2346383755119923,1871.005
2021-06-07,27.889,110.5275,109.256,6.39384,4226.52,16.42,70.89,69.21,177.87,7709094.0,1.57,-0.82,-1.72,2.39,2.51,2.27,0.06,-0.6020709019325255,1891.66
2021-06-08,27.609,110.6608,109.496,6.3962,4227.26,17.07,71.39,70.11,177.32,5905832.0,1.53,-0.83,-1.7,2.36,2.47,2.25,0.06,-0.5935369224220366,1899.0
2021-06-09,27.77,110.582,109.625,6.38839,4219.55,17.89,71.31,69.9,176.98,6346094.0,1.5,-0.82,-1.66,2.32,2.41,2.23,0.06,-0.6631758096413346,1892.14
2021-06-10,27.996,110.557,109.35,6.38655,4239.18,16.1,71.65,70.34,177.74,9896612.0,1.45,-0.9,-1.74,2.35,2.47,2.23,0.06,0.6579800368404899,1888.84
2021-06-11,27.9125,111.1052,109.6565,6.38806,4247.44,15.65,72.05,71.0,175.74,7836860.0,1.47,-0.85,-1.67,2.32,2.43,2.21,0.06,-0.4762302866037021,1898.44
2021-06-14,27.86,110.9779,110.075,6.41427,4255.15,16.39,72.27,70.94,174.71,7733645.0,1.51,-0.85,-1.64,2.36,2.44,2.28,0.06,-0.2264490284212101,1877.82
2021-06-15,27.66,111.3634,110.053,6.40279,4246.59,17.02,73.38,72.06,174.05,7550154.0,1.51,-0.87,-1.67,2.38,2.46,2.3,0.06,-0.1382281069792429,1866.47
2021-06-16,26.986,111.1287,110.651,6.39654,4223.7,18.15,73.88,72.03,171.11,16919749.0,1.57,-0.75,-1.52,2.32,2.41,2.23,0.06,-0.8822063850084616,1859.38
2021-06-17,25.906,112.5881,110.261,6.43855,4221.86,17.75,72.92,71.06,165.85,27232236.0,1.52,-0.75,-1.41,2.27,2.31,2.23,0.1,-2.2431570263438005,1811.93
2021-06-18,25.7625,113.0517,110.1585,6.44198,4166.45,20.7,73.1,71.64,164.93,15744310.0,1.45,-0.79,-1.48,2.24,2.37,2.11,0.1,-1.4284956477328383,1773.05
2021-06-21,25.955,112.8506,110.302,6.47312,4224.79,17.89,74.49,73.64,166.95,8370991.0,1.5,-0.75,-1.51,2.25,2.41,2.09,0.1,-1.8551848109055005,1764.69
2021-06-22,25.768,112.929,110.658,6.48335,4246.44,16.66,74.92,73.15,166.25,7223919.0,1.48,-0.83,-1.59,2.31,2.46,2.16,0.1,-1.2484053034588387,1783.02
2021-06-23,25.88,112.3931,110.981,6.48185,4241.84,16.32,75.22,73.11,166.14,8474276.0,1.5,-0.84,-1.59,2.34,2.49,2.19,0.1,-0.0231425516371842,1779.0
2021-06-24,25.934,112.3357,110.847,6.46985,4266.49,15.97,75.95,73.31,166.04,6903352.0,1.49,-0.81,-1.55,2.3,2.45,2.15,0.1,0.4412849552220415,1778.49
2021-06-25,26.07,111.9742,110.762,6.45581,4280.7,15.62,76.45,74.21,166.59,7473679.0,1.54,-0.8,-1.54,2.34,2.46,2.22,0.1,0.5076865698817016,1775.51
2021-06-28,26.098,112.033,110.613,6.46197,4290.61,15.76,74.78,72.98,166.58,6508902.0,1.49,-0.84,-1.55,2.33,2.45,2.21,0.1,0.9992497293653873,1781.11
2021-06-29,25.775,112.2692,110.56,6.46286,4291.8,16.02,75.38,73.14,164.83,7451415.0,1.49,-0.83,-1.57,2.32,2.46,2.18,0.1,0.1787031407714393,1778.27
2021-06-30,26.138,112.5613,111.097,6.46261,4297.5,15.83,76.94,73.52,165.63,7955839.0,1.45,-0.87,-1.6,2.32,2.47,2.17,0.08,-0.0336092547857888,1761.71
2021-07-01,26.026,112.7484,111.536,6.4698,4319.94,15.48,76.69,75.33,166.2,7430497.0,1.48,-0.87,-1.6,2.35,2.49,2.21,0.1,0.2541118554246336,1770.03
2021-07-02,26.48,112.5507,111.025,6.48734,4352.34,15.07,77.51,75.37,167.29,7873574.0,1.44,-0.89,-1.63,2.33,2.49,2.17,0.1,0.2346670507176083,1777.05
2021-07-06,26.152,112.9602,110.63,6.4692,4343.54,16.44,75.81,73.62,168.12,7932050.0,1.37,-0.94,-1.67,2.31,2.48,2.14,0.1,0.3706951610716953,1792.1
2021-07-07,26.14,113.1136,110.636,6.46582,4358.13,16.2,74.31,72.22,168.76,7108909.0,1.33,-0.95,-1.64,2.28,2.43,2.13,0.1,0.1469448236275215,1796.96
2021-07-08,25.928,113.0863,109.758,6.48483,4320.82,19.0,75.07,72.98,168.65,7244275.0,1.3,-0.92,-1.64,2.22,2.38,2.06,0.1,-0.0757634208289819,1803.97
2021-07-09,26.12,112.8468,110.117,6.49396,4369.55,16.18,77.14,74.56,169.21,4997398.0,1.37,-0.91,-1.65,2.28,2.44,2.12,0.1,-0.1463220584327974,1802.95
2021-07-12,26.195,112.7701,110.351,6.47946,4384.63,16.17,76.77,74.21,169.0,7315422.0,1.38,-0.95,-1.67,2.33,2.48,2.18,0.1,0.0544247620210163,1808.02
2021-07-13,25.981,113.0153,110.622,6.47208,4369.21,17.12,77.5,75.24,169.22,7040277.0,1.42,-0.94,-1.71,2.36,2.56,2.16,0.1,0.0576984304488728,1806.36
2021-07-14,26.2455,112.8885,109.964,6.47589,4374.3,16.33,75.74,73.06,171.04,8830335.0,1.37,-0.97,-1.73,2.34,2.53,2.15,0.1,0.324344806943237,1808.25
2021-07-15,26.345,113.0122,109.837,6.45846,4360.03,17.01,74.53,71.67,171.07,6520126.0,1.31,-1.01,-1.75,2.32,2.53,2.11,0.1,0.7771811020148004,1827.4
2021-07-16,25.66,113.0504,110.054,6.47021,4327.16,18.45,74.46,71.76,169.41,9460348.0,1.31,-1.02,-1.73,2.33,2.52,2.14,0.1,0.8273813530542193,1829.43
2021-07-19,25.176,113.5547,109.4785,6.49143,4258.49,22.5,69.33,66.45,169.61,6707365.0,1.19,-1.05,-1.71,2.24,2.41,2.07,0.1,0.2826748332525962,1811.35
2021-07-20,24.94,113.7582,109.87,6.48496,4323.06,19.73,70.03,67.32,169.39,6540058.0,1.23,-1.03,-1.71,2.26,2.4,2.12,0.1,0.0895140310886449,1812.75
2021-07-21,25.262,113.4018,110.289,6.47366,4358.69,17.91,72.54,70.26,168.76,4622581.0,1.3,-0.98,-1.71,2.28,2.45,2.11,0.1,-0.302546624182547,1810.68
2021-07-22,25.4285,113.4788,110.1405,6.46753,4367.48,17.69,74.25,72.15,169.09,4793605.0,1.27,-1.01,-1.75,2.28,2.46,2.1,0.1,-0.3327040289288086,1803.8
2021-07-23,25.1865,113.4486,110.5525,6.47717,4411.79,17.2,74.86,72.24,168.56,5831463.0,1.3,-1.05,-1.81,2.35,2.53,2.17,0.1,-0.0101493418145331,1807.225
2021-07-26,25.19,113.2335,110.383,6.48386,4422.3,17.58,74.79,72.15,168.16,5229817.0,1.29,-1.11,-1.86,2.4,2.59,2.21,0.1,0.7388070941918732,1802.36
2021-07-27,24.689,113.2321,109.774,6.50625,4401.46,19.36,74.87,71.68,168.44,6300183.0,1.25,-1.13,-1.84,2.38,2.55,2.21,0.1,1.146074942725844,1797.53
2021-07-28,24.968,113.1899,109.939,6.50622,4400.64,18.31,75.09,72.37,169.29,7905846.0,1.26,-1.15,-1.85,2.41,2.57,2.25,0.1,1.5338967557343288,1799.02
2021-07-29,25.513,112.4927,109.482,6.46155,4419.15,17.7,76.3,73.62,171.17,8119591.0,1.28,-1.15,-1.85,2.43,2.58,2.28,0.1,1.6736453654090746,1807.38
2021-07-30,25.48,112.6808,109.714,6.46007,4395.26,18.24,77.72,73.93,169.82,7391706.0,1.24,-1.16,-1.87,2.4,2.56,2.24,0.07,1.1604395581274565,1828.31
2021-08-02,25.406,112.6784,109.319,6.46186,4387.16,19.46,73.91,71.31,169.61,10783240.0,1.2,-1.17,-1.85,2.37,2.51,2.23,0.1,0.4024299547290291,1814.2
2021-08-03,25.525,112.8331,109.052,6.46385,4423.15,18.04,73.24,70.64,169.49,5402340.0,1.19,-1.19,-1.86,2.38,2.51,2.25,0.1,0.2574556498829112,1813.44
2021-08-04,25.391,112.906,109.4805,6.45675,4402.66,17.97,70.99,68.19,169.53,9796349.0,1.19,-1.16,-1.83,2.35,2.5,2.2,0.1,-0.3795623101019532,1810.7
2021-08-05,25.1455,112.778,109.7675,6.45849,4429.1,17.28,72.14,69.1,168.86,7893245.0,1.23,-1.1,-1.74,2.33,2.46,2.2,0.1,-0.7465039888418704,1811.97
2021-08-06,24.3095,113.3192,110.2275,6.46741,4436.52,16.15,71.02,68.26,164.64,13547643.0,1.31,-1.06,-1.73,2.37,2.5,2.24,0.1,-1.4067169955611745,1804.55
2021-08-09,23.447,113.4625,110.316,6.47639,4432.35,16.72,69.65,66.56,161.72,11546973.0,1.33,-1.04,-1.71,2.37,2.5,2.24,0.1,-1.3934387667954102,1763.53
2021-08-10,23.341,113.5072,110.563,6.48587,4436.75,16.79,71.14,68.33,161.77,6870766.0,1.36,-1.04,-1.71,2.4,2.53,2.27,0.1,-1.367710469612098,1730.26
2021-08-11,23.545,113.2917,110.43,6.49153,4442.41,16.06,71.99,69.3,164.0,7382417.0,1.35,-1.07,-1.74,2.42,2.55,2.29,0.1,-0.7370343743383272,1729.3
2021-08-12,23.181,113.278,110.425,6.47824,4460.83,15.59,71.79,69.12,164.04,5222080.0,1.36,-1.05,-1.72,2.41,2.55,2.27,0.1,-0.4787772498469076,1751.18
2021-08-13,23.72,113.0708,109.559,6.48316,4468.0,15.45,70.9,68.36,166.39,7466887.0,1.29,-1.08,-1.73,2.37,2.52,2.22,0.1,0.1601411453267077,1752.68
2021-08-16,23.844,113.179,109.281,6.47538,4479.71,16.12,70.07,67.44,167.22,7781796.0,1.26,-1.1,-1.75,2.36,2.5,2.22,0.1,0.4298700577389652,1789.0
2021-08-17,23.658,113.6263,109.577,6.48328,4448.08,17.91,69.4,66.5,166.97,7106992.0,1.26,-1.07,-1.72,2.33,2.49,2.17,0.1,-0.0236689157480666,1787.59
2021-08-18,23.515,113.705,109.796,6.48343,4400.27,21.57,68.61,65.36,167.1,7697931.0,1.27,-1.05,-1.69,2.32,2.48,2.16,0.09,-0.4095565055299071,1786.24
2021-08-19,23.245,114.1195,109.761,6.49377,4405.8,21.67,66.8,63.69,166.61,6934268.0,1.24,-1.04,-1.67,2.28,2.45,2.11,0.09,-0.5706163999802941,1787.6
2021-08-20,23.04,114.5108,109.772,6.50545,4441.67,18.56,65.51,62.25,166.7,7154348.0,1.26,-1.01,-1.6,2.27,2.4,2.14,0.09,-1.2487795915226996,1780.32
2021-08-23,23.638,113.9526,109.682,6.48786,4479.53,17.15,69.07,65.65,168.73,8190548.0,1.25,-1.02,-1.65,2.27,2.43,2.11,0.09,-1.089506326655463,1786.95
2021-08-24,23.868,113.6899,109.648,6.48153,4486.23,17.22,71.21,67.5,168.65,4519173.0,1.29,-1.01,-1.65,2.3,2.45,2.15,0.09,-0.5740641045810198,1805.3
2021-08-25,23.839,113.6424,110.012,6.47333,4496.19,16.79,72.12,68.54,167.48,5588751.0,1.35,-1.0,-1.67,2.35,2.51,2.19,0.09,-0.4416354774105009,1803.07
2021-08-26,23.554,113.7986,110.061,6.4807,4470.0,18.84,70.42,67.42,167.67,4371866.0,1.34,-0.99,-1.66,2.33,2.5,2.16,0.09,-0.2139892988901125,1790.96
2021-08-27,24.07,113.3511,109.827,6.4774,4509.37,16.39,72.26,68.84,170.19,10036431.0,1.31,-1.08,-1.74,2.39,2.53,2.25,0.08,1.1246893444609547,1792.96
2021-08-31,23.8915,113.1175,110.007,6.45753,4522.68,16.48,73.45,68.43,169.69,6336002.0,1.3,-1.03,-1.71,2.33,2.48,2.18,0.06,0.3728071197211285,1810.075
2021-09-01,24.1455,112.8832,110.0245,6.46245,4524.09,16.11,71.99,68.63,169.7,4764866.0,1.31,-1.03,-1.7,2.34,2.48,2.2,0.08,0.4235353895960174,1814.095
2021-09-02,23.897,112.7966,109.9425,6.45415,4536.95,16.41,73.56,70.07,169.25,4601128.0,1.29,-1.03,-1.69,2.32,2.47,2.17,0.08,0.5302614863053042,1813.85
2021-09-03,24.7095,112.558,109.6945,6.44462,4535.43,16.41,73.07,69.34,171.06,8353646.0,1.33,-1.01,-1.7,2.34,2.48,2.2,0.08,-0.3062482489207419,1809.3
2021-09-07,24.3195,112.9892,110.273,6.4614,4520.03,18.14,71.52,68.49,167.71,10007697.0,1.38,-0.98,-1.69,2.36,2.51,2.21,0.08,-0.2103964613703762,1823.3
2021-09-08,23.9395,113.2414,110.2835,6.45747,4514.07,17.96,72.36,69.36,167.29,6575990.0,1.35,-1.03,-1.72,2.38,2.53,2.23,0.08,-0.0589660787090293,1794.42
2021-09-09,24.0415,113.053,109.7425,6.45272,4493.28,18.8,71.32,68.26,168.03,6641424.0,1.3,-1.08,-1.76,2.38,2.55,2.21,0.08,0.3774199993813971,1789.14
2021-09-10,23.7555,112.9519,109.8695,6.43218,4458.58,20.95,72.44,69.82,167.18,7426272.0,1.35,-1.05,-1.73,2.4,2.55,2.25,0.08,0.3104364729218948,1794.6
2021-09-13,23.7455,113.0432,110.005,6.44935,4468.73,19.37,72.97,70.54,167.74,5474323.0,1.33,-1.04,-1.72,2.37,2.53,2.21,0.08,0.3493628773633489,1787.9
2021-09-14,23.8595,113.0151,109.7035,6.44197,4443.05,19.46,73.05,70.53,168.82,7922917.0,1.28,-1.05,-1.7,2.33,2.49,2.17,0.08,0.3480448764497905,1793.5
2021-09-15,23.8465,112.9862,109.3645,6.42833,4480.7,18.18,74.84,72.59,167.83,5624883.0,1.31,-1.04,-1.7,2.35,2.51,2.19,0.08,0.0371572618065254,1804.515
2021-09-16,22.9065,113.3122,109.7255,6.44435,4473.75,18.69,75.14,72.69,164.03,11780399.0,1.34,-1.01,-1.69,2.35,2.53,2.17,0.08,-0.7415893951899408,1794.35
2021-09-17,22.3935,113.6074,109.9325,6.45216,4432.99,20.81,74.64,72.09,163.77,8369679.0,1.37,-0.96,-1.63,2.33,2.51,2.15,0.08,-1.1465209533052467,1754.195
2021-09-20,22.2745,113.9511,109.4095,6.48475,4357.73,25.71,73.59,70.41,164.94,7566577.0,1.31,-0.98,-1.6,2.29,2.43,2.15,0.08,-0.8971257381216516,1754.5
2021-09-21,22.4925,113.8266,109.226,6.47832,4354.19,24.36,73.65,70.51,166.04,7181458.0,1.33,-0.96,-1.6,2.29,2.44,2.14,0.08,-0.989876060775338,1764.6
2021-09-22,22.6985,113.631,109.791,6.46917,4395.64,20.87,75.5,72.37,165.42,9777794.0,1.32,-0.96,-1.55,2.28,2.41,2.15,0.08,-0.966076923405876,1774.15
2021-09-23,22.5145,113.5224,110.3135,6.4559,4448.98,18.63,76.44,73.43,163.51,8451899.0,1.41,-0.9,-1.54,2.31,2.48,2.14,0.08,-0.9748258318522608,1768.65
2021-09-24,22.3725,113.7694,110.7475,6.46564,4455.48,17.75,77.42,74.18,163.3,6937521.0,1.47,-0.87,-1.5,2.34,2.47,2.21,0.08,-0.7912982411812408,1743.3
2021-09-27,22.629,113.7532,110.984,6.46394,4443.11,18.76,78.85,75.54,163.64,4942989.0,1.48,-0.87,-1.52,2.35,2.5,2.2,0.08,-0.7278607064795166,1751.735
2021-09-28,22.4585,114.2571,111.51,6.4616,4352.63,23.25,78.3,75.44,162.05,9282755.0,1.54,-0.84,-1.51,2.38,2.53,2.23,0.08,-0.8350548284776638,1750.25
2021-09-29,21.5345,114.7191,111.9625,6.47159,4359.46,22.56,77.86,75.06,161.32,8360656.0,1.55,-0.82,-1.51,2.37,2.52,2.22,0.08,-1.176348726087629,1734.2
2021-09-30,22.1755,114.6504,111.2945,6.46775,4307.54,23.14,77.81,75.22,164.22,10574824.0,1.52,-0.85,-1.53,2.37,2.51,2.23,0.06,-0.588479461400864,1726.13
2021-10-01,22.5015,114.3899,111.026,6.43895,4357.04,21.15,79.4,76.01,164.59,6654686.0,1.48,-0.9,-1.58,2.38,2.51,2.25,0.08,0.0907411851393017,1756.8
2021-10-04,22.6815,114.2847,110.9155,6.45195,4300.46,22.96,81.44,77.68,165.36,7651658.0,1.49,-0.89,-1.58,2.38,2.53,2.23,0.08,0.0583202665133471,1760.08
2021-10-05,22.6215,114.3767,111.477,6.44798,4345.72,21.3,82.72,79.17,164.59,5617283.0,1.54,-0.91,-1.61,2.45,2.59,2.31,0.08,0.4862643770902827,1769.425
2021-10-06,22.6195,114.7292,111.421,6.46462,4363.55,21.0,81.39,77.66,165.03,6067156.0,1.53,-0.9,-1.58,2.43,2.57,2.29,0.08,0.5853014746152663,1760.03
2021-10-07,22.5905,114.5156,111.6235,6.45451,4399.76,19.54,82.34,78.46,164.16,4791505.0,1.58,-0.88,-1.59,2.46,2.61,2.31,0.08,0.3353997570346841,1763.07
2021-10-08,22.6465,114.6108,112.212,6.45166,4391.34,18.77,82.17,79.55,164.23,8536109.0,1.61,-0.89,-1.59,2.5,2.64,2.36,0.08,0.0121673200565033,1756.09
2021-10-12,22.5625,114.7667,113.611,6.45443,4350.65,19.85,83.53,80.75,164.66,5453049.0,1.59,-0.9,-1.56,2.49,2.64,2.34,0.08,-0.2221968498241869,1754.075
2021-10-13,23.0915,114.4827,113.2575,6.44558,4363.8,18.64,83.53,80.67,167.59,11118291.0,1.56,-0.96,-1.59,2.52,2.68,2.36,0.08,0.6069140145869046,1760.14
2021-10-14,23.5185,114.2181,113.6725,6.43472,4438.26,16.86,83.86,81.43,168.0,5083847.0,1.52,-1.0,-1.64,2.52,2.69,2.35,0.08,0.922952709707495,1792.85
2021-10-15,23.3225,114.1033,114.209,6.43079,4471.37,16.3,84.67,82.39,165.33,8699223.0,1.59,-0.97,-1.58,2.56,2.71,2.41,0.08,0.7585403407650636,1795.99
2021-10-18,23.1965,114.0022,114.319,6.43122,4486.46,16.31,84.13,82.62,164.92,4029594.0,1.59,-0.95,-1.55,2.54,2.71,2.37,0.08,0.38565896423826,1767.875
2021-10-19,23.6675,113.6595,114.3775,6.38165,4519.63,15.7,85.02,83.19,165.45,6588473.0,1.65,-0.89,-1.54,2.54,2.71,2.37,0.08,0.3606893006753631,1765.02
2021-10-20,24.2985,113.521,114.343,6.39076,4536.19,15.49,85.76,84.4,166.9,5022036.0,1.65,-0.92,-1.61,2.57,2.77,2.37,0.08,0.1300430369147195,1769.36
2021-10-21,24.1535,113.6322,114.008,6.39467,4549.78,15.01,84.58,82.64,166.75,4412389.0,1.68,-0.96,-1.71,2.64,2.94,2.34,0.08,0.1670845869939136,1782.2
2021-10-22,24.3335,113.6828,113.442,6.38536,4544.9,15.43,85.43,84.53,167.77,10703927.0,1.66,-0.98,-1.69,2.64,2.91,2.37,0.08,0.3634620808539668,1783.34
2021-10-25,24.5715,113.6172,113.7085,6.38475,4566.48,15.24,84.85,84.64,168.93,4881346.0,1.64,-1.02,-1.76,2.66,2.95,2.37,0.08,0.824233869072319,1794.33
2021-10-26,24.1555,113.6863,114.1535,6.3788,4574.79,15.98,85.11,85.64,167.68,6658890.0,1.63,-1.06,-1.79,2.69,2.99,2.39,0.08,1.3831593429591986,1807.38
2021-10-27,24.0655,113.6342,113.8185,6.39358,4551.68,16.98,84.12,82.66,168.12,5823080.0,1.54,-1.11,-1.8,2.65,2.96,2.34,0.08,1.3350061277065914,1793.26
2021-10-28,24.0755,113.453,113.569,6.39624,4596.42,16.53,83.4,82.78,168.08,7000717.0,1.57,-1.0,-1.72,2.57,2.9,2.24,0.08,0.1783075054018377,1796.67
2021-10-29,23.8785,114.149,113.977,6.3927,4605.38,16.26,83.1,83.5,166.65,7531872.0,1.55,-0.96,-1.71,2.51,2.89,2.13,0.07,-0.684936064520647,1799.6
2021-11-01,24.0135,114.2231,114.046,6.39556,4613.67,16.41,84.51,84.08,167.52,4975560.0,1.58,-0.92,-1.66,2.5,2.86,2.14,0.08,-1.303271859251003,1780.88
2021-11-02,23.5165,114.2997,113.966,6.39459,4630.65,16.03,84.42,83.91,167.16,3760736.0,1.56,-0.95,-1.69,2.51,2.84,2.18,0.08,-1.444478665137738,1791.86
2021-11-03,23.5905,114.3754,113.987,6.39398,4660.57,15.1,81.1,80.82,165.77,9055208.0,1.6,-0.93,-1.67,2.53,2.86,2.2,0.08,-1.8729754510828045,1787.11
2021-11-04,23.7745,114.37,113.823,6.39915,4680.06,15.44,80.15,78.88,167.65,6656097.0,1.53,-1.03,-1.78,2.56,2.88,2.24,0.08,-0.3700046901603135,1773.86
2021-11-05,24.1635,114.0865,113.404,6.40072,4697.53,16.48,82.43,81.25,169.84,9368948.0,1.45,-1.09,-1.83,2.54,2.87,2.21,0.08,0.8718059640570845,1791.47
2021-11-08,24.4575,113.8391,113.256,6.3926,4701.7,17.22,83.22,81.96,170.45,4966135.0,1.51,-1.11,-1.81,2.62,2.94,2.3,0.08,1.601180195118608,1818.165
2021-11-09,24.3085,113.7746,112.8985,6.38867,4685.25,17.78,84.52,84.12,171.29,5781180.0,1.46,-1.17,-1.88,2.63,2.96,2.3,0.08,1.86214047261374,1824.89
2021-11-10,24.6395,114.1611,113.8965,6.38877,4646.71,18.73,82.91,81.23,173.15,11461779.0,1.56,-1.14,-1.85,2.7,3.08,2.32,0.08,1.8037981580457416,1831.91
2021-11-12,25.3045,114.5263,113.881,6.37368,4682.85,16.29,82.9,80.87,174.45,7894848.0,1.58,-1.15,-1.87,2.73,3.11,2.35,0.08,0.4722319909533771,1861.86
2021-11-15,25.0645,114.6003,114.14,6.37823,4682.8,16.49,81.94,80.85,174.18,5630808.0,1.63,-1.13,-1.91,2.76,3.17,2.35,0.08,-0.0465051509607063,1867.85
2021-11-16,24.8325,115.149,114.8355,6.38195,4700.9,16.37,82.85,80.76,172.92,8667323.0,1.63,-1.1,-1.9,2.73,3.17,2.29,0.08,-0.9804655721439298,1862.91
2021-11-17,25.0845,115.039,114.161,6.38304,4688.67,17.11,80.67,78.32,174.5,6523061.0,1.6,-1.1,-1.9,2.7,3.14,2.26,0.08,-0.7650002953494954,1850.32
2021-11-18,24.8055,115.0811,114.257,6.38255,4704.54,17.59,82.45,78.92,173.94,6253445.0,1.59,-1.14,-1.89,2.73,3.11,2.35,0.08,-0.7845776146890003,1866.9
2021-11-19,24.5865,115.2318,113.996,6.39325,4697.96,17.91,80.24,76.11,172.61,8787253.0,1.54,-1.11,-1.8,2.65,3.02,2.28,0.08,-0.7154823089241531,1859.23
2021-11-22,24.1845,115.6615,114.8485,6.38474,4682.94,19.17,80.97,76.74,168.74,13100511.0,1.63,-0.98,-1.65,2.61,2.98,2.24,0.08,-1.634222418588199,1847.07
2021-11-23,23.6595,116.026,115.1095,6.38875,4690.7,19.38,83.43,78.32,167.28,8053370.0,1.67,-0.95,-1.67,2.62,3.0,2.24,0.08,-1.4319947509561897,1807.295
2021-11-24,23.5505,116.2855,115.4255,6.38911,4701.46,18.58,82.37,78.32,167.12,5359457.0,1.64,-0.97,-1.69,2.61,3.03,2.19,0.08,-1.4956813884296962,1789.28
2021-11-29,22.9065,116.596,113.632,6.38445,4655.27,22.96,73.34,69.88,166.62,7394940.0,1.52,-1.02,-1.73,2.54,2.91,2.17,0.08,-0.2301921651845627,1791.875
2021-11-30,22.8385,116.2206,113.188,6.37461,4567.0,27.19,70.86,66.14,165.5,12925270.0,1.43,-1.07,-1.66,2.5,2.8,2.2,0.07,0.5859922853557376,1785.15
2021-12-01,22.3345,115.9026,112.8305,6.37334,4513.04,31.12,69.53,65.44,166.16,7825484.0,1.43,-1.01,-1.55,2.44,2.7,2.18,0.08,0.4058995966505978,1775.085
2021-12-02,22.3855,116.0313,113.2025,6.37396,4577.1,27.95,70.56,66.6,165.24,9604118.0,1.44,-1.03,-1.52,2.47,2.73,2.21,0.08,0.0114866563698223,1781.97
2021-12-03,22.5455,116.2511,112.773,6.37381,4538.43,30.67,70.71,66.39,166.63,9507938.0,1.35,-1.08,-1.59,2.43,2.72,2.14,0.08,0.0152304331711744,1769.75
2021-12-06,22.3875,116.1663,113.5015,6.37731,4591.67,27.18,73.38,69.62,166.22,4813624.0,1.43,-1.01,-1.58,2.44,2.79,2.09,0.08,0.0742931053060324,1785.3
2021-12-07,22.4995,115.8676,113.571,6.36636,4686.75,21.89,75.54,71.94,166.81,4900713.0,1.48,-0.99,-1.58,2.47,2.84,2.1,0.08,-0.4636391738679021,1778.935
2021-12-08,22.4325,115.4541,113.7455,6.34907,4701.21,19.9,75.94,72.43,166.9,4288935.0,1.52,-1.0,-1.61,2.52,2.88,2.16,0.08,0.0678847228910837,1784.575
2021-12-09,21.9615,115.7904,113.472,6.34775,4667.45,21.58,74.1,70.87,165.88,4913771.0,1.49,-0.98,-1.54,2.47,2.8,2.14,0.08,-0.3047334202544214,1783.25
2021-12-10,22.1765,115.5852,113.42,6.37341,4712.02,18.69,74.98,71.71,166.58,6450614.0,1.48,-0.96,-1.51,2.44,2.76,2.12,0.08,-0.6163769770996184,1776.02
2021-12-13,22.3345,115.8538,113.582,6.36898,4668.97,20.31,74.12,71.19,167.0,6610673.0,1.42,-0.98,-1.52,2.4,2.73,2.07,0.08,-0.2424141357517212,1783.395
2021-12-14,21.9485,116.252,113.7465,6.3681,4634.09,21.89,73.37,70.57,165.44,8637879.0,1.44,-0.93,-1.43,2.37,2.66,2.08,0.08,-0.6922341906921803,1786.15
2021-12-15,22.0895,116.4342,114.0485,6.37399,4709.85,19.29,73.71,70.89,166.15,14231184.0,1.47,-0.92,-1.41,2.39,2.67,2.11,0.08,-1.16014063396682,1771.32
2021-12-16,22.4815,115.7267,113.718,6.37732,4668.67,20.57,74.64,72.34,168.16,11186197.0,1.44,-0.98,-1.51,2.42,2.7,2.14,0.08,-0.0516723232234961,1778.36
2021-12-17,22.3635,115.8022,113.746,6.38629,4620.64,21.57,72.97,70.93,167.8,9867792.0,1.41,-0.97,-1.47,2.38,2.65,2.11,0.08,-0.0344182720820691,1799.16
2021-12-20,22.2655,116.0206,113.629,6.3879,4568.02,22.87,70.51,68.69,167.09,6972959.0,1.43,-0.96,-1.48,2.39,2.65,2.13,0.08,-0.0978672195135433,1800.04
2021-12-21,22.5155,116.1208,114.0785,6.3787,4649.23,21.01,72.85,71.1,167.02,4548504.0,1.48,-0.96,-1.45,2.44,2.69,2.19,0.08,0.3972024520183736,1791.56
2021-12-22,22.7995,115.7612,114.1185,6.37921,4696.56,18.63,74.69,72.82,168.59,4672941.0,1.46,-1.01,-1.47,2.47,2.7,2.24,0.08,1.0255630155382067,1788.7
2021-12-23,22.8815,115.5469,114.4385,6.37565,4725.79,17.96,76.26,73.89,168.97,4551124.0,1.5,-0.97,-1.47,2.47,2.72,2.22,0.08,0.0946389318102066,1803.935
2021-12-29,22.8285,115.3819,114.989,6.37071,4793.06,16.95,78.63,76.58,168.59,5889714.0,1.55,-0.98,-1.54,2.53,2.83,2.23,0.08,0.0895534972513467,1806.19
2021-12-30,23.0415,115.2969,115.0695,6.37415,4778.73,17.33,78.61,76.83,169.8,5426311.0,1.52,-1.06,-1.59,2.58,2.86,2.3,0.08,0.8573592315198242,1804.48
2022-01-03,22.8985,115.4243,115.3415,6.36578,4796.56,16.6,78.25,75.99,168.33,9014423.0,1.63,-0.97,-1.58,2.6,2.95,2.25,0.08,-0.0518931672605037,1830.05
2022-01-04,23.0495,115.3263,116.143,6.37828,4793.54,16.91,79.39,77.0,169.57,6965598.0,1.66,-0.91,-1.56,2.57,2.93,2.21,0.08,-0.2852102221923252,1802.37
2022-01-05,22.7965,115.1524,116.1275,6.37257,4700.58,19.73,80.6,77.83,169.06,8715585.0,1.71,-0.82,-1.44,2.53,2.87,2.19,0.08,-1.3070664931129528,1814.09
2022-01-06,22.1945,115.4189,115.8535,6.38685,4696.05,19.61,81.99,79.47,166.99,10902661.0,1.73,-0.73,-1.3,2.46,2.77,2.15,0.08,-1.7247570585554557,1810.76
2022-01-07,22.3065,115.0596,115.562,6.38317,4677.03,18.76,82.28,79.0,167.75,8191936.0,1.76,-0.72,-1.28,2.48,2.78,2.18,0.08,-1.4836036117480451,1791.22
2022-01-10,22.4685,115.235,115.22,6.38165,4670.29,19.4,81.56,78.11,168.26,7026475.0,1.78,-0.7,-1.24,2.48,2.77,2.19,0.08,-1.4475607000889523,1796.0
2022-01-11,22.7815,114.8467,115.324,6.38115,4713.07,18.41,84.98,81.17,170.29,8368980.0,1.75,-0.79,-1.36,2.54,2.87,2.21,0.08,-0.3649067515297682,1800.79
2022-01-12,23.1435,114.3713,114.685,6.37115,4726.35,17.62,85.83,82.51,170.74,6280745.0,1.74,-0.74,-1.32,2.48,2.82,2.14,0.08,-0.1529586073441347,1820.82
2022-01-13,23.0875,114.1934,114.184,6.36356,4659.03,20.31,85.8,81.97,170.16,7034202.0,1.7,-0.73,-1.3,2.43,2.77,2.09,0.08,0.6140391291109615,1825.9
2022-01-14,22.9445,114.3968,114.19,6.35354,4662.85,19.19,87.17,83.82,169.67,7865900.0,1.78,-0.66,-1.24,2.44,2.79,2.09,0.08,-0.0081860918801124,1821.585
2022-01-18,23.4795,114.7513,114.606,6.35614,4577.11,22.79,88.83,85.42,169.39,9323046.0,1.87,-0.59,-1.15,2.46,2.8,2.12,0.08,-0.9662784116157496,1818.85
2022-01-19,24.1445,114.6254,114.361,6.35259,4532.76,23.85,89.64,86.84,172.08,15784477.0,1.83,-0.57,-1.11,2.4,2.73,2.07,0.08,-0.916405326798692,1813.67
2022-01-20,24.4755,114.4779,114.111,6.34744,4482.73,25.59,89.75,86.29,171.65,9570477.0,1.83,-0.5,-1.12,2.33,2.74,1.92,0.08,-1.304956156322592,1839.8
2022-01-21,24.2285,114.6261,113.651,6.34427,4397.94,28.85,89.75,85.16,171.09,10982517.0,1.75,-0.59,-1.16,2.34,2.7,1.98,0.08,-0.33871000079153,1839.34
2022-01-24,23.9825,115.2165,113.968,6.32667,4410.13,29.9,87.74,84.48,172.03,15735970.0,1.75,-0.63,-1.21,2.38,2.74,2.02,0.08,0.1670809486386172,1834.54
2022-01-25,23.8125,115.1779,113.8595,6.33565,4356.45,31.16,89.49,86.61,172.58,17382097.0,1.78,-0.63,-1.22,2.41,2.78,2.04,0.08,0.1665476783651439,1842.99
2022-01-26,23.5265,115.1044,114.675,6.32471,4349.93,31.96,91.22,88.33,169.79,17799403.0,1.85,-0.53,-1.09,2.38,2.75,2.01,0.08,-0.2282850034394544,1847.955
2022-01-27,22.7765,115.9874,115.3145,6.36581,4326.51,30.49,90.7,87.61,167.6,15875306.0,1.81,-0.59,-1.1,2.4,2.76,2.04,0.08,0.0371644031221544,1820.015
2022-01-28,22.4075,116.049,115.245,6.36775,4431.85,27.66,91.47,87.67,167.1,9782484.0,1.78,-0.66,-1.19,2.44,2.8,2.08,0.08,-0.0953386109565786,1798.075
2022-01-31,22.4685,115.5742,115.119,6.37956,4515.55,24.83,92.35,89.16,168.09,8539265.0,1.79,-0.65,-1.2,2.44,2.82,2.06,0.08,0.0002241318101275,1790.41
2022-02-01,22.6405,115.3775,114.6965,6.36956,4546.54,21.96,90.24,88.22,168.23,9763909.0,1.81,-0.62,-1.17,2.43,2.8,2.06,0.08,-0.2502989962024888,1797.985
2022-02-02,22.6545,115.1643,114.446,6.36282,4589.38,22.09,91.43,88.16,168.84,9085285.0,1.78,-0.63,-1.19,2.41,2.79,2.03,0.08,0.393006872727365,1800.655
2022-02-03,22.4225,114.9175,114.9715,6.36669,4477.44,24.35,92.99,90.17,168.6,10650800.0,1.82,-0.56,-1.1,2.38,2.76,2.0,0.08,0.2450634642436419,1807.07
2022-02-04,22.5035,115.1473,115.192,6.35928,4500.53,23.22,96.86,92.27,168.86,9619611.0,1.93,-0.48,-1.0,2.41,2.78,2.04,0.08,-0.6156744627061497,1805.39
2022-02-07,23.0105,115.0209,115.0865,6.36227,4483.87,22.86,97.28,91.25,170.11,7796866.0,1.92,-0.48,-0.99,2.4,2.75,2.05,0.08,-0.693176454164401,1807.59
2022-02-08,23.1895,115.0999,115.5525,6.37075,4521.54,21.44,96.07,89.32,170.63,5801993.0,1.96,-0.46,-0.96,2.42,2.77,2.07,0.08,-0.680872711529223,1820.93
2022-02-09,23.3135,114.8329,115.5525,6.36678,4587.18,19.96,94.95,89.57,171.21,8002766.0,1.94,-0.48,-0.96,2.42,2.78,2.06,0.08,-0.6233272159650624,1826.01
2022-02-10,23.1965,114.5618,116.047,6.36033,4504.08,23.91,96.37,89.83,170.56,10693524.0,2.03,-0.42,-0.85,2.45,2.81,2.09,0.08,-0.3984085659097433,1832.76
2022-02-11,23.6125,114.8489,115.294,6.36346,4418.64,27.36,97.5,93.1,173.81,25741494.0,1.92,-0.51,-0.98,2.43,2.82,2.04,0.08,0.4834152139780329,1826.775
2022-02-14,23.8525,115.2008,115.545,6.36306,4401.67,28.33,101.66,95.52,174.74,13650704.0,1.98,-0.5,-1.01,2.48,2.91,2.05,0.08,0.3368220322995782,1861.01
2022-02-15,23.3655,114.9357,115.623,6.35229,4471.07,25.7,98.43,92.07,173.08,12607006.0,2.05,-0.43,-0.95,2.48,2.89,2.07,0.08,0.1797606731234061,1871.49
2022-02-16,23.5895,114.6954,115.474,6.33814,4475.01,24.29,97.44,93.83,174.86,12772069.0,2.03,-0.43,-0.97,2.46,2.87,2.05,0.08,0.0333745021515436,1853.83
2022-02-17,23.8345,114.682,114.9585,6.33585,4380.26,28.11,95.28,91.78,177.25,18612546.0,1.97,-0.46,-1.02,2.43,2.87,1.99,0.08,0.2508944392008826,1869.75
2022-02-18,23.9265,114.8036,115.084,6.32116,4348.87,27.75,96.18,91.26,177.12,12760663.0,1.92,-0.49,-1.04,2.41,2.86,1.96,0.08,-0.0760705096105761,1898.63
2022-02-22,24.1055,114.7054,115.0615,6.32894,4304.76,28.81,98.73,92.11,177.49,14960494.0,1.94,-0.51,-1.04,2.45,2.89,2.01,0.08,0.5760868161522112,1908.21
2022-02-23,24.5515,114.6718,114.9905,6.31186,4225.5,31.02,99.29,92.14,178.29,11772201.0,1.99,-0.54,-1.12,2.53,3.01,2.05,0.08,0.8879863343962201,1898.94
2022-02-24,24.2225,115.9478,115.511,6.3217,4288.7,30.32,101.29,92.77,177.14,32725999.0,1.96,-0.59,-1.21,2.55,3.05,2.05,0.08,0.3414405036217638,1910.4
2022-02-25,24.2475,115.2633,115.533,6.31545,4384.65,27.59,98.56,91.68,176.55,11530929.0,1.97,-0.57,-1.16,2.54,3.02,2.06,0.08,0.4461843317946529,1906.015
2022-02-28,24.4525,115.2317,115.001,6.31143,4373.94,30.15,103.08,96.13,178.38,16055844.0,1.83,-0.79,-1.4,2.62,3.11,2.13,0.08,1.8334522019605148,1889.24
2022-03-01,25.3745,115.8062,114.9065,6.316,4306.26,33.32,110.93,103.66,181.62,21942127.0,1.72,-0.9,-1.58,2.62,3.14,2.1,0.08,1.7565601695184418,1907.645
2022-03-02,25.3005,115.7727,115.518,6.3175,4386.54,30.74,118.94,110.74,179.73,19727192.0,1.86,-0.85,-1.49,2.71,3.23,2.19,0.08,1.2621602104321663,1944.305
2022-03-03,25.1835,115.9592,115.47,6.327,4363.49,30.48,115.36,107.69,180.8,14826051.0,1.86,-0.83,-1.43,2.69,3.17,2.21,0.08,1.3811559262898596,1928.965
2022-03-04,25.5905,116.661,114.814,6.3202,4328.87,31.98,123.86,115.77,183.68,22412092.0,1.74,-0.93,-1.54,2.67,3.19,2.15,0.08,1.2917960934479604,1937.23
2022-03-07,25.6755,117.3406,115.338,6.3234,4201.09,36.45,129.02,119.26,186.41,27951785.0,1.78,-0.99,-1.58,2.77,3.29,2.25,0.08,0.2743321937828102,1970.93
2022-03-08,26.412,117.6281,115.674,6.3193,4170.7,35.13,133.18,123.64,191.51,47347678.0,1.86,-1.04,-1.63,2.9,3.43,2.37,0.08,0.2803001489090007,1996.775
2022-03-09,25.7795,116.6057,115.8765,6.321,4277.88,32.45,116.58,108.81,185.82,26839671.0,1.94,-0.9,-1.46,2.84,3.33,2.35,0.08,0.0744830526073368,2049.48
2022-03-10,25.9175,116.75,116.135,6.3292,4259.52,30.23,114.54,105.93,186.4,18455213.0,1.98,-0.88,-1.5,2.86,3.42,2.3,0.08,0.1239401050541703,1991.62
2022-03-11,25.8215,117.0294,117.251,6.34429,4204.31,30.75,118.11,109.31,185.09,14824715.0,2.0,-0.94,-1.56,2.94,3.52,2.36,0.08,0.2784130770687746,1997.12
2022-03-14,25.1005,117.1594,118.277,6.37869,4173.11,31.77,110.39,103.22,182.3,13186389.0,2.14,-0.79,-1.4,2.93,3.5,2.36,0.08,-0.6602468582637709,1980.54
2022-03-15,24.8815,117.2533,118.319,6.40333,4262.45,29.83,105.14,96.42,178.89,16962273.0,2.15,-0.69,-1.32,2.84,3.42,2.26,0.08,-1.5860692308266562,1953.56
2022-03-16,25.0625,116.8135,118.853,6.3687,4357.86,26.67,104.61,94.85,180.01,17548090.0,2.19,-0.61,-1.16,2.8,3.34,2.26,0.08,-1.5531049035469175,1916.25
2022-03-17,25.3345,116.0544,118.558,6.36308,4411.67,25.67,113.5,102.97,180.89,10954139.0,2.2,-0.71,-1.34,2.91,3.51,2.31,0.33,-0.4276148391873917,1925.86
2022-03-18,24.9715,116.1447,119.1535,6.37361,4463.12,23.87,114.32,104.69,179.3,13996452.0,2.14,-0.72,-1.34,2.86,3.48,2.24,0.33,-0.8098547329834704,1941.27
2022-03-21,25.2295,115.9467,119.474,6.36536,4461.18,23.53,122.29,112.14,180.67,10582224.0,2.32,-0.58,-1.19,2.9,3.52,2.28,0.33,-0.5455770731571937,1920.22
2022-03-22,24.7795,116.0888,121.191,6.37751,4511.61,22.94,121.53,111.03,179.36,9621751.0,2.38,-0.53,-1.13,2.91,3.52,2.3,0.33,-0.1666018133501031,1936.24
2022-03-23,25.1505,116.0101,121.096,6.38495,4456.24,23.57,127.52,114.89,181.81,12557272.0,2.32,-0.62,-1.23,2.94,3.57,2.31,0.33,0.5833630425459073,1920.74
2022-03-24,25.5475,115.9651,122.387,6.38543,4520.16,21.67,123.98,114.2,183.13,10970070.0,2.34,-0.58,-1.2,2.92,3.57,2.27,0.33,-0.5822906765072933,1945.16
2022-03-25,25.5245,115.7953,122.091,6.37472,4543.06,20.81,122.67,116.2,182.38,7914035.0,2.48,-0.47,-1.04,2.95,3.59,2.31,0.33,-0.8070850982134692,1958.33
2022-03-28,24.8745,116.1953,123.894,6.38551,4575.52,19.63,114.5,107.55,179.06,9489725.0,2.46,-0.49,-1.02,2.95,3.56,2.34,0.33,-0.5019192439958096,1959.24
2022-03-29,24.7775,115.572,122.8845,6.38016,4631.6,18.9,112.79,104.25,179.14,10458927.0,2.41,-0.45,-0.91,2.86,3.4,2.32,0.33,-0.2648676552655333,1923.06
2022-03-30,24.8665,115.0857,121.8765,6.3597,4602.45,19.33,115.59,107.81,180.58,8361286.0,2.35,-0.51,-0.97,2.86,3.41,2.31,0.33,-0.2457845134390636,1920.21
2022-03-31,24.7925,115.2254,121.686,6.34893,4530.41,20.56,107.29,100.53,180.65,9844398.0,2.32,-0.52,-0.92,2.84,3.34,2.34,0.33,-0.0361513572320676,1933.31
2022-04-01,24.6035,115.4835,122.538,6.36558,4545.86,19.63,106.13,99.32,179.5,13034395.0,2.39,-0.41,-0.73,2.8,3.28,2.32,0.33,-0.3469135413200165,1937.58
2022-04-04,24.5355,115.4121,122.793,6.37362,4582.64,18.57,108.15,103.29,180.37,7063124.0,2.42,-0.38,-0.72,2.8,3.28,2.32,0.33,-0.3268083894324701,1925.5
2022-04-05,24.3295,115.7328,123.6045,6.36963,4525.12,21.03,106.6,101.98,179.24,10828531.0,2.54,-0.3,-0.62,2.84,3.31,2.37,0.33,-0.636149983907174,1932.89
2022-04-06,24.4585,116.002,123.792,6.36742,4481.15,22.1,100.81,96.39,179.66,8942121.0,2.61,-0.22,-0.58,2.83,3.28,2.38,0.33,-1.5598582849471685,1923.81
2022-04-07,24.5905,116.3541,123.9655,6.36686,4500.21,21.55,99.83,96.05,180.34,10140585.0,2.66,-0.16,-0.56,2.82,3.26,2.38,0.33,-1.9437021577085436,1925.25
2022-04-08,24.7265,116.42,124.353,6.36746,4488.28,21.16,101.26,98.35,181.47,10655681.0,2.72,-0.15,-0.57,2.87,3.33,2.41,0.33,-1.2698944588956331,1931.6
2022-04-11,25.0915,116.5423,125.4035,6.37888,4412.53,24.37,97.92,94.22,182.37,10071319.0,2.79,-0.12,-0.58,2.91,3.37,2.45,0.33,-1.16864520663525,1947.06
2022-04-12,25.3755,116.387,125.383,6.37822,4397.45,24.26,104.42,100.52,183.77,12024560.0,2.72,-0.14,-0.65,2.86,3.31,2.41,0.33,-0.7562110549306499,1954.16
2022-04-13,25.7405,116.2793,125.6905,6.37627,4446.59,21.82,108.49,104.26,184.65,8651635.0,2.7,-0.1,-0.59,2.8,3.25,2.35,0.33,-0.5838822475730387,1967.08
2022-04-14,25.65,116.7552,125.9305,6.38075,4392.59,22.7,110.83,106.84,184.04,11567178.0,2.83,-0.06,-0.54,2.89,3.33,2.45,0.33,-0.3632463503300958,1977.56
2022-04-19,25.1815,117.1322,128.9395,6.39891,4462.21,21.37,105.49,102.54,181.82,12585622.0,2.93,0.0,-0.45,2.93,3.36,2.5,0.33,-0.7739256902880781,1977.81
2022-04-20,25.1955,116.7325,127.972,6.43603,4459.45,20.32,105.05,102.56,182.71,7038625.0,2.85,-0.07,-0.49,2.92,3.36,2.48,0.33,-0.0912762505918207,1950.35
2022-04-21,24.6565,117.1454,128.414,6.47043,4393.66,22.68,107.2,103.89,182.06,9639834.0,2.9,-0.12,-0.41,3.02,3.37,2.67,0.33,0.3522518096383397,1957.17
2022-04-22,24.1715,118.0205,128.542,6.52636,4271.78,28.21,105.15,102.86,180.29,9146973.0,2.9,-0.08,-0.43,2.98,3.37,2.59,0.33,-0.2985814663088018,1951.11
2022-04-25,23.6315,118.6298,128.1535,6.59045,4296.12,27.02,99.27,99.6,177.05,13073688.0,2.81,-0.1,-0.43,2.91,3.27,2.55,0.33,-0.5022222242972066,1932.05
2022-04-26,23.5145,118.9658,127.22,6.56863,4175.2,33.52,102.89,102.62,177.32,9042403.0,2.77,-0.08,-0.46,2.85,3.25,2.45,0.33,-0.2873417158029789,1898.67
2022-04-27,23.3095,119.472,128.4855,6.58098,4183.96,31.6,103.3,101.96,175.98,8854721.0,2.82,-0.06,-0.47,2.88,3.28,2.48,0.33,-0.968036443646082,1905.93
2022-04-28,23.1575,120.0703,130.859,6.64163,4287.5,29.99,105.78,105.47,176.93,6384762.0,2.85,-0.12,-0.53,2.97,3.39,2.55,0.33,-1.0710457636787778,1885.83
2022-04-29,22.7695,119.4936,129.763,6.62024,4131.93,33.4,108.36,104.59,176.91,7719702.0,2.89,0.01,-0.38,2.88,3.3,2.46,0.33,-0.9335212588706931,1894.91
2022-05-05,22.5205,120.0043,130.2065,6.64784,4146.87,31.2,112.11,108.17,175.13,12794160.0,3.05,0.18,-0.22,2.87,3.23,2.51,0.83,-0.7886719717697472,1883.25
2022-05-06,22.3735,119.8544,130.545,6.70801,4123.34,30.19,113.86,109.72,175.42,7643269.0,3.12,0.26,-0.16,2.86,3.22,2.5,0.83,-0.6376608368920428,1877.15
2022-05-09,21.7985,120.4949,130.366,6.7701,3991.24,34.75,106.67,103.08,172.88,10742410.0,3.05,0.3,-0.11,2.75,3.06,2.44,0.83,-0.6353158296998727,1882.28
2022-05-10,21.2735,120.7716,130.438,6.74806,4001.05,32.99,102.61,99.74,171.42,11010440.0,2.99,0.34,-0.01,2.65,2.92,2.38,0.83,-1.2904411044729662,1854.46
2022-05-11,21.5755,120.3896,129.97,6.74514,3935.18,32.56,107.7,105.5,172.82,9179592.0,2.91,0.21,-0.11,2.7,3.0,2.4,0.83,-0.8519506314352762,1838.85
2022-05-12,20.6865,121.273,128.434,6.81309,3930.08,31.77,108.06,106.15,170.17,11626799.0,2.84,0.25,-0.08,2.59,2.89,2.29,0.83,-1.0640274408563088,1852.02
2022-05-13,21.0455,120.8379,129.326,6.81377,4023.89,28.87,112.12,110.52,168.79,13031057.0,2.93,0.24,-0.14,2.69,3.03,2.35,0.83,-0.4603995907007744,1822.51
2022-05-16,21.6225,120.6812,129.0795,6.81249,4008.01,27.47,114.86,114.07,170.4,7319277.0,2.88,0.2,-0.21,2.68,3.04,2.32,0.83,0.2287545139101084,1811.51
2022-05-17,21.6325,119.8816,129.3655,6.76108,4088.85,26.1,112.89,112.31,169.33,6441110.0,2.98,0.27,-0.12,2.71,3.08,2.34,0.83,0.7629382867585326,1825.78
2022-05-18,21.4125,120.022,128.3185,6.75032,3923.68,30.96,110.04,109.67,169.42,7472850.0,2.89,0.17,-0.16,2.72,3.05,2.39,0.83,0.4670696024670984,1814.68
2022-05-19,21.9285,119.4244,127.754,6.77777,3900.79,29.35,113.22,112.21,171.91,10580267.0,2.84,0.25,-0.13,2.59,2.97,2.21,0.83,0.8729693036900535,1816.54
2022-05-20,21.7625,119.3617,127.858,6.67769,3901.36,29.43,113.63,112.63,172.03,6578056.0,2.78,0.23,-0.08,2.55,2.88,2.22,0.83,0.5907210451104418,1841.86
2022-05-23,21.7985,118.712,127.9025,6.65654,3973.75,28.48,115.13,110.32,172.83,5518503.0,2.86,0.26,-0.04,2.6,2.92,2.28,0.83,0.6117557194704221,1846.0
2022-05-24,22.1115,118.6208,126.8545,6.68038,3941.48,29.45,115.77,112.55,174.13,6793991.0,2.76,0.21,-0.11,2.55,2.87,2.23,0.83,0.7036272916761577,1853.73
2022-05-25,21.9905,118.9561,127.2545,6.6811,3978.73,28.37,116.41,112.88,173.08,4595917.0,2.75,0.19,-0.17,2.56,2.88,2.24,0.83,0.2055847851720066,1865.71
2022-05-26,22.0145,118.7671,127.1215,6.74935,4057.84,27.5,119.81,116.19,172.76,6466982.0,2.75,0.13,-0.26,2.62,2.96,2.28,0.83,0.8713261727823283,1853.2
2022-05-27,22.0795,118.2796,127.13,6.73337,4158.24,25.72,121.19,114.96,172.85,3847871.0,2.74,0.11,-0.24,2.63,2.95,2.31,0.83,1.072724837256247,1851.21
2022-05-31,21.5595,118.0689,128.7015,6.67226,4132.15,26.19,125.53,114.38,171.14,6243967.0,2.85,0.21,-0.15,2.64,2.96,2.32,0.83,0.4223031716422147,1855.165
2022-06-01,21.8355,118.6936,130.148,6.69297,4101.23,25.69,122.2,115.26,172.23,6946516.0,2.94,0.29,-0.02,2.65,2.96,2.34,0.83,-0.0697347809002785,1836.92
2022-06-03,21.9255,118.2138,130.853,6.63013,4108.54,24.79,125.68,118.97,172.58,5519407.0,2.96,0.22,-0.09,2.74,3.04,2.44,0.83,-0.1283314328585501,1869.13
2022-06-06,22.0845,118.3053,131.91,6.64424,4121.43,25.07,124.99,118.41,171.82,3766042.0,3.04,0.28,-0.02,2.76,3.05,2.47,0.83,-0.0886013481090168,1850.81
2022-06-07,22.2305,118.4401,132.639,6.6689,4160.68,24.02,126.89,119.55,172.94,3860035.0,2.98,0.25,-0.04,2.73,3.03,2.43,0.83,-0.1058241499742619,1841.12
2022-06-08,22.0475,118.3944,134.236,6.69238,4115.77,23.96,129.2,121.94,172.78,5140816.0,3.03,0.28,-0.03,2.75,3.06,2.44,0.83,0.392097365930358,1852.68
2022-06-09,21.6895,118.9193,134.398,6.66896,4017.82,26.09,128.47,121.52,172.23,4701143.0,3.04,0.29,-0.01,2.75,3.08,2.42,0.83,-0.1914350476244143,1852.96
2022-06-10,21.8765,119.9942,134.382,6.70029,3900.86,27.75,127.44,120.73,174.54,16856138.0,3.15,0.39,0.12,2.76,3.13,2.39,0.83,-1.1734531580051797,1848.07
2022-06-13,21.0925,121.1517,134.4195,6.75046,3749.63,34.02,128.44,120.92,169.93,13265243.0,3.43,0.69,0.45,2.74,3.11,2.37,0.83,-2.418031259563519,1871.53
2022-06-14,21.0365,121.6668,135.566,6.7469,3735.48,32.69,127.02,118.92,168.57,7347935.0,3.49,0.89,0.73,2.6,2.88,2.32,0.83,-3.434746642418048,1820.48
2022-06-15,21.6805,121.6382,133.85,6.72447,3789.99,29.62,124.96,115.32,170.77,9000294.0,3.33,0.63,0.38,2.7,3.0,2.4,0.83,-2.284610933065126,1808.75
2022-06-16,21.9505,120.6755,132.323,6.72046,3666.77,32.95,125.78,117.56,172.69,8823558.0,3.28,0.66,0.48,2.62,2.87,2.37,1.58,-1.866959525552633,1833.74
2022-06-17,21.6585,121.2389,134.976,6.70919,3674.84,31.13,119.22,109.56,171.27,7407223.0,3.25,0.67,0.54,2.58,2.8,2.36,1.58,-1.480088138740688,1855.58
2022-06-21,21.6905,120.646,136.672,6.69334,3764.79,30.19,118.51,110.49,170.63,5608485.0,3.31,0.7,0.54,2.61,2.84,2.38,1.58,1.1614768436314622,1838.34
2022-06-22,21.4235,120.5232,136.162,6.71765,3759.89,28.95,115.54,106.22,171.31,6558656.0,3.16,0.62,0.48,2.54,2.74,2.34,1.58,0.3549140280000719,1833.03
2022-06-23,20.9595,120.7646,134.9475,6.70839,3795.73,29.05,114.5,105.75,170.26,6535261.0,3.09,0.59,0.45,2.5,2.69,2.31,1.58,0.1157455943385613,1837.82
2022-06-24,21.1455,120.4897,135.203,6.68965,3911.74,27.23,117.36,109.07,170.09,6143081.0,3.13,0.57,0.36,2.56,2.82,2.3,1.58,0.6713063338341193,1823.32
2022-06-27,21.1515,120.1789,135.451,6.68688,3900.11,26.95,119.69,111.44,169.9,5719684.0,3.2,0.65,0.45,2.55,2.79,2.31,1.58,-0.1749488471376963,1838.0
2022-06-28,20.8605,120.6254,136.1385,6.68523,3821.55,28.36,122.21,113.66,169.62,2984450.0,3.2,0.72,0.52,2.48,2.73,2.23,1.58,-0.1295196548957816,1822.73
2022-06-29,20.7485,120.9689,136.5635,6.70372,3818.83,28.16,120.8,111.65,169.49,4785576.0,3.1,0.74,0.56,2.36,2.59,2.13,1.58,-0.6943977151944483,1820.08
2022-06-30,20.2755,120.9718,135.745,6.70263,3785.38,28.71,119.78,107.76,168.46,9144391.0,2.98,0.65,0.43,2.33,2.58,2.08,1.58,-0.3709874156194743,1817.86
2022-07-01,19.8725,121.5123,135.298,6.70363,3825.33,26.7,119.21,110.3,168.32,11380332.0,2.88,0.54,0.28,2.34,2.6,2.08,1.58,-0.4348597049122945,1807.3
2022-07-05,19.2285,122.6276,135.8425,6.70819,3831.39,27.54,110.49,101.55,164.75,14035426.0,2.82,0.52,0.31,2.3,2.51,2.09,1.58,-0.150067376621576,1807.95
2022-07-06,19.2025,123.0165,135.929,6.71116,3845.08,26.73,108.54,100.31,162.14,11861144.0,2.93,0.64,0.48,2.29,2.48,2.1,1.58,-0.3559839185046272,1766.33
2022-07-07,19.2355,122.7336,136.024,6.70796,3902.62,26.08,113.4,104.62,162.23,4588418.0,3.01,0.68,0.52,2.33,2.53,2.13,1.58,-0.6154299284894084,1739.7
2022-07-08,19.3005,122.4724,136.062,6.70362,3899.38,24.64,113.95,106.78,162.3,4584112.0,3.09,0.72,0.51,2.37,2.62,2.12,1.58,-0.7817424715811607,1740.38
2022-07-11,19.1185,123.3062,137.436,6.70777,3854.43,26.17,114.85,106.09,161.43,4321663.0,2.99,0.67,0.49,2.32,2.56,2.08,1.58,-0.5225646301713681,1743.08
2022-07-12,18.9375,123.4612,136.869,6.73304,3818.8,27.29,106.98,97.69,160.83,5375081.0,2.96,0.64,0.51,2.32,2.5,2.14,1.58,-0.4944816436306174,1733.56
2022-07-13,19.2145,123.293,137.4145,6.72782,3801.78,26.82,107.17,98.44,161.6,8456636.0,2.91,0.6,0.51,2.31,2.51,2.11,1.58,0.2615002771910208,1726.125
2022-07-14,18.4255,124.0717,138.985,6.7491,3790.38,26.4,107.74,97.79,159.33,12213614.0,2.96,0.62,0.52,2.34,2.54,2.14,1.58,-0.0508656851100793,1735.85
2022-07-15,18.6645,123.4842,138.526,6.7705,3863.16,24.23,112.26,99.59,159.01,6783785.0,2.93,0.57,0.46,2.36,2.59,2.13,1.58,0.326492857880677,1710.81
2022-07-18,18.6985,122.78,138.145,6.73821,3830.85,25.3,117.27,104.48,159.16,5791779.0,2.96,0.59,0.43,2.37,2.63,2.11,1.58,0.7097697473897856,1708.1
2022-07-19,18.7525,122.4922,138.184,6.74343,3936.69,24.5,114.96,106.12,159.54,3796198.0,3.01,0.62,0.47,2.39,2.67,2.11,1.58,0.6482314131023061,1709.54
2022-07-20,18.6775,122.6096,138.2475,6.75606,3959.9,23.88,115.86,104.45,158.04,4795846.0,3.04,0.66,0.51,2.38,2.67,2.09,1.58,0.2670577073512779,1711.77
2022-07-21,18.8565,122.9169,137.384,6.78055,3998.95,23.11,112.81,98.44,160.27,5863333.0,2.91,0.58,0.45,2.33,2.55,2.11,1.58,0.6443409048307248,1696.51
2022-07-22,18.5805,122.4643,135.994,6.77338,3961.63,23.03,106.77,97.71,160.67,5733753.0,2.77,0.43,0.31,2.34,2.56,2.12,1.58,0.962182487165027,1718.0
2022-07-25,18.4355,122.4721,136.662,6.74612,3966.84,23.36,108.23,99.83,160.23,3713368.0,2.81,0.45,0.31,2.36,2.58,2.14,1.58,0.703959103055358,1727.39
2022-07-26,18.6265,122.7698,136.916,6.76307,3921.05,24.69,107.32,97.74,160.04,2672764.0,2.81,0.45,0.33,2.36,2.56,2.16,1.58,0.6120767352062249,1719.3
2022-07-27,19.0895,122.8281,136.579,6.75685,4023.61,23.24,109.64,100.03,161.67,5709082.0,2.78,0.36,0.21,2.42,2.61,2.23,1.58,1.1373038068824912,1717.64
2022-07-28,20.0145,122.1267,134.324,6.74954,4072.43,22.33,109.68,99.11,163.64,5606353.0,2.68,0.2,0.02,2.48,2.67,2.29,2.33,1.882684826976841,1734.45
2022-07-29,20.2695,121.7793,133.36,6.73988,4130.29,21.33,111.51,101.31,164.1,7537307.0,2.67,0.14,-0.03,2.53,2.73,2.33,2.32,1.565626058151907,1755.89
2022-08-01,20.3595,121.4218,131.663,6.76316,4118.63,22.84,106.09,96.59,165.03,4666912.0,2.6,0.09,-0.06,2.51,2.72,2.3,2.33,1.870307483633624,1765.7
2022-08-02,19.9895,121.9609,133.1815,6.76987,4091.19,23.93,106.51,97.14,164.05,5725388.0,2.75,0.27,0.16,2.48,2.69,2.27,2.33,1.1502827378049696,1772.24
2022-08-03,20.0605,122.4002,133.8415,6.76335,4155.17,21.95,101.82,93.25,164.45,4417759.0,2.73,0.23,0.14,2.5,2.72,2.28,2.33,0.7806652308477152,1762.12
2022-08-04,20.1815,121.8436,133.0195,6.76621,4151.94,21.44,97.99,91.29,167.17,5502000.0,2.68,0.22,0.12,2.46,2.64,2.28,2.33,0.1172238497895723,1765.31
2022-08-05,19.8815,122.33,135.048,6.75705,4145.19,21.15,100.31,91.77,165.29,6023291.0,2.83,0.37,0.33,2.46,2.64,2.28,2.33,-0.8972115248482757,1790.77
2022-08-08,20.6715,121.8887,134.9935,6.76966,4140.06,21.29,103.46,93.52,166.69,3457314.0,2.77,0.29,0.26,2.48,2.65,2.31,2.33,-0.7481149653530991,1775.24
2022-08-09,20.5335,121.8719,135.0995,6.75495,4122.47,21.77,103.81,93.18,167.2,3205505.0,2.8,0.33,0.31,2.47,2.66,2.28,2.33,-0.0920731765008518,1788.97
2022-08-10,20.5945,120.7648,132.8705,6.75963,4210.24,19.74,105.06,94.68,166.78,4077274.0,2.78,0.35,0.32,2.43,2.61,2.25,2.33,0.1678470822345285,1795.24
2022-08-11,20.3105,120.7281,133.01,6.73975,4207.27,20.2,107.19,97.02,166.34,4445977.0,2.87,0.4,0.31,2.47,2.67,2.27,2.33,-0.0641745189492668,1792.3
2022-08-12,20.8045,121.0272,133.487,6.74192,4280.15,19.53,103.7,94.86,167.87,5151653.0,2.84,0.37,0.3,2.47,2.67,2.27,2.33,0.559686658303747,1789.76
2022-08-15,20.2695,121.4382,133.2825,6.78151,4297.14,19.95,98.25,92.24,165.71,5236292.0,2.79,0.35,0.29,2.44,2.62,2.26,2.33,0.0108565682016247,1801.9
2022-08-16,20.1365,121.6889,134.239,6.80494,4305.2,19.69,95.36,89.23,165.42,4291529.0,2.82,0.38,0.34,2.44,2.61,2.27,2.33,-0.0548037531687144,1780.12
2022-08-17,19.7955,122.0802,135.1055,6.78999,4274.04,19.9,97.22,90.85,164.35,5569071.0,2.89,0.43,0.39,2.46,2.65,2.27,2.33,-0.5253648243383765,1775.88
2022-08-18,19.5415,122.3722,135.879,6.80154,4283.74,19.56,96.35,93.2,163.92,3646087.0,2.88,0.36,0.32,2.52,2.7,2.34,2.33,-0.2500284125565324,1762.4
2022-08-19,19.0525,123.0596,136.791,6.82333,4228.48,20.6,96.45,93.55,162.72,8172954.0,2.98,0.43,0.39,2.55,2.72,2.38,2.33,-0.6027004942618773,1759.1
2022-08-22,18.9925,123.6123,137.5045,6.85599,4137.99,23.8,95.06,93.42,161.64,4458113.0,3.03,0.46,0.43,2.57,2.74,2.4,2.33,-0.6580367212931136,1747.15
2022-08-23,19.1145,123.0617,136.741,6.86626,4128.73,24.11,99.49,96.46,162.77,4425075.0,3.05,0.47,0.41,2.58,2.77,2.39,2.33,-0.2897619586895074,1735.93
2022-08-24,19.1165,123.1136,137.1095,6.8774,4140.77,22.82,99.87,95.52,163.25,3202411.0,3.11,0.49,0.41,2.62,2.79,2.45,2.33,-0.0862352601009128,1748.0
2022-08-25,19.2515,123.0645,136.495,6.85684,4199.12,21.78,98.81,93.33,163.75,2857488.0,3.03,0.43,0.38,2.6,2.77,2.43,2.33,-0.1287626591208668,1751.31
2022-08-26,18.8555,123.0709,137.456,6.87093,4057.66,25.56,101.13,93.63,161.76,6689259.0,3.04,0.47,0.47,2.57,2.73,2.41,2.33,0.175207131540474,1758.76
2022-08-30,18.4345,123.6893,138.7755,6.90815,3986.16,26.21,99.34,92.08,160.51,4856576.0,3.11,0.56,0.6,2.55,2.67,2.43,2.33,-0.3330328676405097,1737.65
2022-08-31,17.9945,123.5407,139.089,6.90855,3955.0,25.87,96.55,90.09,159.27,5438641.0,3.15,0.67,0.72,2.48,2.58,2.38,2.33,-0.6772774937950102,1723.25
2022-09-01,17.8135,124.4045,140.2205,6.90221,3966.85,25.56,92.24,87.09,157.87,7390755.0,3.26,0.81,0.87,2.45,2.52,2.38,2.33,-1.5932829262805426,1711.07
2022-09-02,17.9855,123.7771,140.24,6.91315,3924.26,25.47,93.09,87.29,159.26,5196908.0,3.2,0.73,0.75,2.47,2.55,2.39,2.33,-1.020560709302324,1696.85
2022-09-06,18.0095,124.7719,142.775,6.9705,3908.19,26.91,91.43,87.35,158.33,4863819.0,3.33,0.85,0.87,2.48,2.56,2.4,2.33,-1.1634320784409524,1709.7
2022-09-07,18.4585,124.8457,143.7475,6.98903,3979.87,24.64,86.83,82.5,159.94,3981410.0,3.27,0.82,0.86,2.45,2.51,2.39,2.33,-0.7904710059233835,1702.12
2022-09-08,18.5395,124.584,144.119,6.96434,4006.18,23.61,87.99,84.04,158.98,4607118.0,3.29,0.88,0.93,2.41,2.46,2.36,2.33,-0.1992776363151634,1718.22
2022-09-09,18.7985,123.7954,142.693,6.92484,4067.36,22.79,91.68,87.27,159.82,3927788.0,3.33,0.91,0.94,2.42,2.51,2.33,2.33,-0.5143573923335417,1708.69
2022-09-12,19.8045,123.3441,142.8155,6.92416,4110.41,23.87,93.45,88.18,160.63,4537530.0,3.37,0.95,0.95,2.42,2.52,2.32,2.33,-0.2133842280215266,1717.49
2022-09-13,19.3455,124.4342,144.689,6.93565,3932.69,27.27,92.04,87.84,158.54,6526388.0,3.42,0.98,1.02,2.44,2.56,2.32,2.33,-0.1577359672612693,1724.84
2022-09-14,19.6355,124.4593,143.148,6.96967,3946.01,26.16,92.83,88.88,157.93,6091085.0,3.41,0.95,0.98,2.46,2.62,2.3,2.33,-0.046461429952091,1701.63
2022-09-15,19.1755,124.8944,143.4845,6.99112,3901.35,26.27,89.28,85.72,154.98,13181203.0,3.45,1.02,1.09,2.43,2.57,2.29,2.33,-0.2679013653128153,1697.345
2022-09-16,19.5365,124.8879,142.913,7.02746,3873.33,26.3,89.43,85.57,155.84,7141210.0,3.45,1.07,1.13,2.38,2.49,2.27,2.33,-0.6507939042564181,1665.17
2022-09-20,19.2785,125.1324,143.732,7.0228,3855.93,27.16,89.62,84.69,155.07,5943724.0,3.57,1.17,1.27,2.4,2.48,2.32,2.33,-0.6827714853014897,1675.8
2022-09-21,19.5635,125.7464,144.077,7.04797,3789.93,27.99,89.86,83.38,155.79,7816071.0,3.51,1.13,1.27,2.38,2.47,2.29,2.33,-0.8550475740679074,1665.01
2022-09-22,19.6385,126.1668,142.339,7.08645,3757.99,27.35,90.4,84.02,155.7,5975237.0,3.7,1.29,1.46,2.41,2.45,2.37,3.08,-1.0459996834379215,1673.21
2022-09-23,18.8635,127.2867,143.299,7.12542,3693.23,29.92,84.29,79.07,153.01,9597991.0,3.69,1.32,1.58,2.37,2.38,2.36,3.08,-1.2714931303562282,1671.63
2022-09-26,18.3615,128.4544,144.69,7.16942,3655.04,32.26,82.55,77.17,151.23,8240501.0,3.88,1.56,1.82,2.32,2.33,2.31,3.08,-2.004179295065202,1644.55
2022-09-27,18.3935,128.4399,144.7925,7.16999,3647.29,32.6,85.97,78.91,151.54,7151310.0,3.97,1.64,1.86,2.33,2.35,2.31,3.08,-2.1922118972201003,1622.94
2022-09-28,18.8995,128.0937,144.1005,7.24749,3719.04,30.18,89.55,82.61,154.69,8977243.0,3.72,1.39,1.55,2.33,2.37,2.29,3.08,-1.2938411457749863,1629.72
2022-09-29,18.8245,127.5463,144.47,7.1476,3640.47,31.84,89.41,81.78,154.66,6317021.0,3.76,1.57,1.8,2.19,2.18,2.2,3.08,-1.2385457125124368,1659.84
2022-09-30,19.0195,127.5159,144.722,7.11003,3585.62,31.62,88.9,79.91,154.67,6832430.0,3.83,1.68,1.92,2.15,2.14,2.16,3.08,-1.1593747203546505,1660.74
2022-10-03,20.7095,127.0793,144.6145,7.1496,3678.43,30.1,90.68,84.05,158.43,10362232.0,3.67,1.43,1.64,2.24,2.26,2.22,3.08,1.0766890450998237,1661.67
2022-10-04,21.0665,126.184,144.2355,7.06839,3790.93,29.07,93.74,86.87,160.7,8024496.0,3.62,1.38,1.56,2.24,2.28,2.2,3.08,0.6898024768190149,1698.44
2022-10-05,20.6495,126.863,144.6095,7.05809,3783.28,28.55,94.35,88.22,159.81,5296309.0,3.76,1.54,1.7,2.22,2.26,2.18,3.08,0.4974616765014887,1725.17
2022-10-06,20.6565,127.2481,145.094,7.05708,3744.52,30.52,95.65,88.9,159.63,5712627.0,3.83,1.61,1.76,2.22,2.29,2.15,3.08,0.5837720621683457,1716.32
2022-10-07,20.0945,127.3093,145.36,7.0974,3639.66,31.36,98.88,93.07,157.88,5030041.0,3.89,1.62,1.78,2.27,2.36,2.18,3.08,-0.7695298284332475,1712.44
2022-10-11,19.1585,127.6614,145.8045,7.17904,3588.84,33.63,95.17,89.75,155.16,5306673.0,3.93,1.62,1.78,2.31,2.36,2.26,3.08,-0.714625500365495,1668.795
2022-10-12,19.0225,128.1456,146.869,7.17672,3577.03,33.57,93.44,87.83,155.99,3998472.0,3.91,1.62,1.8,2.29,2.32,2.26,3.08,-0.1808266716003596,1666.6
2022-10-13,18.8865,127.7276,147.171,7.19283,3669.91,31.94,95.16,89.59,154.91,7083767.0,3.97,1.63,1.83,2.34,2.38,2.3,3.08,0.2350705047308236,1673.82
2022-10-14,18.2545,128.3303,148.61,7.21579,3583.07,32.02,92.22,86.1,152.98,5474648.0,4.0,1.59,1.81,2.41,2.44,2.38,3.08,0.2278260212157216,1666.52
2022-10-17,18.6715,127.6478,148.9885,7.21963,3677.95,31.37,91.04,86.0,153.42,4348044.0,4.02,1.57,1.76,2.45,2.48,2.42,3.08,0.3382900934302288,1643.85
2022-10-18,18.7355,127.9184,149.198,7.21565,3719.98,30.5,89.46,83.29,153.75,4528441.0,4.01,1.6,1.79,2.41,2.42,2.4,3.08,0.2972515606622672,1650.4
2022-10-19,18.4555,128.3992,149.8585,7.24689,3695.16,30.76,91.34,86.0,151.69,8257060.0,4.14,1.72,1.89,2.42,2.46,2.38,3.08,-0.0004742143576119,1652.12
2022-10-20,18.6745,128.0084,150.134,7.24869,3665.78,29.98,91.52,86.02,151.45,5019849.0,4.24,1.73,1.8,2.51,2.65,2.37,3.08,0.0616689750407565,1629.28
2022-10-21,19.2815,127.6758,147.629,7.27137,3752.75,29.69,91.82,85.47,154.15,6898351.0,4.21,1.69,1.65,2.52,2.69,2.35,3.08,0.2554063046296971,1628.115
2022-10-24,19.2225,128.0351,149.038,7.30347,3797.34,29.85,91.57,86.12,153.65,4673274.0,4.25,1.66,1.64,2.59,2.72,2.46,3.08,0.0319010241367898,1658.68
2022-10-25,19.3465,127.384,148.094,7.3628,3859.11,28.46,91.76,86.93,154.0,3434053.0,4.1,1.59,1.63,2.51,2.62,2.4,3.08,0.5397613152466392,1650.1
2022-10-26,19.5895,126.481,146.387,7.21979,3830.6,27.28,92.93,89.39,154.98,4451056.0,4.04,1.6,1.64,2.44,2.56,2.32,3.08,1.1321087765406397,1652.415
2022-10-27,19.6045,126.7102,146.2945,7.25631,3807.3,27.39,94.17,89.06,154.74,3654871.0,3.96,1.51,1.52,2.45,2.57,2.33,3.08,1.135984522009343,1664.4
2022-10-28,19.2695,127.2196,147.425,7.27225,3901.06,25.75,94.64,87.85,153.16,4645440.0,4.02,1.51,1.57,2.51,2.62,2.4,3.08,0.8032366826834524,1662.57
2022-10-31,19.1505,127.6272,148.684,7.3167,3871.98,25.88,93.3,86.54,151.91,6097760.0,4.1,1.58,1.6,2.52,2.67,2.37,3.08,0.4090880473735199,1644.275
2022-11-01,19.6335,127.4011,148.167,7.2774,3856.1,25.81,95.12,88.36,153.46,4603597.0,4.07,1.56,1.62,2.51,2.65,2.37,3.08,0.2609576881651798,1632.75
2022-11-02,19.2075,127.3138,147.926,7.29623,3759.69,25.86,96.07,90.06,152.39,7220403.0,4.1,1.57,1.62,2.53,2.68,2.38,3.08,0.1680087738608153,1646.885
2022-11-03,19.4575,128.1712,148.171,7.33906,3719.89,25.3,95.29,88.14,151.81,5378810.0,4.14,1.74,1.82,2.4,2.54,2.26,3.83,-0.981838724935759,1634.105
2022-11-04,20.8615,127.149,146.661,7.26933,3770.55,24.55,99.53,92.58,156.47,7691954.0,4.17,1.69,1.72,2.48,2.61,2.35,3.83,-0.3347669820579851,1630.395
2022-11-07,20.8035,126.3098,146.611,7.23553,3806.8,24.35,99.87,91.8,155.85,4425710.0,4.22,1.69,1.72,2.53,2.67,2.39,3.83,0.2857736972296891,1674.93
2022-11-08,21.3555,125.64,145.672,7.26466,3828.11,25.54,96.85,88.8,159.45,11299635.0,4.14,1.64,1.7,2.5,2.61,2.39,3.83,0.5000072613335382,1675.08
2022-11-09,21.0705,125.9926,146.441,7.25368,3748.57,26.09,93.05,85.79,158.65,6040627.0,4.12,1.7,1.74,2.42,2.53,2.31,3.83,0.0896930723796952,1711.73
2022-11-10,21.6835,124.7142,141.703,7.25461,3956.37,23.53,94.25,86.52,163.48,9939858.0,3.82,1.43,1.48,2.39,2.47,2.31,3.83,2.051589647130436,1706.28
2022-11-14,21.9885,123.4425,140.066,7.05946,3957.25,23.73,93.59,85.85,164.92,6187552.0,3.88,1.51,1.58,2.37,2.42,2.32,3.83,1.2929836983569556,1771.43
2022-11-15,21.5645,123.0534,139.2985,7.03548,3991.73,24.54,94.3,86.87,165.5,9903495.0,3.8,1.45,1.53,2.35,2.4,2.3,3.83,1.2340527047250245,1770.53
2022-11-16,21.4705,123.2964,139.495,7.08154,3958.79,24.11,92.61,85.62,165.12,3645845.0,3.67,1.38,1.48,2.29,2.35,2.23,3.83,1.6099732413304686,1777.83
2022-11-17,20.9555,123.9929,140.29,7.1488,3946.56,23.93,91.0,81.69,163.92,4578129.0,3.77,1.49,1.61,2.28,2.32,2.24,3.83,0.0786136630039373,1773.85
2022-11-18,20.9035,123.8678,140.396,7.12594,3965.34,23.12,88.93,80.07,162.79,4321075.0,3.82,1.57,1.71,2.25,2.28,2.22,3.83,-0.2610566742981348,1760.77
2022-11-21,20.8485,124.7143,142.105,7.17344,3949.94,22.36,88.44,79.74,161.88,4766512.0,3.83,1.52,1.63,2.31,2.34,2.28,3.83,-0.3136925548235488,1750.5
2022-11-22,21.0865,124.251,141.199,7.13833,4003.58,21.29,88.65,80.83,162.07,3203837.0,3.76,1.44,1.58,2.32,2.35,2.29,3.83,-0.246820984848517,1738.8
2022-11-23,21.5345,123.7739,139.5855,7.16182,4027.26,20.35,85.9,77.93,163.08,4167005.0,3.71,1.39,1.55,2.32,2.33,2.31,3.83,-0.0328236808108782,1740.22
2022-11-25,21.4605,123.3547,139.0595,7.17603,4026.12,20.5,83.4,76.45,163.22,1436508.0,3.68,1.36,1.51,2.32,2.34,2.3,3.83,0.934671221102075,1755.245
2022-11-28,20.9355,123.6181,138.909,7.21028,3963.94,22.21,83.5,77.1,161.93,4053918.0,3.69,1.43,1.59,2.26,2.29,2.23,3.83,0.6621643426322686,1754.08
2022-11-29,21.2585,123.6703,138.6785,7.17998,3957.63,21.89,83.22,77.96,162.73,2620637.0,3.75,1.5,1.62,2.25,2.3,2.2,3.83,0.0932966792361368,1740.57
2022-11-30,22.1925,123.5276,138.085,7.09345,4080.11,20.58,85.61,80.48,164.81,4874746.0,3.68,1.34,1.41,2.34,2.41,2.27,3.83,0.422190502541786,1749.58
2022-12-01,22.7495,122.0147,135.329,7.08668,4076.57,19.84,86.28,81.06,167.84,8625780.0,3.53,1.17,1.23,2.36,2.45,2.27,3.83,1.4573051340905911,1768.69
2022-12-02,23.137,122.0218,134.315,7.01635,4071.7,19.06,86.54,79.86,167.26,5185941.0,3.51,1.08,1.16,2.43,2.51,2.35,3.83,1.4142643308137095,1802.04
2022-12-05,22.251,122.6511,136.738,6.94607,3998.84,20.75,83.36,76.83,164.39,5436175.0,3.6,1.21,1.34,2.39,2.46,2.32,3.83,1.1706919382100358,1797.73
2022-12-06,22.198,123.0319,136.998,6.9929,3941.26,22.17,79.92,74.21,164.84,3597758.0,3.51,1.2,1.35,2.31,2.38,2.24,3.83,1.2416386455789967,1768.2
2022-12-07,22.725,122.7716,136.442,6.98138,3933.92,22.68,77.11,71.93,166.33,4610697.0,3.42,1.16,1.29,2.26,2.33,2.19,3.83,0.8021835967696731,1771.13
2022-12-08,23.067,122.4275,136.6535,6.9694,3963.51,22.29,76.02,71.3,166.47,3217874.0,3.48,1.2,1.35,2.28,2.36,2.2,3.83,-0.0752184259580535,1785.92
2022-12-09,23.421,122.4343,136.695,6.95129,3934.38,22.83,76.37,71.05,167.06,5431272.0,3.57,1.31,1.45,2.26,2.3,2.22,3.83,-0.6931624788429015,1789.72
2022-12-12,23.315,122.7861,137.553,6.97637,3990.56,25.0,78.0,72.96,165.68,3504409.0,3.61,1.33,1.45,2.28,2.35,2.21,3.83,-0.2266311321747978,1796.8
2022-12-13,23.733,121.8644,135.489,6.99678,4019.65,22.55,80.14,75.44,168.51,6750199.0,3.51,1.27,1.35,2.24,2.31,2.17,3.83,0.2164525632810406,1781.12
2022-12-14,23.937,121.8391,135.43,6.94853,3995.32,21.14,83.33,77.14,168.1,5642965.0,3.49,1.3,1.39,2.19,2.25,2.13,3.83,-0.09430287892847,1810.63
2022-12-15,23.092,122.5684,137.752,6.97597,3895.75,22.83,82.34,75.89,165.35,8370909.0,3.44,1.28,1.41,2.16,2.21,2.11,4.33,-0.2398207188513392,1807.28
2022-12-16,23.205,122.6647,136.698,6.98587,3852.36,22.62,80.2,74.19,166.79,5371967.0,3.48,1.35,1.47,2.13,2.14,2.12,4.33,-0.192082293830928,1776.7
2022-12-19,22.987,122.5438,136.8905,6.97554,3817.66,22.42,81.66,75.05,166.32,3940525.0,3.57,1.42,1.51,2.15,2.19,2.11,4.33,-0.2595714919498733,1792.75
2022-12-20,24.148,122.1502,131.7675,6.96721,3821.62,21.48,79.45,75.92,169.08,7803118.0,3.69,1.45,1.53,2.24,2.26,2.22,4.33,-0.4225988353694742,1787.43
2022-12-21,23.97,122.2965,132.3675,6.98098,3878.44,20.07,80.25,78.17,168.8,3990060.0,3.68,1.41,1.47,2.27,2.31,2.23,4.33,-0.172753248631292,1817.92
2022-12-22,23.573,122.2525,132.4025,6.98323,3822.39,21.97,79.58,77.68,166.76,5672656.0,3.67,1.48,1.55,2.19,2.24,2.14,4.33,-0.2630089920439085,1814.03
2022-12-23,23.734,121.9843,132.884,6.99903,3844.82,20.87,82.45,79.57,167.26,2912300.0,3.75,1.55,1.57,2.2,2.29,2.11,4.33,-0.1349600245047187,1793.52
2022-12-28,23.549,122.02,134.304,6.98185,3783.22,22.14,81.7,78.89,167.91,3662456.0,3.88,1.6,1.64,2.28,2.33,2.23,4.33,-0.1868887148805686,1813.84
2022-12-29,23.906,121.6713,133.0265,6.97187,3849.28,21.44,80.96,78.43,168.85,3345874.0,3.83,1.56,1.62,2.27,2.32,2.22,4.33,0.215896435122984,1804.42
2022-12-30,23.935,121.4392,131.279,6.94277,3839.5,21.67,82.82,80.16,169.64,2864455.0,3.88,1.58,1.66,2.3,2.33,2.27,4.33,0.411051578530513,1814.74
2023-01-03,24.009,122.0844,130.999,6.91275,3824.14,22.9,80.36,76.87,171.06,7992927.0,3.79,1.53,1.65,2.26,2.29,2.23,4.33,0.3302689124878181,1828.86
2023-01-04,23.76,121.5108,132.393,6.88467,3852.97,22.01,75.31,72.82,172.67,7574633.0,3.69,1.47,1.64,2.22,2.21,2.23,4.33,0.3970227850984459,1838.77
2023-01-05,23.243,122.0786,133.418,6.88091,3808.1,22.46,76.73,73.61,170.52,4692610.0,3.71,1.49,1.68,2.22,2.22,2.22,4.33,0.1343418808439409,1854.5
2023-01-06,23.846,121.0814,132.103,6.86808,3895.08,21.13,76.41,73.77,173.71,7888954.0,3.55,1.34,1.51,2.21,2.18,2.24,4.33,1.0070209805735266,1832.34
2023-01-09,23.655,120.1403,131.8975,6.79076,3892.09,21.97,77.5,74.69,174.1,5134503.0,3.53,1.31,1.48,2.22,2.18,2.26,4.33,0.9986146650627132,1868.22
2023-01-10,23.609,120.234,132.19,6.78674,3919.25,20.58,78.4,75.11,174.74,4398411.0,3.61,1.37,1.52,2.24,2.2,2.28,4.33,0.9894744860216896,1871.09
2023-01-11,23.417,120.1445,132.429,6.78065,3969.61,21.09,81.11,77.46,174.62,3374201.0,3.54,1.31,1.45,2.23,2.21,2.25,4.33,0.941384052003268,1876.7
2023-01-12,23.774,119.4108,129.3015,6.75539,3983.17,18.83,82.59,78.32,176.64,6936919.0,3.43,1.22,1.32,2.21,2.21,2.21,4.33,1.4582060442443314,1875.05
2023-01-13,24.275,119.1422,127.883,6.72731,3999.09,18.35,83.43,79.9,178.76,7468768.0,3.49,1.31,1.4,2.18,2.2,2.16,4.33,0.606856585604358,1895.84
2023-01-17,23.933,119.2186,128.2225,6.78327,3990.97,19.36,84.38,80.25,177.59,6610834.0,3.53,1.36,1.42,2.17,2.18,2.16,4.33,0.295114634421296,1916.405
2023-01-18,23.474,119.08,128.766,6.7528,3928.86,20.34,83.78,79.53,177.08,5384664.0,3.37,1.25,1.34,2.12,2.09,2.15,4.33,0.4036814646083274,1908.42
2023-01-19,23.838,119.6033,128.4215,6.78645,3898.85,20.52,85.08,80.31,179.89,6678687.0,3.39,1.19,1.27,2.2,2.21,2.19,4.33,0.2098216641578265,1904.18
2023-01-20,23.938,119.3588,129.583,6.78805,3972.61,19.85,86.96,81.27,179.29,5754818.0,3.48,1.25,1.33,2.23,2.23,2.23,4.33,0.3613657800846531,1931.65
2023-01-23,23.459,119.1671,130.6065,6.76825,4019.81,19.81,87.54,81.62,179.63,5265507.0,3.52,1.24,1.33,2.28,2.28,2.28,4.33,0.7639508614517945,1926.11
2023-01-24,23.671,119.1174,130.1615,6.78928,4016.95,19.2,85.25,79.86,180.28,4604628.0,3.46,1.19,1.29,2.27,2.29,2.25,4.33,0.739885458645728,1930.96
2023-01-25,23.911,118.995,129.507,6.77965,4016.22,19.08,85.08,79.78,181.11,6925348.0,3.46,1.17,1.26,2.29,2.28,2.3,4.33,0.5479590256554371,1937.12
2023-01-26,23.915,119.0472,130.1685,6.7417,4060.43,18.73,86.29,80.64,179.47,5860129.0,3.49,1.16,1.26,2.33,2.32,2.34,4.33,0.4666094920868462,1946.48
2023-01-27,23.565,118.9521,129.877,6.75478,4070.56,18.51,85.36,79.73,179.22,6052728.0,3.52,1.19,1.29,2.33,2.33,2.33,4.33,0.4785954791390954,1928.5
2023-01-30,23.606,118.9079,130.38,6.75309,4017.77,19.94,84.9,77.97,178.76,4210726.0,3.55,1.26,1.38,2.29,2.3,2.28,4.33,0.156229499351813,1928.24
2023-01-31,23.733,118.991,130.0905,6.7605,4076.6,19.4,83.42,78.95,179.41,5976888.0,3.52,1.28,1.36,2.24,2.27,2.21,4.33,-0.12009570072924,1923.09
2023-02-01,23.969,118.6396,128.9245,6.74425,4119.21,17.87,81.61,76.34,181.67,7996005.0,3.39,1.14,1.19,2.25,2.29,2.21,4.33,0.1917348885525209,1928.13
2023-02-02,23.464,118.349,128.644,6.72675,4179.76,18.73,80.57,75.87,177.9,8842396.0,3.4,1.18,1.23,2.22,2.26,2.18,4.58,0.1064117494555731,1951.3
2023-02-03,22.349,119.5014,131.144,6.74511,4136.48,18.33,78.85,73.4,173.46,13674441.0,3.53,1.31,1.4,2.22,2.27,2.17,4.58,-0.5124785878171477,1912.05
2023-02-06,22.273,120.5116,132.623,6.79228,4111.08,19.43,80.48,74.11,173.82,8956963.0,3.63,1.38,1.48,2.25,2.33,2.17,4.58,-0.7123226150351756,1864.87
2023-02-07,22.18,120.3298,131.0695,6.79677,4164.0,18.66,82.92,77.17,173.98,6794153.0,3.67,1.36,1.45,2.31,2.4,2.22,4.58,-0.3830824020805404,1867.75
2023-02-08,22.322,120.139,131.35,6.7886,4117.86,19.63,84.17,78.47,174.41,4075638.0,3.63,1.29,1.36,2.34,2.46,2.22,4.58,-0.4787386461193987,1874.04
2023-02-09,21.98,119.9785,131.473,6.78176,4081.5,20.71,83.46,78.04,173.03,5361340.0,3.67,1.34,1.42,2.33,2.45,2.21,4.57,-0.5039437195429036,1875.24
2023-02-10,22.021,120.1531,131.413,6.8146,4090.46,20.53,85.46,79.74,173.36,2971125.0,3.74,1.41,1.46,2.33,2.47,2.19,4.58,-0.0587462778991185,1862.93
2023-02-13,21.993,120.0145,132.4195,6.83574,4137.29,20.34,85.98,80.14,172.48,3970786.0,3.72,1.41,1.49,2.31,2.44,2.18,4.58,0.326537943572141,1864.7
2023-02-14,21.854,119.9601,133.079,6.8199,4136.13,18.91,84.96,79.08,172.61,5403099.0,3.77,1.46,1.55,2.31,2.45,2.17,4.58,-0.009484676071936,1853.82
2023-02-15,21.624,120.4926,134.021,6.84841,4147.6,18.23,84.11,78.57,170.89,5435337.0,3.81,1.46,1.53,2.35,2.51,2.19,4.58,-0.4529003917424046,1854.08
2023-02-16,21.583,120.5069,133.9785,6.86646,4090.41,20.17,83.84,78.45,170.75,4540398.0,3.86,1.49,1.54,2.37,2.52,2.22,4.58,-0.3618236060552172,1836.44
2023-02-17,21.767,120.6023,134.191,6.8951,4079.09,20.02,81.97,76.31,171.26,4809799.0,3.82,1.46,1.53,2.36,2.5,2.22,4.58,-0.0695203868744234,1836.51
2023-02-21,21.838,120.678,134.954,6.88156,3997.34,22.87,82.14,76.28,170.62,4035933.0,3.95,1.53,1.58,2.42,2.58,2.26,4.58,0.0928455234821817,1841.9
2023-02-22,21.519,120.8969,134.886,6.90336,3991.05,22.29,79.55,73.95,169.66,4105675.0,3.93,1.52,1.61,2.41,2.52,2.3,4.58,0.1437025924751232,1834.88
2023-02-23,21.317,121.141,134.689,6.90641,4012.32,21.14,82.08,75.26,169.57,5073479.0,3.88,1.49,1.59,2.39,2.5,2.28,4.58,0.0715090273020523,1826.05
2023-02-24,20.766,121.6297,136.416,6.95134,3970.04,21.67,82.31,76.19,168.35,6496496.0,3.95,1.57,1.72,2.38,2.47,2.29,4.58,-0.3230078387041365,1822.69
2023-02-27,20.631,121.4656,136.2015,6.97802,3982.24,20.95,81.24,75.57,169.01,4509151.0,3.92,1.56,1.68,2.36,2.49,2.23,4.57,0.0955045539284813,1811.13
2023-02-28,20.897,121.4062,136.2115,6.95648,3970.15,20.7,83.21,76.88,169.78,6761585.0,3.92,1.49,1.6,2.43,2.58,2.28,4.57,0.0235649747352241,1817.24
2023-03-01,20.992,120.6971,136.123,6.88762,3951.39,20.58,83.68,77.57,170.76,6590468.0,4.01,1.57,1.68,2.44,2.59,2.29,4.58,0.0654488252306146,1826.9
2023-03-02,20.899,121.1949,136.7245,6.90255,3981.35,19.59,84.15,78.05,170.66,3952266.0,4.08,1.6,1.67,2.48,2.65,2.31,4.57,-0.085939639343803,1837.31
2023-03-03,21.256,120.8468,135.831,6.90924,4045.64,18.49,85.74,79.62,172.49,6894466.0,3.97,1.45,1.55,2.52,2.71,2.33,4.57,0.812243451174354,1836.21
2023-03-06,21.052,120.5776,135.944,6.93796,4048.42,18.61,85.86,80.39,171.62,4264124.0,3.98,1.49,1.57,2.49,2.7,2.28,4.57,0.7107208966580504,1854.95
2023-03-07,20.075,121.531,137.115,6.94193,3986.37,19.59,83.03,77.45,168.62,8713268.0,3.97,1.59,1.77,2.38,2.54,2.22,4.57,-0.2782759395540885,1846.465
2023-03-08,20.026,121.5222,137.2785,6.97817,3992.01,19.11,82.1,76.56,168.54,5718595.0,3.98,1.66,1.87,2.32,2.47,2.17,4.57,-0.5642553291376605,1814.27
2023-03-09,20.07,121.5225,136.163,6.9717,3918.32,22.61,81.0,75.6,170.2,5582980.0,3.93,1.63,1.79,2.3,2.43,2.17,4.57,-0.1628646699129873,1814.29
2023-03-10,20.527,121.2963,134.86,6.96635,3861.59,24.8,82.3,76.55,173.87,13803437.0,3.7,1.44,1.62,2.26,2.34,2.18,4.57,-0.0743415520964052,1831.54
2023-03-13,21.777,120.9157,133.211,6.89407,3855.76,26.52,79.67,74.68,177.86,20554417.0,3.55,1.31,1.42,2.24,2.26,2.22,4.58,0.5098680097604765,1884.295
2023-03-14,21.692,121.052,134.242,6.88479,3919.29,23.73,76.77,71.18,176.83,10019032.0,3.64,1.33,1.43,2.31,2.35,2.27,4.58,1.089833437787069,1910.19
2023-03-15,21.797,122.1149,133.344,6.90455,3891.93,26.14,74.3,67.38,178.21,14546095.0,3.51,1.22,1.26,2.29,2.33,2.25,4.58,1.434733659360813,1904.32
2023-03-16,21.72,121.751,133.483,6.89806,3960.28,22.99,73.12,68.15,178.57,10764872.0,3.56,1.34,1.46,2.22,2.26,2.18,4.58,0.7896931292795084,1920.46
2023-03-17,22.604,121.5923,131.846,6.89094,3916.64,25.51,71.03,66.61,183.77,24156266.0,3.39,1.29,1.34,2.1,2.1,2.1,4.58,0.267268059712778,1920.15
2023-03-20,22.537,121.0637,131.411,6.88471,3951.57,24.15,72.42,67.56,183.84,11845678.0,3.47,1.33,1.42,2.14,2.14,2.14,4.58,-0.1760677758127784,1977.45
2023-03-21,22.382,120.9535,132.35,6.86973,4002.87,21.38,74.78,69.4,180.37,10734493.0,3.59,1.36,1.48,2.23,2.25,2.21,4.58,-0.1174252412871344,1978.36
2023-03-22,22.888,120.6883,131.479,6.88679,3936.97,22.26,76.08,70.71,183.44,11969561.0,3.48,1.2,1.23,2.28,2.31,2.25,4.58,0.443974244983391,1941.32
2023-03-23,23.08,119.8174,130.838,6.82682,3948.72,22.61,74.31,69.77,185.74,11347149.0,3.38,1.19,1.13,2.19,2.26,2.12,4.83,1.03216870438424,1965.665
2023-03-24,23.225,120.5106,130.7145,6.87863,3970.99,21.74,73.63,69.22,183.65,9253075.0,3.38,1.16,1.2,2.22,2.21,2.23,4.83,0.8392055442520735,1991.95
2023-03-27,23.078,120.3239,131.5515,6.88171,3977.53,20.6,76.8,72.87,181.95,6925046.0,3.53,1.29,1.32,2.24,2.27,2.21,4.83,0.4568367276318437,1977.78
2023-03-28,23.327,119.7987,130.8575,6.88512,3971.27,19.97,78.07,73.12,183.44,6202597.0,3.55,1.24,1.29,2.31,2.34,2.28,4.83,0.8381122155136749,1956.69
2023-03-29,23.34,119.8223,132.7445,6.88798,4027.81,19.12,77.51,72.95,182.53,4996493.0,3.57,1.24,1.29,2.33,2.38,2.28,4.83,0.1902905010748654,1973.6
2023-03-30,23.912,119.5103,132.6755,6.88776,4050.83,19.02,78.45,74.32,184.18,6360296.0,3.55,1.21,1.26,2.34,2.4,2.28,4.83,0.2200737276397849,1963.73
2023-03-31,24.081,119.4611,132.76,6.87712,4109.31,18.7,79.19,75.68,183.22,8003334.0,3.48,1.16,1.2,2.32,2.4,2.24,4.83,0.424751153436142,1980.55
2023-04-03,23.986,119.4342,132.4225,6.89095,4124.51,18.55,85.81,80.4,184.54,9206635.0,3.43,1.14,1.13,2.29,2.39,2.19,4.83,0.4011530304210124,1969.17
2023-04-04,25.0,119.2641,131.737,6.88318,4100.6,19.0,85.7,80.7,187.98,13765361.0,3.35,1.1,1.07,2.25,2.32,2.18,4.83,0.5332563726103354,1984.32
2023-04-05,24.947,119.4068,131.254,6.87805,4090.38,19.08,85.89,80.69,187.83,11440827.0,3.3,1.07,1.07,2.23,2.29,2.17,4.83,0.3683186295838292,2021.06
2023-04-06,24.9765,119.4229,131.71,6.87962,4105.02,18.4,86.56,80.7,186.49,6648428.0,3.3,1.06,1.06,2.24,2.31,2.17,4.83,0.263162687919139,2020.97
2023-04-11,25.052,119.6409,133.665,6.89178,4108.94,19.1,87.32,81.54,186.28,6031494.0,3.43,1.14,1.18,2.29,2.36,2.22,4.83,-0.062020027156919,1991.28
2023-04-12,25.504,119.1341,133.135,6.88595,4091.95,19.09,88.31,83.26,187.19,10000948.0,3.41,1.14,1.17,2.27,2.29,2.25,4.83,0.0345097941467265,2003.2
2023-04-13,25.824,118.5376,132.5735,6.88119,4146.22,17.8,86.51,82.16,189.72,14060106.0,3.45,1.16,1.22,2.29,2.29,2.29,4.83,0.1074270431321036,2014.52
2023-04-14,25.379,118.983,133.764,6.85359,4137.64,17.07,87.31,82.58,186.36,13272541.0,3.52,1.22,1.29,2.3,2.31,2.29,4.83,-0.0273027573916176,2040.49
2023-04-17,25.036,119.3981,134.456,6.87152,4151.32,16.95,85.63,80.93,185.53,7468062.0,3.6,1.28,1.34,2.32,2.35,2.29,4.83,-0.1977359132407991,2004.1
2023-04-18,25.192,119.2345,134.084,6.88172,4154.87,16.83,85.48,80.85,186.25,8056928.0,3.58,1.3,1.36,2.28,2.33,2.23,4.83,-0.3827175090296957,1995.24
2023-04-19,25.287,119.4377,134.625,6.90709,4154.52,16.46,85.34,79.18,185.36,7373518.0,3.6,1.32,1.38,2.28,2.33,2.23,4.83,-0.6355053114940282,2005.03
2023-04-20,25.29,119.2525,134.2195,6.88409,4129.79,17.17,83.29,77.27,186.09,5789908.0,3.54,1.28,1.35,2.26,2.28,2.24,4.83,-0.5432661538384242,1994.56
2023-04-21,25.036,119.4472,134.076,6.89885,4133.52,16.77,83.36,77.86,184.25,10698705.0,3.57,1.29,1.36,2.28,2.3,2.26,4.83,-0.29664519475331,2004.39
2023-04-24,25.159,119.3486,134.1985,6.9023,4137.04,16.89,84.23,78.64,184.81,8303396.0,3.52,1.24,1.27,2.28,2.33,2.23,4.83,0.146826928063654,1983.01
2023-04-25,25.014,119.7551,133.7335,6.93067,4071.63,18.76,82.13,77.05,185.75,8451933.0,3.4,1.15,1.17,2.25,2.26,2.24,4.83,0.4075390780580312,1989.06
2023-04-26,24.884,119.4758,133.636,6.93709,4055.99,18.84,79.19,74.33,184.74,8203595.0,3.43,1.18,1.2,2.25,2.26,2.24,4.83,0.5352725914079552,1996.27
2023-04-27,24.925,119.5754,133.902,6.93616,4135.35,17.03,80.11,74.77,184.75,9107425.0,3.53,1.26,1.31,2.27,2.29,2.25,4.83,0.0392489192858684,1989.82
2023-04-28,25.035,119.376,136.242,6.93541,4169.48,15.78,81.32,76.78,184.8,6700418.0,3.44,1.26,1.31,2.18,2.2,2.16,4.83,-0.0311432214850286,1987.71
2023-05-02,25.378,119.7514,136.552,6.9441,4119.58,17.78,76.71,71.71,187.52,13554921.0,3.44,1.24,1.28,2.2,2.18,2.22,4.83,-0.3069873578028698,1982.25
2023-05-03,25.574,119.2773,134.615,6.92207,4090.75,18.34,72.91,68.62,189.11,11133826.0,3.38,1.18,1.18,2.2,2.19,2.21,4.83,0.0345859202185664,2016.19
2023-05-04,26.048,119.19,134.2445,6.92575,4061.22,20.09,73.0,68.52,190.44,14146787.0,3.37,1.18,1.16,2.19,2.13,2.25,5.08,0.4465742887458199,2066.18
2023-05-05,25.66,118.7184,134.853,6.91372,4136.25,17.19,75.85,71.32,187.46,12508113.0,3.44,1.23,1.22,2.21,2.19,2.23,5.08,0.4805796482573134,2049.28
2023-05-09,25.606,118.984,135.2205,6.92689,4119.17,17.71,77.76,73.68,189.02,7098810.0,3.53,1.3,1.29,2.23,2.22,2.24,5.08,0.1744413086518224,2021.1
2023-05-10,25.395,118.7561,134.307,6.93031,4137.64,16.94,76.7,72.53,188.75,9392097.0,3.43,1.26,1.24,2.17,2.13,2.21,5.08,-0.1138774737208879,2034.58
2023-05-11,24.188,119.1902,134.5165,6.94592,4130.62,16.93,75.32,70.81,187.13,8245523.0,3.39,1.23,1.26,2.16,2.1,2.22,5.08,-0.2627120308794949,2029.96
2023-05-12,23.984,119.5206,135.698,6.96331,4124.08,17.03,74.54,70.02,186.81,7087462.0,3.46,1.28,1.34,2.18,2.11,2.25,5.08,-0.3537191704487901,2015.09
2023-05-15,24.094,119.3288,136.093,6.96283,4136.28,17.12,75.46,71.07,187.21,5518086.0,3.5,1.31,1.34,2.19,2.12,2.26,5.08,-0.2012009497243616,2008.5
2023-05-16,23.751,119.3567,136.375,6.98009,4109.9,17.99,75.15,70.85,184.87,9527806.0,3.54,1.35,1.41,2.19,2.11,2.27,5.08,-0.2156867448516447,2016.39
2023-05-17,23.743,119.7849,137.5675,7.0129,4158.77,16.87,76.98,72.78,184.23,7474277.0,3.57,1.35,1.42,2.22,2.16,2.28,5.08,-0.4032828446661932,1988.86
2023-05-18,23.496,120.2642,138.6815,7.04871,4198.05,16.05,75.75,71.82,181.84,8812591.0,3.65,1.42,1.53,2.23,2.16,2.3,5.08,-0.7123676813348069,1981.69
2023-05-19,23.818,119.9479,137.965,7.01306,4191.98,16.81,75.42,71.57,183.64,8434976.0,3.7,1.46,1.57,2.24,2.19,2.29,5.08,-0.467799190410675,1958.2
2023-05-22,23.629,120.2609,138.5855,7.04245,4192.63,17.21,75.77,71.81,183.21,4834298.0,3.72,1.48,1.59,2.24,2.18,2.3,5.08,-0.5846041223485553,1977.89
2023-05-23,23.45,120.4913,138.54,7.07078,4145.58,18.53,76.66,72.87,183.43,6345012.0,3.7,1.44,1.55,2.26,2.21,2.31,5.08,-0.3587588131483759,1972.0
2023-05-24,23.065,120.6481,139.3715,7.05742,4115.24,20.03,77.99,74.37,181.95,6732940.0,3.73,1.48,1.61,2.25,2.14,2.36,5.08,-0.3246284510407198,1974.78
2023-05-25,22.737,121.0126,140.064,7.08367,4151.28,19.14,75.66,71.68,180.2,6919174.0,3.83,1.58,1.78,2.25,2.12,2.38,5.08,-0.390532393692603,1958.07
2023-05-26,23.295,120.8022,140.57,7.07218,4205.45,17.95,76.33,72.35,180.92,5823674.0,3.8,1.57,1.79,2.23,2.13,2.33,5.08,-0.436120075349772,1940.74
2023-05-30,23.194,120.7387,139.7905,7.08945,4205.52,17.46,73.38,69.45,182.04,4906066.0,3.69,1.47,1.69,2.22,2.12,2.32,5.08,-0.2076040902385256,1944.25
2023-05-31,23.519,121.1527,139.325,7.12553,4179.83,17.94,71.98,68.11,182.32,8497893.0,3.64,1.46,1.67,2.18,2.07,2.29,5.08,-0.2381611913928213,1959.23
2023-06-01,23.878,120.2628,138.8265,7.12235,4221.02,15.65,74.18,70.09,183.76,7300542.0,3.61,1.45,1.63,2.16,2.07,2.25,5.08,0.3641588934923,1962.89
2023-06-02,23.62,120.2102,139.981,7.07128,4282.37,14.6,76.0,71.76,181.05,8726111.0,3.69,1.51,1.71,2.18,2.13,2.23,5.08,0.1647736812882008,1977.01
2023-06-05,23.577,120.2175,139.554,7.13161,4273.79,14.73,76.61,72.14,182.14,5748800.0,3.69,1.5,1.67,2.19,2.15,2.23,5.08,-0.038120790385264,1947.05
2023-06-06,23.593,120.1906,139.64,7.13277,4283.85,13.96,76.22,71.71,182.34,4967156.0,3.7,1.5,1.71,2.2,2.14,2.26,5.08,-0.0857149888581122,1961.76
2023-06-07,23.444,120.0893,140.132,7.12919,4267.52,13.94,76.85,72.52,180.15,9066528.0,3.79,1.58,1.78,2.21,2.15,2.27,5.08,-0.1460326425880355,1963.63
2023-06-08,24.269,119.8069,138.9045,7.14109,4293.93,13.65,75.88,71.28,182.53,6394890.0,3.73,1.53,1.73,2.2,2.14,2.26,5.08,-0.0873527315716001,1940.14
2023-06-09,24.273,119.6781,139.447,7.14378,4298.86,13.83,74.74,70.16,182.04,4380811.0,3.75,1.55,1.79,2.2,2.13,2.27,5.08,0.1027478730401477,1965.83
2023-06-12,24.063,119.889,139.595,7.15248,4338.93,15.01,71.8,67.08,181.88,4875450.0,3.73,1.56,1.8,2.17,2.09,2.25,5.08,-0.0205277441982429,1961.28
2023-06-13,23.673,119.4641,140.2105,7.16361,4369.01,14.61,74.24,69.39,180.54,5126686.0,3.84,1.64,1.89,2.2,2.12,2.28,5.08,-0.0866689797194092,1957.3
2023-06-14,23.923,119.0646,140.0455,7.16727,4372.59,13.88,73.39,68.22,180.64,6807003.0,3.83,1.62,1.91,2.21,2.15,2.27,5.08,0.2659845713096526,1943.4
2023-06-15,23.884,118.8447,140.288,7.1622,4425.84,14.5,75.75,70.61,181.91,6739009.0,3.72,1.51,1.75,2.21,2.16,2.26,5.07,0.5043477621859113,1941.74
2023-06-16,24.15,118.7168,141.842,7.11275,4409.59,13.54,76.76,71.81,181.63,8779096.0,3.77,1.55,1.82,2.22,2.17,2.27,5.08,0.3836988658288452,1957.3
2023-06-20,23.156,119.2458,141.3995,7.18142,4388.71,13.88,75.79,70.94,179.75,7586229.0,3.74,1.52,1.82,2.22,2.14,2.3,5.07,0.4859303888212722,1950.47
2023-06-21,22.662,119.0438,141.853,7.19182,4365.69,13.2,76.92,72.55,179.49,6702339.0,3.72,1.51,1.8,2.21,2.15,2.27,5.07,0.3533813531555915,1936.56
2023-06-22,22.255,119.074,143.0885,7.18051,4381.89,12.91,73.93,69.22,177.71,7948565.0,3.8,1.56,1.85,2.24,2.18,2.3,5.07,-0.2361946233766628,1932.92
2023-06-23,22.413,119.4584,143.792,7.21888,4348.33,13.44,73.56,68.91,178.2,5419784.0,3.74,1.53,1.83,2.21,2.16,2.26,5.07,-0.1549470891650613,1914.1
2023-06-26,22.79,119.4123,143.4785,7.2444,4328.82,14.25,73.86,69.09,178.51,3222050.0,3.72,1.54,1.83,2.18,2.13,2.23,5.07,-0.1346059577857823,1920.73
2023-06-27,22.86,119.235,144.0375,7.22107,4378.41,13.74,71.88,67.68,177.69,5036916.0,3.77,1.57,1.9,2.2,2.12,2.28,5.07,-0.1468872255028113,1923.4
2023-06-28,22.693,119.6759,144.383,7.25567,4376.86,13.43,73.64,69.54,177.28,5866741.0,3.71,1.53,1.85,2.18,2.12,2.24,5.07,-0.2552260932250437,1914.22
2023-06-29,22.574,119.8659,144.756,7.25293,4396.44,13.54,73.86,69.85,177.09,6862511.0,3.85,1.65,1.99,2.2,2.15,2.25,5.07,-0.5117109995773476,1907.78
2023-06-30,22.775,119.7118,144.271,7.28013,4450.38,13.59,74.51,70.66,178.27,6420904.0,3.81,1.59,1.95,2.22,2.18,2.26,5.08,-0.1883372933595124,1908.69
2023-07-03,22.9045,119.5618,144.6605,7.25933,4455.59,13.57,74.52,69.71,178.47,4085711.0,3.86,1.61,1.98,2.25,2.21,2.29,5.08,-0.1012043232097808,1919.93
2023-07-05,23.1285,119.6971,144.5715,7.25396,4446.82,14.18,76.74,71.78,177.84,5652091.0,3.95,1.69,2.05,2.26,2.2,2.32,5.08,0.1362842690511734,1925.68
2023-07-06,22.7205,120.1579,144.0415,7.25454,4411.59,15.44,76.72,71.76,177.31,5132954.0,4.05,1.78,2.15,2.27,2.22,2.32,5.08,-0.4717088445753357,1915.46
2023-07-07,23.094,119.4293,142.122,7.2463,4398.95,14.83,78.77,73.91,178.64,5201148.0,4.06,1.79,2.13,2.27,2.22,2.32,5.08,-0.2244010625914659,1910.92
2023-07-10,23.145,119.3179,141.332,7.24461,4409.53,15.07,77.83,73.05,178.78,3320497.0,4.01,1.76,2.06,2.25,2.19,2.31,5.07,-0.2232301240049012,1924.88
2023-07-11,23.1245,119.0891,140.3635,7.20487,4439.26,14.84,79.54,74.87,179.45,2819610.0,3.99,1.75,2.08,2.24,2.16,2.32,5.08,0.9951160845664192,1925.45
2023-07-12,24.1265,118.0104,138.4365,7.19238,4472.16,13.54,80.35,75.77,181.88,7062010.0,3.86,1.6,1.89,2.26,2.18,2.34,5.08,0.8815225759775169,1932.27
2023-07-13,24.8765,117.5569,138.077,7.1659,4510.04,13.61,81.31,76.86,182.01,4527900.0,3.76,1.52,1.77,2.24,2.16,2.32,5.08,1.6022644437328528,1957.16
2023-07-14,24.901,117.4209,138.9,7.14646,4505.42,13.34,79.9,75.44,181.43,5389968.0,3.83,1.59,1.89,2.24,2.15,2.33,5.08,1.2305930930664224,1960.39
2023-07-17,24.839,117.5139,138.7065,7.17787,4522.79,13.48,77.8,74.17,181.56,4152919.0,3.81,1.56,1.86,2.25,2.16,2.34,5.08,1.204903414182579,1955.325
2023-07-18,25.056,117.4145,138.8275,7.17574,4554.98,13.3,79.54,75.76,183.64,8242597.0,3.8,1.57,1.87,2.23,2.13,2.33,5.08,1.0740229605152538,1954.7
2023-07-19,25.156,117.745,139.615,7.22611,4565.72,13.76,79.38,75.4,183.67,3911565.0,3.75,1.53,1.85,2.22,2.13,2.31,5.08,0.3269301882334607,1978.87
2023-07-20,24.7625,117.9615,140.0655,7.17405,4534.87,13.99,79.62,75.65,182.74,4972856.0,3.85,1.5,1.87,2.35,2.21,2.49,5.08,0.2190148161334952,1975.8
2023-07-21,24.602,118.3072,141.77,7.18205,4536.34,13.6,81.06,77.06,182.18,3845361.0,3.84,1.49,1.86,2.35,2.23,2.47,5.08,0.3139730021571587,1970.29
2023-07-24,24.3455,118.1812,141.4535,7.20126,4554.64,13.91,82.53,78.81,181.4,4370026.0,3.86,1.48,1.85,2.38,2.28,2.48,5.08,0.3617996732717326,1962.075
2023-07-25,24.687,118.1978,140.9355,7.14452,4567.46,13.86,83.46,79.76,182.41,4090149.0,3.91,1.52,1.89,2.39,2.26,2.52,5.08,0.2840829978871464,1955.26
2023-07-26,24.935,118.1097,140.2045,7.15496,4566.75,13.19,82.98,79.11,183.3,6158432.0,3.86,1.5,1.85,2.36,2.24,2.48,5.08,0.2414057537149952,1965.18
2023-07-27,24.1325,118.2497,139.4445,7.1486,4537.41,14.41,84.28,80.17,180.42,7592752.0,4.01,1.64,1.97,2.37,2.27,2.47,5.33,-0.4235077371271716,1971.91
2023-07-28,24.322,118.1429,141.09,7.15834,4582.23,13.33,84.49,80.55,181.86,3829197.0,3.96,1.58,1.9,2.38,2.28,2.48,5.33,-0.1442189582896733,1946.4
2023-07-31,24.7555,118.1738,142.2805,7.15602,4588.96,13.63,85.22,81.8,182.35,5496890.0,3.97,1.6,1.91,2.37,2.27,2.47,5.33,-0.3613024228156634,1959.055
2023-08-01,24.2965,118.9156,142.8075,7.17333,4576.73,13.93,85.34,81.37,180.46,6289869.0,4.05,1.68,1.98,2.37,2.26,2.48,5.33,-0.7169100496452573,1965.78
2023-08-02,23.715,119.4622,143.299,7.18957,4513.39,16.09,84.01,79.5,179.6,6348266.0,4.08,1.72,1.99,2.36,2.25,2.47,5.33,-0.902393340790086,1949.55
2023-08-03,23.5755,119.7123,142.5345,7.18453,4501.89,15.92,86.19,81.56,179.54,4638874.0,4.2,1.83,2.06,2.37,2.24,2.5,5.33,-0.9308502901679752,1935.15
2023-08-04,23.604,119.1684,141.815,7.1902,4478.03,17.1,87.38,82.76,180.19,5326191.0,4.05,1.67,1.89,2.38,2.26,2.5,5.33,-0.3312878641615395,1934.35
2023-08-07,23.1345,119.4297,142.4825,7.19625,4518.44,15.77,86.47,81.94,179.78,4510408.0,4.09,1.68,1.87,2.41,2.29,2.53,5.33,-0.3965455584401683,1942.985
2023-08-08,22.7765,119.987,143.3545,7.22958,4499.38,15.99,88.0,82.94,178.64,6162879.0,4.02,1.66,1.86,2.36,2.24,2.48,5.33,-0.1071796871218499,1936.61
2023-08-09,22.6735,119.8273,143.68,7.2198,4467.71,15.96,89.31,84.35,177.79,4643998.0,4.0,1.66,1.89,2.34,2.23,2.45,5.33,0.0994819922239931,1925.31
2023-08-10,22.698,119.5248,144.701,7.22111,4468.83,15.85,87.44,82.81,177.6,5934598.0,4.09,1.76,1.96,2.33,2.25,2.41,5.33,0.2771541749352024,1914.9
2023-08-11,22.6805,119.9929,144.942,7.25716,4464.05,14.84,87.93,83.17,177.6,5289694.0,4.16,1.8,2.01,2.36,2.3,2.42,5.33,-0.7827988126722818,1912.82
2023-08-14,22.6025,120.4451,145.5515,7.28042,4489.72,14.82,87.4,82.5,177.06,9554477.0,4.19,1.83,2.07,2.36,2.29,2.43,5.33,-0.8866444895251473,1912.965
2023-08-15,22.5325,120.5927,145.566,7.31071,4437.86,16.46,86.28,81.06,176.59,7582703.0,4.21,1.89,2.12,2.32,2.24,2.4,5.33,-0.9192519259868952,1907.47
2023-08-16,22.415,120.7308,146.28,7.32086,4404.33,16.78,84.49,79.4,175.57,6559418.0,4.28,1.96,2.19,2.32,2.23,2.41,5.33,-1.1848020111529127,1901.87
2023-08-17,22.6895,120.8924,145.835,7.32088,4370.36,17.89,85.24,80.43,175.3,7937672.0,4.3,1.97,2.18,2.33,2.24,2.42,5.33,-0.9447097048736144,1892.19
2023-08-18,22.757,120.7937,145.342,7.31499,4369.71,17.3,85.92,81.25,175.33,6253027.0,4.26,1.94,2.16,2.32,2.22,2.42,5.33,-0.5827745047709625,1889.58
2023-08-21,23.3115,120.8271,146.2165,7.30928,4399.77,17.13,85.44,80.71,175.81,4206360.0,4.34,2.0,2.21,2.34,2.25,2.43,5.33,-0.5208682774560242,1889.475
2023-08-22,23.4075,120.7274,145.8725,7.30483,4387.55,16.97,84.7,80.25,176.1,5892540.0,4.34,1.99,2.22,2.35,2.27,2.43,5.33,-0.22909605525012,1894.73
2023-08-23,24.313,120.4036,144.8155,7.29911,4436.01,15.98,83.94,78.91,177.89,7949056.0,4.19,1.84,2.1,2.35,2.26,2.44,5.33,0.5596036171977506,1897.47
2023-08-24,24.125,120.5987,145.829,7.28544,4376.31,17.2,84.07,79.52,177.85,5526428.0,4.23,1.91,2.15,2.32,2.24,2.4,5.33,0.2873473307332938,1915.42
2023-08-25,24.2355,120.8752,146.373,7.29517,4405.71,15.68,85.42,80.47,177.62,6132927.0,4.25,1.92,2.19,2.33,2.25,2.41,5.33,0.0164963408559138,1917.17
2023-08-29,24.722,120.6383,145.9235,7.29882,4497.63,14.45,86.37,81.14,179.87,7576640.0,4.12,1.83,2.08,2.29,2.18,2.4,5.33,0.3419491010944275,1920.27
2023-08-30,24.614,120.187,146.1845,7.29691,4514.87,13.88,86.62,81.64,180.32,6593692.0,4.12,1.86,2.11,2.26,2.16,2.36,5.33,-0.2420714529307961,1937.53
2023-08-31,24.438,120.5882,145.543,7.29781,4507.66,13.57,87.29,83.55,180.02,4795626.0,4.09,1.85,2.08,2.24,2.15,2.33,5.33,-0.1191418536751631,1942.87
2023-09-01,24.174,121.1011,146.193,7.26681,4515.77,13.09,89.98,85.52,180.11,4970732.0,4.18,1.92,2.12,2.26,2.17,2.35,5.33,-0.3244379476146806,1940.19
2023-09-05,23.5455,121.7785,147.6965,7.30913,4496.83,14.01,91.25,86.74,178.64,7056834.0,4.27,1.98,2.16,2.29,2.21,2.37,5.33,-0.8586861828457861,1938.73
2023-09-06,23.1745,122.2029,147.6365,7.3111,4465.48,14.45,91.79,87.55,177.83,6427224.0,4.3,2.0,2.21,2.3,2.23,2.37,5.33,-0.9780350780752376,1926.4
2023-09-07,22.9715,122.2903,147.2845,7.33475,4451.14,14.4,91.16,86.87,178.02,3257213.0,4.27,1.95,2.14,2.32,2.24,2.4,5.33,-0.674173463488758,1917.03
2023-09-08,22.92,122.2933,147.85,7.34875,4457.49,13.84,91.85,87.51,178.08,3293699.0,4.26,1.93,2.13,2.33,2.26,2.4,5.33,-0.2394561829819902,1919.7
2023-09-11,23.079,121.6757,146.566,7.3142,4487.46,13.8,91.97,87.3,178.41,3689085.0,4.29,1.94,2.14,2.35,2.26,2.44,5.33,0.3223436674299188,1918.885
2023-09-12,23.0705,121.6301,147.12,7.30646,4461.9,14.23,93.58,88.87,177.49,4445435.0,4.27,1.93,2.14,2.34,2.27,2.41,5.33,0.3334810297359954,1922.79
2023-09-13,22.8345,121.3981,147.3705,7.28277,4467.44,13.48,93.04,88.59,177.08,3874788.0,4.25,1.9,2.11,2.35,2.28,2.42,5.33,0.6503822240614703,1913.2
2023-09-14,22.648,121.5744,147.4285,7.28283,4505.1,12.82,95.2,90.13,177.17,6184382.0,4.29,1.95,2.15,2.34,2.27,2.41,5.33,0.1683721905003026,1908.91
2023-09-15,23.018,121.5361,147.859,7.28163,4450.32,13.79,95.55,90.83,178.34,5620888.0,4.33,1.98,2.18,2.35,2.27,2.43,5.33,0.1109864650583094,1911.08
2023-09-18,23.249,121.5414,147.61,7.29687,4453.53,14.0,95.95,91.47,179.39,5049308.0,4.32,1.96,2.17,2.36,2.29,2.43,5.33,0.0071992655449181,1924.15
2023-09-19,23.2015,121.5175,147.78,7.29657,4443.95,14.11,96.11,91.16,179.22,4225102.0,4.37,2.0,2.21,2.37,2.3,2.44,5.33,-0.1630423257867166,1933.83
2023-09-20,23.2425,121.32,148.1995,7.30427,4402.2,15.14,94.56,89.2,179.35,9330262.0,4.35,2.0,2.25,2.35,2.27,2.43,5.33,-0.2200630424380944,1931.94
2023-09-21,23.4005,121.8972,147.574,7.31207,4330.0,17.54,93.7,89.56,178.05,7573300.0,4.49,2.11,2.32,2.38,2.29,2.47,5.33,-0.3288503130733636,1930.61
2023-09-22,23.5475,121.8735,148.392,7.30515,4320.06,17.2,93.99,90.0,178.62,3637075.0,4.44,2.07,2.28,2.37,2.29,2.45,5.33,-0.2103159282458867,1920.06
2023-09-25,23.1305,122.4445,148.842,7.31257,4337.44,16.9,94.01,89.68,177.7,5582074.0,4.55,2.18,2.37,2.37,2.25,2.49,5.33,-0.931063880350624,1925.025
2023-09-26,22.8495,122.795,149.009,7.31396,4273.53,18.94,94.46,91.43,176.28,7181080.0,4.56,2.23,2.42,2.33,2.2,2.46,5.33,-1.0910066838102783,1916.24
2023-09-27,22.546,123.2947,149.4775,7.31769,4274.51,18.22,97.1,93.67,174.1,10919579.0,4.61,2.27,2.44,2.34,2.23,2.45,5.33,-1.4987855685556355,1900.72
2023-09-28,22.621,122.8562,149.283,7.30814,4299.7,17.34,96.64,91.65,173.23,10061917.0,4.59,2.2,2.35,2.39,2.27,2.51,5.33,-0.6356319421790747,1876.53
2023-09-29,22.181,122.6332,149.428,7.28856,4288.05,17.52,95.86,90.77,171.45,10427383.0,4.59,2.24,2.38,2.35,2.22,2.48,5.33,-0.8789096502111091,1865.49
2023-10-02,21.044,123.3573,149.8415,7.3029,4288.39,17.61,91.21,88.81,169.65,12706027.0,4.69,2.34,2.49,2.35,2.23,2.47,5.33,-0.594395739690476,1848.09
2023-10-03,21.1625,124.0624,149.0575,7.32084,4229.45,19.78,94.46,89.26,169.16,11459840.0,4.81,2.45,2.59,2.36,2.21,2.51,5.33,-0.77160790410274,1829.23
2023-10-04,21.0085,123.8848,149.0185,7.31648,4263.75,18.58,89.83,84.32,169.14,10034600.0,4.73,2.4,2.54,2.33,2.18,2.48,5.33,-1.091657372160184,1823.69
2023-10-05,20.9725,124.1752,148.492,7.32154,4258.19,18.49,88.28,82.3,168.83,6970219.0,4.72,2.41,2.54,2.31,2.14,2.48,5.33,-1.1257353736126732,1821.83
2023-10-06,21.5315,123.6561,149.335,7.30565,4308.5,17.45,87.86,82.83,169.7,9948433.0,4.78,2.47,2.58,2.31,2.17,2.45,5.33,0.6162518991564069,1820.8
2023-10-10,21.8385,123.2437,148.698,7.29875,4358.24,17.03,90.7,85.89,172.53,5843995.0,4.66,2.34,2.44,2.32,2.18,2.46,5.33,0.4873887841059996,1861.45
2023-10-11,22.0405,123.092,149.091,7.30114,4376.95,16.09,87.58,83.7,173.79,7128002.0,4.58,2.26,2.39,2.32,2.2,2.44,5.33,0.6507587477301686,1860.15
2023-10-12,21.825,123.5087,149.771,7.29839,4349.61,16.69,88.4,82.87,173.26,5912663.0,4.7,2.36,2.46,2.34,2.23,2.45,5.33,0.4010531499732929,1874.75
2023-10-13,22.6845,123.8788,149.507,7.3103,4327.78,19.32,94.33,87.67,178.83,18802885.0,4.63,2.29,2.39,2.34,2.26,2.42,5.33,0.7395614267959375,1869.1
2023-10-16,22.61,123.621,149.5375,7.31575,4373.63,17.21,90.99,86.65,177.96,8385428.0,4.71,2.33,2.42,2.38,2.3,2.46,5.33,-0.1687992124801943,1929.33
2023-10-17,22.807,123.4334,149.784,7.32108,4373.2,17.88,92.52,86.66,178.29,8231866.0,4.83,2.42,2.54,2.41,2.32,2.5,5.33,-0.108468526070699,1920.12
2023-10-18,22.854,124.1001,149.8065,7.32277,4314.6,19.22,91.99,88.35,180.87,13920793.0,4.91,2.47,2.57,2.44,2.35,2.53,5.33,-0.6780851496612483,1924.05
2023-10-19,23.054,124.0861,149.7715,7.33826,4278.0,21.4,93.12,89.35,183.09,13406560.0,4.98,2.49,2.43,2.49,2.52,2.46,5.33,-0.1306160793742377,1947.87
2023-10-20,23.3495,123.9049,149.867,7.33416,4224.16,21.71,93.72,89.12,183.59,12785667.0,4.93,2.46,2.39,2.47,2.47,2.47,5.33,-0.2380068318011874,1973.55
2023-10-23,22.9795,123.5935,149.714,7.32617,4217.04,20.37,91.88,85.49,182.97,9479805.0,4.86,2.45,2.4,2.41,2.41,2.41,5.33,-0.1901132426499036,1973.72
2023-10-24,22.917,123.9249,149.8575,7.31896,4247.68,18.97,88.0,84.58,182.95,6593963.0,4.83,2.43,2.44,2.4,2.38,2.42,5.33,-0.1440864412155268,1973.62
2023-10-25,22.861,124.069,150.1635,7.32507,4186.77,20.19,90.14,86.07,183.72,10087016.0,4.95,2.52,2.49,2.43,2.4,2.46,5.33,-0.1079585244748061,1971.01
2023-10-26,22.794,124.285,150.382,7.32781,4137.23,20.68,88.45,83.8,184.01,7671406.0,4.86,2.44,2.42,2.42,2.37,2.47,5.33,-0.0139465045098532,1980.66
2023-10-27,23.105,123.9145,149.555,7.32672,4117.37,21.27,90.73,86.04,186.15,14102828.0,4.84,2.42,2.37,2.42,2.39,2.45,5.33,0.0750482602451002,1984.72
2023-10-30,23.2965,123.7044,149.125,7.32697,4166.82,19.75,90.73,83.03,185.1,8756405.0,4.88,2.44,2.4,2.44,2.4,2.48,5.33,0.0857051640850022,2001.48
2023-10-31,22.85,124.1229,151.398,7.33058,4193.8,18.14,86.82,81.64,184.09,10104569.0,4.88,2.46,2.42,2.42,2.4,2.44,5.33,-0.1270401018662071,1995.12
2023-11-01,22.991,124.0801,150.663,7.33784,4237.86,16.87,86.92,81.05,183.51,9048562.0,4.77,2.36,2.31,2.41,2.36,2.46,5.33,0.4449202560984945,1984.9
2023-11-02,22.723,123.1995,150.48,7.32742,4317.78,15.66,89.02,83.04,184.12,7343699.0,4.67,2.27,2.3,2.4,2.35,2.45,5.33,0.811070368875614,1983.83
2023-11-03,23.216,122.1006,149.369,7.32265,4358.34,14.91,87.55,81.19,184.79,8530399.0,4.57,2.18,2.17,2.39,2.32,2.46,5.33,1.2522904322940276,1985.01
2023-11-06,23.0305,121.9692,149.995,7.27456,4365.98,14.89,87.31,81.54,183.35,8274666.0,4.67,2.25,2.25,2.42,2.35,2.49,5.33,1.1093124755264394,1992.57
2023-11-07,22.635,122.3882,150.351,7.2883,4378.38,14.81,83.43,77.96,182.59,6795795.0,4.58,2.19,2.21,2.39,2.32,2.46,5.33,1.4322530269537872,1978.13
2023-11-08,22.549,122.4055,150.896,7.28637,4382.78,14.45,81.46,75.85,180.77,6738304.0,4.49,2.15,2.22,2.34,2.29,2.39,5.33,1.1474383590737358,1969.33
2023-11-09,22.639,122.4434,151.303,7.29454,4347.35,15.29,81.74,76.34,181.49,6486286.0,4.62,2.29,2.35,2.33,2.3,2.36,5.33,0.0851765400897652,1950.03
2023-11-13,22.314,122.7389,151.6765,7.298,4411.55,14.76,84.09,78.86,180.51,5385908.0,4.63,2.32,2.37,2.31,2.29,2.33,5.33,-0.7290063836615771,1938.78
2023-11-14,23.087,121.6865,150.473,7.29911,4495.7,14.16,84.2,78.9,182.12,6831639.0,4.44,2.16,2.19,2.28,2.23,2.33,5.33,0.1658439754615641,1946.3
2023-11-15,23.4425,121.4035,151.2695,7.25659,4502.88,14.18,82.4,77.15,181.64,4909399.0,4.53,2.22,2.28,2.31,2.24,2.38,5.33,0.1015891846398019,1962.81
2023-11-16,23.7455,121.4953,150.7115,7.25494,4508.24,14.32,77.73,73.5,183.69,8253348.0,4.45,2.18,2.23,2.27,2.2,2.34,5.33,0.651229376089682,1959.975
2023-11-17,23.7345,121.1657,149.692,7.23798,4514.02,13.8,81.22,76.47,183.67,4871297.0,4.44,2.16,2.22,2.28,2.23,2.33,5.33,1.2627835905779772,1981.175
2023-11-20,23.4355,120.5653,148.334,7.1652,4547.38,13.41,83.25,78.1,183.37,5393464.0,4.42,2.12,2.18,2.3,2.26,2.34,5.33,1.5166867969791733,1978.57
2023-11-21,23.7465,120.5182,148.2465,7.14456,4538.19,13.35,82.42,78.35,185.35,7322379.0,4.41,2.16,2.22,2.25,2.19,2.31,5.33,0.3813818400772042,1977.785
2023-11-22,23.6385,120.9757,149.518,7.16094,4556.62,12.85,81.76,76.8,184.56,4338209.0,4.42,2.16,2.23,2.26,2.21,2.31,5.33,0.2510411204345583,1998.63
2023-11-24,24.3325,120.5285,149.4675,7.15969,4559.34,12.46,79.82,74.83,185.52,2445058.0,4.47,2.21,2.28,2.26,2.21,2.31,5.33,-0.0275510381982051,1993.185
2023-11-27,24.649,120.4893,148.64,7.16505,4550.43,12.69,79.49,74.46,186.77,6320420.0,4.39,2.18,2.26,2.21,2.12,2.3,5.33,-0.3814330278422698,2002.0
2023-11-28,25.03,119.9174,147.44,7.15898,4554.89,12.69,81.66,76.09,189.26,10901890.0,4.34,2.12,2.14,2.22,2.15,2.29,5.33,0.3186339564741868,2015.255
2023-11-29,25.023,120.1246,147.0715,7.13204,4550.58,12.98,82.98,77.56,189.54,8407253.0,4.27,2.06,2.08,2.21,2.14,2.28,5.33,0.6411791013617227,2041.245
2023-11-30,25.271,120.5421,148.1675,7.1466,4567.8,12.92,81.72,75.66,188.75,7558123.0,4.37,2.14,2.16,2.23,2.15,2.31,5.33,0.849211365637364,2044.735
2023-12-01,25.467,120.2542,146.869,7.14484,4594.63,12.63,78.72,73.7,192.01,16727571.0,4.22,2.0,2.02,2.22,2.12,2.32,5.33,0.8439537602864688,2037.13
2023-12-04,24.5035,120.7669,147.1375,7.1413,4569.78,13.08,78.16,72.73,187.86,18460544.0,4.28,2.07,2.1,2.21,2.13,2.29,5.33,0.3582193975717482,2074.01
2023-12-05,24.16,121.0731,147.118,7.15185,4567.18,12.85,77.27,71.95,187.15,7027722.0,4.18,2.01,2.05,2.17,2.09,2.25,5.33,-0.0911431337622895,2029.74
2023-12-06,23.902,120.8348,147.235,7.16633,4549.34,12.97,74.33,68.98,187.84,5778604.0,4.12,1.98,2.07,2.14,2.05,2.23,5.33,-0.0904099445881944,2019.335
2023-12-07,23.8035,120.8938,144.232,7.15355,4585.59,13.06,74.21,69.0,188.15,5802025.0,4.14,1.97,2.05,2.17,2.06,2.28,5.33,0.4092948188253465,2026.52
2023-12-08,23.0285,121.0499,144.988,7.17285,4604.37,12.35,75.94,70.87,185.64,7883204.0,4.23,2.02,2.13,2.21,2.11,2.31,5.33,-0.3906263888347554,2028.7
2023-12-11,22.824,121.2212,146.1585,7.19274,4622.44,12.63,75.75,70.95,183.59,8519527.0,4.23,2.04,2.14,2.19,2.11,2.27,5.33,-0.1074564010732272,2003.76
2023-12-12,22.771,120.9825,145.4375,7.19113,4643.7,12.07,74.11,68.27,183.49,5056911.0,4.2,2.04,2.15,2.16,2.08,2.24,5.33,-0.1330587570638129,1982.03
2023-12-13,23.807,121.4667,142.582,7.19727,4707.09,12.19,74.14,69.09,187.63,10635500.0,4.04,1.88,1.92,2.16,2.08,2.24,5.33,0.155310755689932,1979.91
2023-12-14,24.1785,119.8952,141.902,7.14318,4719.55,12.48,77.05,71.21,188.73,9107157.0,3.92,1.7,1.72,2.22,2.18,2.26,5.33,1.4664765934301665,2028.55
2023-12-15,23.83,120.062,142.247,7.10994,4719.19,12.28,76.84,71.05,187.0,8324824.0,3.91,1.69,1.74,2.22,2.17,2.27,5.33,1.6104790617379965,2036.275
2023-12-18,23.8055,120.2386,142.806,7.13839,4740.56,12.56,78.89,72.16,187.85,5357987.0,3.95,1.74,1.76,2.21,2.18,2.24,5.33,1.5004671188705068,2019.95
2023-12-19,24.0525,119.8116,143.868,7.14857,4768.37,12.53,79.82,73.23,189.13,6025564.0,3.93,1.74,1.77,2.19,2.17,2.21,5.33,1.6104360025989088,2027.595
2023-12-20,24.1505,119.8872,143.459,7.14112,4698.35,13.67,81.1,73.87,188.1,6002395.0,3.86,1.67,1.7,2.19,2.16,2.22,5.33,1.4872211943480222,2040.155
2023-12-21,24.3985,119.6721,142.204,7.1567,4746.75,13.65,80.73,73.59,189.43,4619995.0,3.89,1.7,1.69,2.19,2.18,2.2,5.33,0.091523479121885,2032.265
2023-12-22,24.156,119.4214,142.486,7.13473,4754.63,13.03,80.23,73.29,190.27,7176292.0,3.9,1.71,1.71,2.19,2.16,2.22,5.33,0.155134480077066,2049.815
2023-12-27,24.27,118.8525,141.611,7.15262,4781.58,12.43,80.97,74.31,192.59,5813295.0,3.79,1.64,1.66,2.15,2.12,2.18,5.33,0.3597351346845413,2068.395
2023-12-28,23.977,118.762,141.3555,7.1102,4783.35,12.47,79.04,72.02,191.47,6171506.0,3.84,1.68,1.72,2.16,2.11,2.21,5.33,0.3047833313933584,2077.86
2023-12-29,23.7955,118.7686,140.965,7.1287,4769.83,12.45,77.69,71.89,191.17,4612349.0,3.88,1.72,1.72,2.16,2.12,2.2,5.33,0.1322858435097637,2066.535
2024-01-02,23.6585,119.6165,142.07,7.13924,4742.83,13.2,76.24,70.62,190.72,6025646.0,3.95,1.74,1.76,2.21,2.17,2.25,5.33,-0.1551316389661349,2063.76
2024-01-03,22.9855,120.0407,143.1425,7.15458,4704.81,14.04,77.18,72.97,189.13,8661568.0,3.91,1.71,1.73,2.2,2.17,2.23,5.33,-0.4911545226723988,2059.14
2024-01-04,23.008,119.9775,144.599,7.1551,4688.68,14.13,75.79,72.38,189.32,4416743.0,3.99,1.77,1.79,2.22,2.18,2.26,5.33,-0.5459856381416541,2042.175
2024-01-05,23.181,119.7474,144.748,7.16685,4697.24,13.35,78.31,74.0,189.35,7481883.0,4.05,1.83,1.83,2.22,2.19,2.25,5.33,-0.5673448220288908,2043.945
2024-01-08,23.1075,119.6237,144.232,7.16936,4763.54,13.08,75.47,71.06,187.87,6214968.0,4.01,1.79,1.78,2.22,2.19,2.25,5.33,-0.3525844347158038,2045.37
2024-01-09,22.9765,120.0296,144.426,7.17269,4756.5,12.76,77.97,72.43,187.93,4437269.0,4.02,1.8,1.8,2.22,2.17,2.27,5.33,-0.3481976646322032,2028.35
2024-01-10,22.899,120.1258,145.655,7.18327,4783.45,12.69,78.46,71.57,187.5,4504726.0,4.04,1.82,1.81,2.22,2.18,2.26,5.33,-0.4354185453432544,2030.53
2024-01-11,22.751,120.2516,145.3485,7.17275,4780.24,12.44,80.21,72.15,187.87,6831086.0,3.98,1.76,1.72,2.22,2.18,2.26,5.33,-0.1286160285937394,2024.42
2024-01-12,23.158,119.9009,144.9,7.17788,4783.83,12.7,79.89,72.94,189.71,6833678.0,3.96,1.69,1.62,2.27,2.22,2.32,5.33,0.5716746480697134,2029.105
2024-01-16,22.9185,120.9213,147.12,7.21434,4765.98,13.84,80.15,72.63,187.91,6548068.0,4.07,1.77,1.71,2.3,2.24,2.36,5.33,0.0579197792090349,2054.92
2024-01-17,22.557,121.3823,148.126,7.21771,4739.21,14.79,78.88,72.79,185.84,8643163.0,4.1,1.8,1.78,2.3,2.24,2.36,5.33,-0.056470294518858,2028.1
2024-01-18,22.746,121.2366,148.132,7.21338,4780.94,14.13,81.04,74.32,187.37,4685239.0,4.14,1.8,1.76,2.34,2.28,2.4,5.33,-0.1094272286918782,2006.02
2024-01-19,22.582,120.9947,148.154,7.20169,4839.81,13.3,80.71,73.69,187.93,5719650.0,4.15,1.81,1.78,2.34,2.3,2.38,5.33,-0.6301703974686096,2024.35
2024-01-22,22.098,120.9687,147.9825,7.20293,4850.43,13.19,81.7,75.26,187.22,4397522.0,4.11,1.8,1.76,2.31,2.27,2.35,5.33,-0.475731452720681,2029.99
2024-01-23,22.443,121.4244,148.3905,7.17161,4864.6,12.55,82.04,74.72,187.95,5040771.0,4.14,1.85,1.8,2.29,2.26,2.32,5.33,-0.5559826243893952,2021.945
2024-01-24,22.67,120.8336,147.453,7.16249,4868.55,13.14,82.15,75.48,186.4,6085437.0,4.18,1.88,1.83,2.3,2.23,2.37,5.33,-0.1465612694184566,2029.03
2024-01-25,22.912,121.167,147.648,7.17737,4894.16,13.45,82.33,77.91,187.14,4651026.0,4.14,1.85,1.77,2.29,2.24,2.34,5.33,-0.2775510323265979,2014.49
2024-01-26,22.807,120.9665,148.074,7.18011,4890.97,13.26,83.34,78.45,187.01,5064774.0,4.15,1.85,1.78,2.3,2.26,2.34,5.33,-0.1934762350686142,2020.545
2024-01-29,23.205,121.1888,147.511,7.19335,4927.93,13.6,83.99,77.25,188.33,5629695.0,4.08,1.78,1.71,2.3,2.26,2.34,5.33,0.02780259133604,2023.9
2024-01-30,23.1605,120.9442,147.611,7.18504,4924.97,13.31,84.14,78.3,188.59,4976467.0,4.06,1.8,1.75,2.26,2.25,2.27,5.33,0.3862900020699868,2032.895
2024-01-31,22.9385,120.7727,146.87,7.18704,4845.65,14.35,82.98,76.28,188.45,7886115.0,3.99,1.73,1.67,2.26,2.24,2.28,5.33,0.5924614248979111,2037.115
2024-02-01,23.177,120.6832,146.481,7.19359,4906.19,13.88,82.2,74.36,190.41,10278129.0,3.87,1.68,1.63,2.19,2.17,2.21,5.33,0.6440743897060248,2039.93
2024-02-02,22.6625,121.2438,148.309,7.18893,4958.61,13.85,79.54,72.72,188.61,7337573.0,4.03,1.82,1.8,2.21,2.19,2.23,5.33,-0.1413330325199682,2054.825
2024-02-05,22.358,121.6831,148.6755,7.21917,4942.81,13.67,79.3,73.21,187.57,5436062.0,4.17,1.9,1.87,2.27,2.26,2.28,5.33,-0.6768980943973035,2039.8
2024-02-06,22.428,121.3021,147.889,7.20097,4954.23,13.06,80.46,73.83,188.55,4866122.0,4.09,1.85,1.79,2.24,2.24,2.24,5.33,-0.3606619512267203,2025.04
2024-02-07,22.217,121.2518,148.0575,7.20746,4995.06,12.83,81.18,74.26,188.5,6276879.0,4.09,1.86,1.8,2.23,2.26,2.2,5.33,-0.8026104858742865,2036.055
2024-02-08,22.5845,121.4226,149.2805,7.21161,4997.91,12.79,83.01,76.67,188.33,3873445.0,4.15,1.91,1.84,2.24,2.28,2.2,5.33,-1.0616492108081708,2035.2
2024-02-09,22.612,121.3851,149.284,7.21531,5026.61,12.93,83.58,77.26,187.6,4412654.0,4.17,1.92,1.86,2.25,2.28,2.22,5.33,-0.3588014212959002,2034.57
2024-02-12,22.693,121.2839,149.333,7.21807,5021.84,13.93,83.88,77.34,187.11,4706253.0,4.17,1.93,1.86,2.24,2.27,2.21,5.33,0.024147815552416,2023.51
2024-02-13,22.123,121.8558,150.6455,7.21443,4953.17,15.85,84.72,78.28,184.53,9525794.0,4.31,2.02,1.98,2.29,2.33,2.25,5.33,-0.5321271271991136,2019.885
2024-02-14,22.371,121.7411,150.508,7.22753,5000.62,14.38,84.41,77.09,184.42,7031562.0,4.27,1.97,1.91,2.3,2.34,2.26,5.33,-0.3075841969589548,1993.295
2024-02-15,22.925,121.5567,149.904,7.22263,5029.73,14.01,84.33,78.47,185.66,6228859.0,4.24,1.94,1.87,2.3,2.35,2.25,5.33,0.0876167757150181,1992.575
2024-02-16,23.39,121.4984,150.241,7.21996,5005.57,14.24,84.88,79.65,186.34,6518526.0,4.3,1.97,1.91,2.33,2.38,2.28,5.33,0.0767589972438922,2004.335
2024-02-20,23.009,121.3769,149.961,7.20654,4975.51,15.42,84.78,78.72,187.47,5531152.0,4.27,1.95,1.88,2.32,2.37,2.27,5.33,0.521423965285195,2018.0
2024-02-21,22.887,121.3918,150.319,7.19794,4981.8,15.34,84.77,78.89,187.48,5789951.0,4.32,1.98,1.91,2.34,2.39,2.29,5.33,0.2754651403316363,2024.425
2024-02-22,22.747,121.4589,150.5195,7.19767,5087.03,14.54,85.84,79.64,187.56,4550823.0,4.33,2.02,1.96,2.31,2.37,2.25,5.33,-0.1744714623255386,2025.97
2024-02-23,22.959,121.3991,150.5,7.21308,5088.8,13.75,84.18,77.6,188.62,6827271.0,4.26,1.96,1.94,2.3,2.34,2.26,5.33,-0.005711585682222,2024.575
2024-02-26,22.521,121.4197,150.6645,7.2075,5069.53,13.74,84.01,78.53,188.2,4491937.0,4.28,1.97,1.93,2.31,2.36,2.26,5.33,-0.1588303438640028,2034.5
2024-02-27,22.457,121.3297,150.4855,7.2123,5078.18,13.43,83.8,79.8,188.0,5165376.0,4.31,1.99,1.94,2.32,2.38,2.26,5.33,-0.218085515423299,2031.45
2024-02-28,22.462,121.4886,150.6515,7.21925,5069.76,13.84,84.08,79.44,188.34,2824131.0,4.27,1.94,1.88,2.33,2.38,2.28,5.33,0.0432863979457422,2030.7
2024-02-29,22.671,121.5385,149.9885,7.20882,5096.27,13.4,84.57,79.22,189.31,6848639.0,4.25,1.92,1.86,2.33,2.4,2.26,5.33,0.3807872808655202,2035.32
2024-03-01,23.16,121.3741,150.151,7.21156,5137.08,13.11,84.82,80.9,192.89,13410997.0,4.19,1.87,1.77,2.32,2.4,2.24,5.33,0.4098140965231985,2043.93
2024-03-04,23.8905,121.2454,150.4445,7.21115,5130.95,13.49,86.58,79.67,196.01,12216341.0,4.22,1.88,1.79,2.34,2.42,2.26,5.33,0.517949601112219,2082.21
2024-03-05,23.6725,121.2575,150.0235,7.21184,5078.65,14.46,85.82,79.11,197.19,9672210.0,4.13,1.81,1.74,2.32,2.39,2.25,5.33,0.8243286185958473,2114.96
2024-03-06,24.1755,120.8481,149.328,7.21482,5104.76,14.5,86.59,80.08,198.81,10459292.0,4.11,1.81,1.74,2.3,2.38,2.22,5.33,0.7574547275172732,2127.98
2024-03-07,24.2955,120.5744,147.916,7.20965,5157.36,14.44,84.88,79.81,199.94,8403737.0,4.09,1.81,1.73,2.28,2.34,2.22,5.33,0.7832393508921561,2148.815
2024-03-08,24.295,120.3612,147.062,7.20032,5123.69,14.74,84.29,78.96,201.63,13540110.0,4.09,1.81,1.72,2.28,2.34,2.22,5.33,0.673984130574447,2159.52
2024-03-11,24.485,120.4205,146.951,7.18935,5117.94,15.22,83.44,78.87,202.0,7329560.0,4.1,1.83,1.76,2.27,2.32,2.22,5.33,0.4844287942605624,2177.355
2024-03-12,24.1415,120.5468,147.583,7.17789,5175.27,13.84,83.66,78.51,199.79,9436586.0,4.16,1.86,1.8,2.3,2.35,2.25,5.33,0.0403298714568437,2181.285
2024-03-13,25.035,120.3533,147.708,7.19897,5165.31,13.75,83.95,80.67,201.19,5929990.0,4.19,1.89,1.82,2.3,2.37,2.23,5.33,-0.1144242587062723,2158.855
2024-03-14,24.816,120.6272,148.26,7.1921,5150.48,14.4,86.16,82.16,200.35,6865044.0,4.29,1.99,1.92,2.3,2.37,2.23,5.33,-0.6133117682861364,2174.755
2024-03-15,25.182,120.7884,149.067,7.2024,5117.09,14.41,85.39,81.94,199.71,4556710.0,4.31,1.99,1.94,2.32,2.39,2.25,5.33,-0.7211048867614392,2161.545
2024-03-18,25.032,120.9572,149.054,7.20508,5149.42,14.33,86.47,83.68,200.03,7206823.0,4.34,2.03,1.97,2.31,2.39,2.23,5.33,-0.8688513463180996,2155.06
2024-03-19,24.915,121.3111,150.842,7.21106,5178.51,13.82,87.36,84.39,199.8,4657527.0,4.3,2.0,1.93,2.3,2.38,2.22,5.33,-0.7836658872644565,2161.295
2024-03-20,25.6385,121.3092,150.855,7.2149,5224.62,13.04,85.77,82.79,202.18,9593754.0,4.27,1.96,1.85,2.31,2.4,2.22,5.33,-0.6073195735420448,2158.795
2024-03-21,24.749,121.1869,151.547,7.2122,5241.53,12.92,84.92,81.99,201.97,7396540.0,4.27,1.93,1.83,2.34,2.43,2.25,5.33,0.0890661505219857,2200.945
2024-03-22,24.674,121.5694,151.45,7.26949,5234.18,13.06,84.87,81.1,200.35,6918508.0,4.22,1.87,1.79,2.35,2.41,2.29,5.33,0.2100220552440782,2181.305
2024-03-25,24.663,121.4143,151.42,7.25222,5218.19,13.19,86.18,82.41,200.99,4034750.0,4.25,1.92,1.82,2.33,2.41,2.25,5.33,0.2843537096743829,2166.405
2024-03-26,24.409,121.4613,151.531,7.24526,5203.58,13.24,85.91,82.41,201.64,5752677.0,4.24,1.92,1.84,2.32,2.38,2.26,5.33,0.3267401650978199,2172.185
2024-03-27,24.581,121.4048,151.338,7.25383,5248.49,12.78,84.94,82.15,203.1,6040980.0,4.2,1.88,1.81,2.32,2.37,2.27,5.33,0.3391408234679475,2178.385
2024-03-28,24.97,121.4498,151.416,7.26389,5254.35,13.01,86.17,83.96,205.72,9194473.0,4.2,1.88,1.83,2.32,2.38,2.26,5.33,0.0960545592326484,2192.525
2024-04-02,26.14,121.6881,151.573,7.2621,5205.81,14.61,87.63,85.95,210.89,13421070.0,4.36,2.0,1.91,2.36,2.44,2.28,5.33,-0.1339400154283072,2251.025
2024-04-03,27.1825,121.4129,151.6565,7.26105,5211.49,14.33,90.6,86.22,212.74,11416226.0,4.36,2.0,1.91,2.36,2.43,2.29,5.33,-0.189009738400903,2280.33
2024-04-04,26.911,121.1646,151.3155,7.2478,5147.21,16.35,90.32,87.37,211.52,12307274.0,4.31,1.97,1.88,2.34,2.42,2.26,5.33,0.0855333236475178,2299.77
2024-04-05,27.384,121.3671,151.65,7.242,5204.34,16.03,92.81,87.69,215.14,13382720.0,4.39,2.02,1.93,2.37,2.45,2.29,5.33,0.0186907020100621,2290.935
2024-04-08,27.853,121.1487,151.8295,7.24802,5202.39,15.19,91.73,87.24,216.48,10331406.0,4.42,2.04,1.96,2.38,2.47,2.29,5.33,0.2993682264676656,2324.4
2024-04-09,28.1525,121.1215,151.763,7.24263,5209.91,14.98,92.13,86.04,217.67,13079306.0,4.36,2.0,1.93,2.36,2.44,2.28,5.33,0.3024574161342477,2338.97
2024-04-10,27.9275,121.9628,153.0095,7.24181,5160.64,15.8,91.57,86.98,215.61,13317492.0,4.55,2.15,2.12,2.4,2.49,2.31,5.33,-0.5422340124876912,2352.925
2024-04-11,28.4455,122.003,153.2125,7.25699,5199.06,14.91,91.49,85.79,219.8,11415224.0,4.56,2.16,2.13,2.4,2.48,2.32,5.33,-0.9200838526641694,2333.96
2024-04-12,28.0305,122.6566,153.24,7.2634,5123.41,17.31,93.12,86.46,216.89,30898775.0,4.5,2.11,2.07,2.39,2.47,2.31,5.33,-0.6702858431503672,2371.94
2024-04-15,28.8755,122.7932,154.2325,7.25796,5061.82,19.23,90.84,86.21,220.95,13238952.0,4.63,2.2,2.13,2.43,2.52,2.34,5.33,-0.8473572917179572,2363.95
2024-04-16,28.104,123.4732,154.666,7.2684,5051.41,18.4,91.29,86.15,221.22,10746123.0,4.67,2.24,2.17,2.43,2.52,2.34,5.33,-1.3789744578693022,2382.985
2024-04-17,28.2235,123.375,154.341,7.2511,5022.21,18.21,89.54,83.58,219.59,11521054.0,4.59,2.2,2.15,2.39,2.47,2.31,5.33,-0.5695761411515283,2382.25
2024-04-18,28.2405,123.3481,154.608,7.25122,5011.12,18.0,88.34,83.5,220.34,6496885.0,4.64,2.24,2.24,2.4,2.44,2.36,5.33,-0.5831247321237968,2361.57
2024-04-19,28.6715,123.4459,154.605,7.25073,4967.23,18.71,87.96,83.79,221.05,8680646.0,4.62,2.21,2.22,2.41,2.44,2.38,5.33,-0.4807549943738284,2378.695
2024-04-22,27.194,123.4011,154.814,7.25151,5010.6,16.94,87.3,83.82,215.57,13404253.0,4.62,2.21,2.21,2.41,2.45,2.37,5.33,-0.3594038554990286,2386.75
2024-04-23,27.307,123.0779,154.781,7.26322,5070.55,15.69,88.29,84.17,215.04,10730332.0,4.61,2.2,2.19,2.41,2.44,2.38,5.33,0.187157962417528,2327.46
2024-04-24,27.166,123.2398,155.237,7.26721,5071.63,15.97,89.02,84.09,214.64,5741072.0,4.65,2.24,2.22,2.41,2.42,2.4,5.33,-0.0775200182916837,2321.87
2024-04-25,27.442,123.1916,155.5935,7.26396,5048.42,15.37,88.1,84.92,215.92,6606512.0,4.7,2.28,2.27,2.42,2.43,2.41,5.33,-0.0937416847494385,2315.545
2024-04-26,27.226,123.3004,157.891,7.26085,5099.96,15.03,89.95,85.38,216.62,6268504.0,4.67,2.24,2.24,2.43,2.44,2.42,5.33,-0.1128003240076954,2332.0
2024-04-29,27.142,122.9074,156.3105,7.25184,5116.17,14.67,88.44,84.26,216.18,6409870.0,4.63,2.22,2.22,2.41,2.43,2.39,5.33,0.1024601685882322,2336.49
2024-04-30,26.295,123.3446,157.723,7.24773,5035.69,15.65,88.23,83.49,211.87,11248615.0,4.69,2.28,2.29,2.41,2.43,2.39,5.33,-0.3350914836966702,2335.345
2024-05-01,26.6495,123.3776,154.357,7.24493,5018.39,15.39,83.55,80.7,213.79,10373880.0,4.63,2.25,2.25,2.38,2.39,2.37,5.33,-0.1369067998567895,2286.555
2024-05-02,26.678,122.8047,153.721,7.23367,5064.2,14.68,84.81,80.59,213.13,6286967.0,4.58,2.21,2.2,2.37,2.37,2.37,5.33,0.3014527818583209,2320.46
2024-05-03,26.504,122.5056,152.895,7.19682,5127.79,13.49,83.6,79.65,212.96,8679910.0,4.5,2.15,2.13,2.35,2.35,2.35,5.33,0.3915436172442551,2303.845
2024-05-07,27.24,122.4588,154.6065,7.22548,5187.7,13.23,82.69,79.97,214.21,5660735.0,4.47,2.15,2.16,2.32,2.32,2.32,5.33,0.4944713738983812,2324.43
2024-05-08,27.337,122.5562,155.521,7.23063,5187.67,13.0,82.44,80.57,213.58,4462736.0,4.48,2.17,2.19,2.31,2.31,2.31,5.33,0.3316794112669953,2313.825
2024-05-09,28.334,122.5322,155.484,7.23187,5214.08,12.69,83.27,80.86,216.95,7732469.0,4.45,2.13,2.13,2.32,2.34,2.3,5.33,0.1954780411389211,2308.495
2024-05-10,28.2085,122.3898,155.778,7.22748,5222.68,12.55,83.39,79.81,218.71,8700917.0,4.5,2.16,2.18,2.34,2.34,2.34,5.33,-0.036887248767134,2346.385
2024-05-13,28.2035,122.4068,156.215,7.24186,5221.42,13.6,83.18,80.71,216.26,4896343.0,4.48,2.15,2.17,2.33,2.33,2.33,5.33,-0.1024977839753142,2364.4
2024-05-14,28.6115,122.3094,156.4245,7.24191,5246.68,13.42,81.0,79.62,218.09,4662679.0,4.45,2.12,2.14,2.33,2.32,2.34,5.33,0.2602486193011884,2336.005
2024-05-15,29.6725,121.7471,154.7985,7.2215,5308.15,12.45,79.98,80.23,220.89,9297715.0,4.36,2.05,2.06,2.31,2.29,2.33,5.33,0.7813515589390411,2358.205
2024-05-16,29.581,121.6189,155.3685,7.22001,5297.1,12.42,81.65,80.85,220.03,4301652.0,4.38,2.07,2.1,2.31,2.3,2.32,5.33,0.5790558480619781,2385.855
2024-05-17,31.516,121.638,155.6815,7.23197,5303.27,11.99,82.24,81.66,223.66,10481937.0,4.42,2.1,2.12,2.32,2.32,2.32,5.33,0.4643757013591025,2377.09
2024-05-20,31.831,121.6377,156.2225,7.24056,5308.13,12.15,81.91,81.39,224.56,5990860.0,4.44,2.11,2.13,2.33,2.33,2.33,5.33,0.3915954274837416,2418.63
2024-05-21,31.978,121.7864,156.159,7.24292,5321.41,11.86,81.22,80.66,224.23,4002615.0,4.41,2.09,2.1,2.32,2.33,2.31,5.33,0.2162579757565987,2426.48
2024-05-22,30.798,121.9514,156.698,7.2484,5307.01,12.29,79.9,79.15,220.11,8903115.0,4.43,2.1,2.14,2.33,2.33,2.33,5.33,-0.1908281442131119,2421.175
2024-05-23,30.1255,122.1493,156.9775,7.25211,5267.84,12.77,79.25,77.47,215.72,9537911.0,4.47,2.17,2.21,2.3,2.31,2.29,5.33,-0.5620405110932073,2379.775
2024-05-24,30.3525,122.0215,156.9315,7.2591,5304.72,11.93,78.92,78.48,215.92,4212379.0,4.46,2.14,2.2,2.32,2.33,2.31,5.33,-0.2706711324593545,2329.04
2024-05-28,32.1,121.8382,157.163,7.26374,5306.04,12.92,81.34,80.9,218.19,3809677.0,4.54,2.2,2.23,2.34,2.33,2.35,5.33,-0.2709870936709244,2351.59
2024-05-29,31.9765,122.5535,157.597,7.26913,5266.95,14.28,81.5,80.24,216.16,4184972.0,4.61,2.25,2.27,2.36,2.36,2.36,5.33,-0.550037483858229,2361.06
2024-05-30,31.166,122.356,156.7855,7.25338,5235.48,14.47,81.42,78.96,216.57,3071290.0,4.55,2.19,2.22,2.36,2.35,2.37,5.33,0.1737876455663018,2338.175
2024-05-31,30.382,122.4845,157.2735,7.26169,5277.51,12.92,79.41,77.97,215.3,5617183.0,4.51,2.16,2.18,2.35,2.34,2.36,5.33,-0.0536245605093269,2344.15
2024-06-03,30.732,122.7156,156.1135,7.25997,5283.4,13.11,76.45,75.26,217.22,6172606.0,4.41,2.08,2.11,2.33,2.31,2.35,5.33,0.1538625495591597,2328.15
2024-06-04,29.496,123.0715,154.8335,7.25046,5291.34,13.16,75.33,74.27,215.27,5509361.0,4.33,2.02,2.07,2.31,2.28,2.34,5.33,0.5123614797489685,2351.485
2024-06-05,30.006,122.9014,156.059,7.25431,5354.03,12.63,75.41,75.08,217.82,5479226.0,4.29,1.99,2.04,2.3,2.27,2.33,5.33,0.3025749821493089,2326.955
2024-06-06,31.3255,122.7416,155.6095,7.26029,5352.96,12.58,77.62,76.52,219.43,5283914.0,4.28,2.0,2.04,2.28,2.25,2.31,5.33,0.3262235445880273,2356.8
2024-06-07,29.1725,123.8707,156.749,7.25321,5346.99,12.22,78.12,76.53,211.6,12195073.0,4.43,2.13,2.18,2.3,2.28,2.32,5.33,-0.9211664410426588,2376.425
2024-06-10,29.7485,124.2232,157.021,7.26682,5360.79,12.74,79.59,78.75,213.54,4219641.0,4.47,2.16,2.21,2.31,2.27,2.35,5.33,-0.914842299585526,2295.27
2024-06-11,29.285,124.345,157.126,7.27053,5375.32,12.85,80.15,78.88,214.15,4004085.0,4.39,2.12,2.16,2.27,2.25,2.29,5.33,-0.9496757294781182,2312.08
2024-06-12,29.7285,124.1411,156.598,7.26984,5421.03,12.04,80.52,79.56,214.72,5911883.0,4.31,2.09,2.15,2.22,2.17,2.27,5.33,-1.0713010712777196,2317.17
2024-06-13,28.965,124.3287,157.007,7.26751,5433.74,11.94,81.44,79.61,212.97,5861099.0,4.24,2.03,2.1,2.21,2.14,2.28,5.33,-0.905796662783194,2325.105
2024-06-14,29.5795,124.4755,157.306,7.2739,5431.6,12.66,81.49,79.41,215.73,7076496.0,4.2,2.03,2.11,2.17,2.11,2.23,5.33,-0.1299981221021798,2304.085
2024-06-17,29.465,124.5427,157.7335,7.26936,5473.23,12.75,82.45,81.33,214.61,3877671.0,4.28,2.06,2.14,2.22,2.16,2.28,5.33,0.0610171156786419,2331.53
2024-06-18,29.5415,124.2835,157.8365,7.27628,5487.03,12.3,84.79,82.67,215.47,4921415.0,4.22,2.01,2.07,2.21,2.17,2.25,5.33,0.2865152605087184,2319.435
2024-06-20,30.737,124.496,158.9115,7.28706,5473.17,13.28,85.92,83.34,218.16,7290516.0,4.25,2.0,2.05,2.25,2.21,2.29,5.33,0.3111776704957215,2329.46
2024-06-21,29.5405,124.4247,159.606,7.28875,5464.62,13.2,86.42,81.71,214.78,8935399.0,4.25,2.02,2.07,2.23,2.19,2.27,5.33,0.3141235819177604,2360.145
2024-06-24,29.582,124.0379,159.61,7.28378,5447.87,13.33,86.75,82.63,215.63,4626923.0,4.25,2.03,2.09,2.22,2.18,2.26,5.33,0.3913603071250081,2323.485
2024-06-25,28.914,124.26,159.6635,7.28606,5469.3,12.84,86.81,81.97,214.56,3847694.0,4.23,2.01,2.08,2.22,2.17,2.27,5.33,0.1270183946055335,2334.435
2024-06-26,28.7705,124.5696,160.765,7.2982,5477.9,12.55,85.76,82.19,212.58,4690348.0,4.32,2.06,2.12,2.26,2.2,2.32,5.33,-0.0805143711480639,2319.21
2024-06-27,28.9775,124.6406,160.754,7.29855,5482.87,12.24,87.0,83.04,214.99,4977837.0,4.29,2.03,2.07,2.26,2.22,2.3,5.33,-0.1512067391817348,2298.685
2024-06-28,29.1125,124.5172,160.871,7.2926,5460.48,12.44,87.26,82.83,215.01,3955080.0,4.36,2.08,2.09,2.28,2.24,2.32,5.33,-0.1086149096557185,2328.185
2024-07-01,29.4495,124.7723,161.4695,7.29735,5475.09,12.22,86.57,84.7,215.57,3797921.0,4.48,2.16,2.15,2.32,2.29,2.35,5.33,-0.5190694548164067,2326.39
2024-07-02,29.5235,124.608,161.448,7.30875,5509.01,12.03,88.28,84.09,215.56,4921672.0,4.43,2.13,2.13,2.3,2.26,2.34,5.33,-0.3575843506247355,2331.93
2024-07-03,30.498,124.1096,161.5715,7.30635,5537.02,12.09,88.25,85.19,217.99,5055313.0,4.36,2.09,2.1,2.27,2.23,2.31,5.33,0.1549115120189062,2329.72
2024-07-05,31.218,123.8192,160.768,7.28446,5567.19,12.48,88.66,84.44,220.93,5950550.0,4.28,2.0,2.0,2.28,2.22,2.34,5.33,0.6884063664853647,2356.745
2024-07-08,30.7625,123.706,160.798,7.28828,5572.85,12.37,87.15,83.63,218.19,5790811.0,4.28,2.01,2.01,2.27,2.22,2.32,5.33,0.9711270289472383,2387.285
2024-07-09,30.7985,123.7559,161.2885,7.2893,5576.98,12.51,86.48,82.78,218.56,3904495.0,4.3,2.04,2.03,2.26,2.21,2.31,5.33,0.6984017809227898,2359.3
2024-07-10,30.8165,123.5508,161.576,7.29229,5633.91,12.85,86.55,83.39,219.36,5556185.0,4.28,2.01,2.02,2.27,2.22,2.32,5.33,0.676994677366293,2363.905
2024-07-11,31.4575,123.1267,158.9425,7.27888,5584.54,12.92,86.49,83.92,223.25,9323981.0,4.2,1.95,1.95,2.25,2.18,2.32,5.33,0.6503597493347609,2371.19
2024-07-12,30.7875,122.8093,157.832,7.27202,5615.35,12.46,87.35,83.49,223.11,5179297.0,4.18,1.94,1.95,2.24,2.15,2.33,5.33,0.5976316666348899,2415.415
2024-07-15,30.6805,123.0059,158.091,7.27479,5631.22,13.12,86.42,83.22,223.83,5719339.0,4.23,1.96,1.93,2.27,2.2,2.34,5.33,0.6026506875891213,2412.66
2024-07-16,31.2515,123.1024,158.33,7.28502,5667.2,13.19,86.6,81.92,228.29,11070663.0,4.17,1.91,1.89,2.26,2.2,2.32,5.33,0.884558069518096,2422.44
2024-07-17,30.3055,122.892,156.167,7.26367,5588.27,14.48,85.76,84.16,227.23,8620511.0,4.16,1.9,1.88,2.26,2.19,2.33,5.33,0.8339570284953896,2468.52
2024-07-18,29.829,123.1548,157.352,7.27306,5544.59,15.93,86.26,84.17,225.78,5485459.0,4.2,1.89,1.92,2.31,2.19,2.43,5.33,0.6413039446413243,2459.035
2024-07-19,29.22,123.5033,157.509,7.28266,5505.0,16.52,85.19,81.43,221.73,8665956.0,4.25,1.93,1.98,2.32,2.18,2.46,5.33,0.2897973660122389,2445.715
2024-07-22,29.1295,123.5735,156.945,7.29223,5564.41,14.91,83.44,81.25,221.8,5334060.0,4.26,1.96,1.99,2.3,2.18,2.42,5.33,0.0136922400874418,2402.11
2024-07-23,29.2365,123.7296,155.587,7.28787,5555.74,14.72,82.2,78.24,222.58,4435700.0,4.25,1.96,1.98,2.29,2.17,2.41,5.33,-0.2253093748564944,2396.705
2024-07-24,28.9005,123.8784,153.793,7.29062,5427.13,18.04,83.01,78.78,221.8,6838783.0,4.28,2.0,1.99,2.28,2.13,2.43,5.33,-0.5014381354231224,2409.075
2024-07-25,27.8555,123.8341,153.932,7.21849,5399.22,18.46,82.58,79.43,218.33,9777054.0,4.27,1.99,2.0,2.28,2.13,2.43,5.33,-0.5842928226717281,2397.335
2024-07-26,27.903,123.9862,153.759,7.25976,5459.1,16.39,81.35,78.58,220.63,6328784.0,4.2,1.93,1.93,2.27,2.13,2.41,5.33,-0.3064400620347167,2364.47
2024-07-29,27.861,124.4412,154.02,7.26781,5463.54,16.6,80.94,77.27,220.32,4665057.0,4.17,1.92,1.92,2.25,2.13,2.37,5.33,-0.2069961571173157,2388.1
2024-07-30,28.386,124.576,152.704,7.26571,5436.44,17.69,79.26,76.17,222.52,4939531.0,4.15,1.9,1.91,2.25,2.12,2.38,5.33,-0.0249759451757213,2383.635
2024-07-31,29.005,123.9223,149.885,7.22575,5522.3,16.36,81.39,79.36,226.55,7316552.0,4.09,1.85,1.84,2.24,2.13,2.35,5.33,0.4157264030794054,2410.945
2024-08-01,28.5225,124.1551,149.349,7.25214,5446.68,18.59,81.37,77.74,225.77,7217224.0,3.99,1.79,1.78,2.2,2.06,2.34,5.33,0.4717567442734338,2448.675
2024-08-02,28.5335,123.7169,146.586,7.20817,5346.56,23.39,78.35,74.99,225.34,11109387.0,3.8,1.76,1.73,2.04,1.89,2.19,5.33,0.4745024995257811,2446.315
2024-08-05,27.2495,123.7919,144.089,7.1128,5186.33,38.57,77.51,74.46,222.48,8939011.0,3.78,1.71,1.71,2.07,1.91,2.23,5.33,1.280593949268127,2444.65
2024-08-06,26.9675,123.8794,144.56,7.14735,5240.03,27.71,76.62,74.6,220.7,14362267.0,3.9,1.78,1.77,2.12,1.96,2.28,5.33,0.759610055137151,2410.395
2024-08-07,26.6095,123.8126,146.729,7.18994,5199.5,27.85,78.26,76.68,220.55,5287817.0,3.96,1.85,1.82,2.11,1.97,2.25,5.33,0.0888866587620716,2391.82
2024-08-08,27.5405,123.6961,147.216,7.17136,5319.31,23.79,80.76,77.64,224.01,6327054.0,3.99,1.87,1.85,2.12,1.98,2.26,5.33,-0.1613554892432616,2381.62
2024-08-09,27.4019,123.1964,146.647,7.17374,5344.16,20.37,81.07,78.28,224.56,4441017.0,3.94,1.84,1.84,2.1,1.96,2.24,5.33,-0.0376544628164821,2427.27
2024-08-12,27.9575,123.4942,147.202,7.18055,5344.39,20.71,83.06,81.45,228.41,5561259.0,3.9,1.79,1.77,2.11,1.98,2.24,5.33,-0.5075114881830785,2430.17
2024-08-13,27.856,123.2819,146.8565,7.17031,5434.43,18.12,82.51,79.81,228.06,6740238.0,3.85,1.76,1.72,2.09,1.96,2.22,5.33,-0.0242111984873264,2471.27
2024-08-14,27.567,122.7057,147.2575,7.14054,5455.21,16.19,82.15,78.47,226.2,5462495.0,3.83,1.77,1.74,2.06,1.93,2.19,5.33,0.3030455708343585,2466.355
2024-08-15,28.357,122.8791,149.3195,7.16106,5543.22,15.23,83.09,79.66,226.91,5273310.0,3.92,1.8,1.8,2.12,1.99,2.25,5.33,0.3419721558050316,2447.96
2024-08-16,28.969,122.6944,147.7,7.17002,5554.25,14.8,81.56,78.05,231.99,11924536.0,3.89,1.81,1.8,2.08,1.97,2.19,5.33,0.0783401374507143,2456.39
2024-08-19,29.4455,122.1762,146.605,7.14376,5608.25,14.65,81.09,75.82,231.61,5164817.0,3.86,1.79,1.81,2.07,1.94,2.2,5.33,0.2176183872222215,2509.14
2024-08-20,29.4385,122.0677,145.1405,7.14264,5597.12,15.88,78.85,75.27,232.46,9073611.0,3.82,1.75,1.75,2.07,1.95,2.19,5.33,0.3998111955473517,2503.765
2024-08-21,29.6045,122.1407,145.1775,7.13224,5620.85,16.27,78.77,72.76,232.15,5337388.0,3.79,1.72,1.7,2.07,1.94,2.2,5.33,0.4610795692338081,2513.825
2024-08-22,28.984,122.6371,146.2465,7.13598,5570.64,17.55,78.8,73.72,229.37,5765369.0,3.86,1.76,1.76,2.1,1.96,2.24,5.33,0.2869739528919304,2511.825
2024-08-23,29.8325,121.7525,144.234,7.13937,5634.61,15.86,80.34,75.82,232.02,5418171.0,3.81,1.68,1.64,2.13,2.01,2.25,5.33,1.0900184336462562,2484.885
2024-08-27,29.974,122.1318,143.9495,7.13037,5625.8,15.43,81.51,76.5,233.39,4435606.0,3.83,1.68,1.64,2.15,2.02,2.28,5.33,0.4352314959797685,2517.9
2024-08-28,29.141,122.1586,144.4585,7.12787,5592.18,17.11,80.04,75.49,231.75,4961482.0,3.84,1.69,1.64,2.15,1.99,2.31,5.33,0.3426579003389423,2524.75
2024-08-29,29.4255,122.4706,144.993,7.09185,5591.96,15.65,81.55,76.9,232.95,5524161.0,3.87,1.71,1.65,2.16,2.01,2.31,5.33,0.3436410753967606,2504.63
2024-08-30,28.8625,122.5582,146.178,7.08331,5648.4,15.0,80.2,74.52,231.29,5742963.0,3.91,1.76,1.7,2.15,2.01,2.29,5.33,-0.6667740176986439,2521.36
2024-09-03,28.0505,123.0052,145.4435,7.12476,5528.93,20.72,76.46,71.28,230.29,6417918.0,3.84,1.73,1.7,2.11,1.95,2.27,5.33,-0.5175409044672472,2499.67
2024-09-04,28.271,122.7434,143.651,7.11907,5520.07,21.32,74.67,70.11,230.43,4695980.0,3.77,1.7,1.66,2.07,1.9,2.24,5.33,-0.1324703176626384,2493.04
2024-09-05,28.824,122.6747,143.432,7.09789,5503.41,19.9,74.47,70.09,232.35,4838112.0,3.73,1.7,1.67,2.03,1.87,2.19,5.33,0.0429306380564327,2495.54
2024-09-06,27.9205,122.7145,142.419,7.08291,5408.42,22.38,72.82,68.58,230.63,6315824.0,3.72,1.69,1.64,2.03,1.86,2.2,5.33,0.2042444693336288,2516.835
2024-09-09,28.35,122.9408,143.1585,7.12267,5471.05,19.45,72.37,69.65,231.6,3548806.0,3.7,1.66,1.61,2.04,1.88,2.2,5.33,0.2017550316746099,2496.73
2024-09-10,28.4,123.2266,142.43,7.12822,5495.52,19.08,70.34,66.73,232.62,4378349.0,3.65,1.63,1.57,2.02,1.86,2.18,5.33,0.005679634405191,2506.63
2024-09-11,28.676,123.0007,142.3005,7.11927,5554.13,17.69,70.31,68.25,232.25,4637312.0,3.65,1.61,1.55,2.04,1.9,2.18,5.33,0.0354830249357214,2516.725
2024-09-12,29.873,122.684,141.84,7.12972,5595.76,17.07,73.81,69.89,236.33,9944986.0,3.68,1.63,1.54,2.05,1.93,2.17,5.33,0.2047412280059603,2512.22
2024-09-13,30.73,121.9128,140.93,7.0921,5626.02,16.56,73.68,69.59,238.68,7455078.0,3.66,1.58,1.48,2.08,1.95,2.21,5.33,0.7067487487067665,2558.725
2024-09-16,30.7335,121.7684,140.633,7.09343,5633.09,17.14,73.96,71.1,238.66,4713541.0,3.63,1.54,1.47,2.09,1.94,2.24,5.33,1.009385235078384,2578.7
2024-09-17,30.7035,121.8724,142.355,7.09379,5634.58,17.61,74.55,72.16,237.34,5257119.0,3.65,1.53,1.47,2.12,1.97,2.27,5.33,1.148743141558768,2582.44
2024-09-18,30.0835,121.8295,142.1335,7.08803,5618.26,18.23,74.52,71.87,235.51,11081114.0,3.7,1.58,1.49,2.12,1.98,2.26,5.33,0.7783504439507258,2569.435
2024-09-19,30.786,121.5773,142.6485,7.06315,5713.64,16.33,75.93,72.86,239.17,6108226.0,3.73,1.56,1.45,2.17,2.04,2.3,4.83,0.9715884795870038,2558.685
2024-09-20,31.1455,121.6673,143.923,7.05328,5702.55,16.15,75.96,72.72,242.21,7737416.0,3.73,1.58,1.46,2.15,2.02,2.28,4.83,0.1823392184186674,2586.87
2024-09-23,30.6925,121.687,143.583,7.06077,5718.57,15.89,74.95,71.33,242.68,5426166.0,3.75,1.58,1.47,2.17,2.04,2.3,4.83,-0.0672644807836292,2621.09
2024-09-24,32.0975,121.3868,143.208,7.03038,5732.93,15.39,75.29,72.34,246.07,8386348.0,3.74,1.55,1.41,2.19,2.06,2.32,4.83,0.1348845206310485,2628.585
2024-09-25,31.812,121.6868,144.6795,7.01973,5722.26,15.41,75.4,70.42,245.73,7393448.0,3.79,1.61,1.46,2.18,2.06,2.3,4.83,-0.1013276026572513,2657.15
2024-09-26,32.018,121.3274,144.805,7.00707,5745.37,15.37,73.06,68.28,246.98,7041063.0,3.79,1.63,1.52,2.16,2.03,2.29,4.83,-0.3348399714999773,2657.155
2024-09-27,31.634,121.356,142.182,6.98571,5738.17,16.96,71.63,68.72,245.02,8329633.0,3.75,1.6,1.47,2.15,2.03,2.27,4.83,0.005990740373539,2672.34
2024-09-30,31.16,121.5298,143.607,6.99074,5762.48,16.73,72.35,68.75,243.06,6919352.0,3.81,1.63,1.51,2.18,2.07,2.29,4.83,-0.1669897834648261,2658.825
2024-10-01,31.4405,121.9152,143.631,7.02383,5708.75,19.26,75.3,70.41,245.61,10605494.0,3.74,1.55,1.44,2.19,2.07,2.31,4.83,-0.1651992356889592,2634.53
2024-10-02,31.8345,121.8154,146.3745,7.03226,5709.54,18.9,74.86,70.74,245.66,6798783.0,3.79,1.58,1.45,2.21,2.1,2.32,4.83,0.2014234368465765,2663.675
2024-10-03,32.028,122.3469,146.867,7.04641,5699.94,20.49,77.57,74.33,245.49,5674503.0,3.85,1.64,1.51,2.21,2.11,2.31,4.83,-0.2607099843765229,2659.33
2024-10-04,32.196,122.4533,148.772,7.06356,5751.07,19.21,79.32,74.93,245.0,5951628.0,3.98,1.75,1.67,2.23,2.14,2.32,4.83,-0.9364052747951208,2656.195
2024-10-07,31.687,122.6545,148.153,7.06832,5695.94,22.64,81.74,77.76,244.17,3849026.0,4.03,1.76,1.69,2.27,2.17,2.37,4.83,-0.7204676806452881,2650.61
2024-10-08,30.671,122.9111,148.227,7.05733,5751.13,21.42,78.19,74.26,242.37,7669807.0,4.04,1.77,1.69,2.27,2.17,2.37,4.83,-1.1978111882594953,2642.655
2024-10-09,30.5015,123.1373,149.178,7.07033,5792.04,20.86,77.06,73.85,241.05,4120486.0,4.06,1.77,1.7,2.29,2.21,2.37,4.83,-1.1965797070851998,2621.76
2024-10-10,31.1625,123.3431,148.5445,7.08542,5780.05,20.93,79.45,76.46,242.82,4792690.0,4.09,1.76,1.65,2.33,2.26,2.4,4.83,-0.6902348166453972,2607.715
2024-10-11,31.5665,123.2275,149.142,7.07267,5815.03,20.46,80.27,76.11,245.47,5789546.0,4.08,1.75,1.63,2.33,2.25,2.41,4.83,-0.0977592048160542,2629.995
2024-10-15,31.5075,123.773,149.2075,7.12369,5815.26,20.64,73.68,71.22,245.92,5640831.0,4.03,1.75,1.64,2.28,2.22,2.34,4.83,-0.3332527438138558,2648.695
2024-10-16,31.679,124.1606,149.587,7.12322,5842.47,19.58,73.65,70.97,247.15,5431939.0,4.02,1.75,1.65,2.27,2.19,2.35,4.83,-0.4870429412114263,2662.85
2024-10-17,31.695,124.3466,150.1665,7.14036,5841.47,19.11,74.37,71.26,248.63,5176170.0,4.09,1.79,1.68,2.3,2.22,2.38,4.83,-0.7351677340590328,2674.09
2024-10-18,33.619,124.1511,149.523,7.12014,5864.67,18.03,72.75,69.78,251.27,7833614.0,4.08,1.77,1.65,2.31,2.23,2.39,4.83,-0.6517598870959581,2692.92
2024-10-21,33.787,124.7004,150.73,7.12755,5853.98,18.37,73.29,71.16,251.22,9258590.0,4.19,1.88,1.75,2.31,2.23,2.39,4.83,-0.8541034212985443,2720.52
2024-10-22,34.854,124.6396,151.057,7.13355,5851.2,18.2,75.59,72.84,253.93,5756321.0,4.2,1.87,1.75,2.33,2.25,2.41,4.83,-0.8880505380442687,2719.755
2024-10-23,33.7005,124.9181,152.6895,7.14122,5797.42,19.24,74.68,71.37,250.87,8080958.0,4.24,1.93,1.82,2.31,2.23,2.39,4.83,-1.0624180015727516,2748.645
2024-10-24,33.675,124.743,151.8295,7.12335,5809.86,19.08,74.27,70.58,252.8,5962188.0,4.21,1.91,1.7,2.3,2.33,2.27,4.83,-0.7248767591249577,2715.62
2024-10-25,33.587,124.8418,152.262,7.1345,5808.12,20.33,75.62,72.02,253.32,4424475.0,4.25,1.96,1.75,2.29,2.32,2.26,4.83,-1.1361437748754746,2736.035
2024-10-28,33.656,125.0385,153.305,7.14021,5823.52,19.8,71.87,67.65,253.33,4029110.0,4.28,1.99,1.8,2.29,2.31,2.27,4.83,-0.655817537006289,2734.665
2024-10-29,34.449,125.0952,153.255,7.15403,5832.92,19.34,71.09,67.48,256.09,8875470.0,4.28,1.98,1.78,2.3,2.33,2.27,4.83,-0.7371277861370773,2742.135
2024-10-30,33.771,125.0444,153.3,7.13458,5813.67,20.35,73.21,68.91,257.5,6386196.0,4.29,1.95,1.77,2.34,2.37,2.31,4.83,-0.040701225776029,2774.71
2024-10-31,32.6735,125.0247,152.06,7.12673,5705.45,23.16,73.25,69.58,253.51,9930827.0,4.28,1.95,1.77,2.33,2.38,2.28,4.83,-0.1077870765345609,2787.45
2024-11-01,32.4475,125.0403,152.988,7.12984,5728.8,21.88,73.63,69.81,252.47,6473012.0,4.37,2.04,1.85,2.33,2.37,2.29,4.83,-0.2950472076349008,2746.355
2024-11-04,32.458,124.8168,152.1165,7.09862,5712.69,21.98,74.89,71.83,252.83,4581435.0,4.31,2.03,1.85,2.28,2.32,2.24,4.83,-0.0337505670235003,2735.4
2024-11-05,32.6535,124.7803,151.6115,7.10884,5782.76,20.49,76.98,72.26,253.4,6029884.0,4.26,1.99,1.84,2.27,2.32,2.22,4.83,0.0642937110332246,2736.725
2024-11-06,31.1755,125.9311,154.54,7.17656,5929.04,16.27,76.52,71.98,245.7,14600217.0,4.42,2.04,1.81,2.38,2.46,2.3,4.83,-0.8253691951472829,2743.99
2024-11-07,32.0375,125.016,152.9485,7.1725,5973.1,15.2,75.73,72.69,249.65,8821445.0,4.31,1.98,1.77,2.33,2.4,2.26,4.83,-0.3754840970801598,2659.35
2024-11-08,31.253,125.8066,152.517,7.17128,5995.54,14.94,74.04,70.69,247.96,6267916.0,4.3,1.95,1.77,2.35,2.43,2.27,4.58,-0.1041462506872574,2706.28
2024-11-12,30.7155,126.987,154.53,7.24877,5983.99,14.71,72.56,68.43,240.05,10145510.0,4.43,2.08,1.89,2.35,2.43,2.27,4.58,-1.3275616687971663,2619.545
2024-11-13,30.3125,127.1591,155.428,7.21939,5985.38,14.02,72.86,68.76,237.63,8431694.0,4.44,2.09,1.88,2.35,2.42,2.28,4.58,-0.8917255172681707,2598.425
2024-11-14,30.444,127.2123,156.2965,7.25959,5949.17,14.31,73.39,68.99,237.01,8262426.0,4.43,2.1,1.92,2.33,2.4,2.26,4.58,-1.477238681821986,2572.96
2024-11-15,30.251,127.1021,154.294,7.23592,5870.62,16.14,73.45,67.33,236.59,7299482.0,4.43,2.1,1.91,2.33,2.39,2.27,4.58,-1.1891707313221176,2565.26
2024-11-18,31.173,126.8336,154.655,7.24708,5893.62,15.58,74.35,69.46,241.09,6512986.0,4.42,2.08,1.87,2.34,2.41,2.27,4.58,0.3314275798712193,2565.915
2024-11-19,31.2135,126.6361,154.5985,7.24267,5916.98,16.35,74.32,69.75,243.25,6579103.0,4.39,2.05,1.84,2.34,2.41,2.27,4.58,0.369483249457182,2611.875
2024-11-20,30.8585,127.1023,155.35,7.25052,5917.11,17.16,74.33,69.25,244.62,6630737.0,4.41,2.06,1.85,2.35,2.43,2.27,4.58,0.3262046290153332,2632.185
2024-11-21,30.7935,127.3063,154.513,7.24813,5948.71,16.87,75.09,70.39,246.66,7646429.0,4.43,2.09,1.88,2.34,2.42,2.26,4.58,0.1767058904191259,2650.285
2024-11-22,31.2285,127.6683,154.838,7.26385,5969.34,15.24,76.1,71.68,249.84,7502963.0,4.41,2.07,1.87,2.34,2.43,2.25,4.58,-0.0637382422593126,2669.67
2024-11-25,30.3065,127.211,154.12,7.25144,5987.37,14.6,74.27,69.41,242.48,10733109.0,4.27,1.98,1.82,2.29,2.35,2.23,4.58,0.1722708539987115,2714.3
2024-11-26,30.446,127.6435,153.075,7.26427,6021.63,14.1,74.56,69.05,242.95,4945897.0,4.3,2.02,1.84,2.28,2.33,2.23,4.58,-0.4882236084201635,2625.04
2024-11-27,30.103,127.0601,150.986,7.25446,5998.74,14.1,73.91,69.03,243.49,6930587.0,4.25,1.99,1.79,2.26,2.32,2.2,4.58,0.0350988039196183,2631.83
2024-11-29,30.631,126.8114,149.649,7.24812,6032.38,13.51,74.16,68.26,245.59,2708494.0,4.18,1.92,1.72,2.26,2.33,2.19,4.58,0.8503379450099336,2638.655
2024-12-02,30.5075,127.3499,149.55,7.28806,6047.15,13.34,72.81,68.35,243.44,4765001.0,4.19,1.93,1.75,2.26,2.33,2.19,4.58,0.5518158887360507,2652.75
2024-12-03,31.0335,127.1983,149.5995,7.29886,6049.88,13.3,74.8,70.15,243.93,3557819.0,4.23,1.95,1.75,2.28,2.36,2.2,4.58,0.2330122335039,2639.035
2024-12-04,31.297,126.9956,150.5315,7.28416,6086.49,13.45,74.68,68.81,244.67,4608584.0,4.19,1.9,1.7,2.29,2.37,2.21,4.58,0.0965670229030298,2643.395
2024-12-05,31.3285,126.6638,150.081,7.27203,6075.11,13.54,73.78,68.58,242.86,4806206.0,4.17,1.92,1.72,2.25,2.35,2.15,4.58,0.1178210392474678,2649.91
2024-12-06,30.9925,126.9271,149.9605,7.27078,6090.27,12.77,73.78,68.58,242.95,3540698.0,4.15,1.91,1.72,2.24,2.31,2.17,4.58,0.3632571929754687,2631.755
2024-12-09,31.8265,126.8394,151.248,7.27379,6052.85,14.19,73.73,68.65,245.36,4711536.0,4.2,1.93,1.74,2.27,2.33,2.21,4.58,0.3638408915395357,2645.48
2024-12-10,31.904,127.1884,151.947,7.25999,6034.91,14.18,73.64,68.85,248.59,4641963.0,4.22,1.93,1.75,2.29,2.34,2.24,4.58,0.2475561101115079,2660.4
2024-12-11,31.914,127.095,152.4325,7.27933,6084.19,13.58,74.38,70.57,250.96,11033776.0,4.26,1.96,1.75,2.3,2.38,2.22,4.58,-0.22546986432293,2694.195
2024-12-12,30.9665,127.2039,152.593,7.26716,6051.25,13.92,73.52,70.25,247.28,10149585.0,4.32,2.0,1.79,2.32,2.39,2.25,4.58,-0.3500098351284443,2718.385
2024-12-13,30.4755,127.5569,153.6575,7.28707,6051.09,13.81,74.89,71.54,244.29,6602591.0,4.4,2.07,1.85,2.33,2.4,2.26,4.58,-0.6975137043804779,2681.115
2024-12-16,30.531,127.5235,154.1435,7.28926,6074.08,14.69,74.3,71.03,244.88,3310036.0,4.39,2.07,1.87,2.32,2.38,2.26,4.58,-0.7471478945110804,2650.0
2024-12-17,30.5375,127.7565,153.449,7.29261,6050.61,15.87,73.16,70.31,243.94,4421339.0,4.4,2.09,1.9,2.31,2.36,2.26,4.58,-0.8217119093188604,2652.805
2024-12-18,29.3585,127.8936,154.7525,7.29469,5872.16,27.62,74.57,70.8,239.26,8015848.0,4.5,2.18,2.02,2.32,2.38,2.26,4.58,-0.8731242092157153,2646.345
2024-12-19,29.0465,128.8598,157.4405,7.30762,5867.08,24.09,73.75,70.1,239.6,8113568.0,4.57,2.28,2.08,2.29,2.35,2.23,4.33,-1.740744647671819,2585.48
2024-12-20,29.5405,128.1411,156.3505,7.30547,5930.85,18.36,73.19,69.71,242.1,9527805.0,4.52,2.23,2.03,2.29,2.34,2.24,4.33,-0.8658371143936725,2594.375
2024-12-23,29.653,128.5356,157.156,7.30894,5974.07,16.78,72.12,69.5,240.96,5835498.0,4.59,2.27,2.06,2.32,2.38,2.26,4.33,-1.211287748851619,2620.87
2024-12-24,29.619,128.5651,157.2785,7.30248,6040.04,14.27,73.5,70.87,241.44,2421008.0,4.59,2.24,2.04,2.35,2.39,2.31,4.33,-0.9100666765213724,2612.62
2024-12-27,29.381,128.6972,157.9165,7.30679,5970.84,15.95,73.77,71.28,241.4,4728440.0,4.62,2.28,2.07,2.34,2.38,2.3,4.33,-0.3189003007279393,2632.59
2024-12-30,28.9575,129.0474,156.894,7.31625,5906.94,17.4,74.24,71.73,240.63,3522539.0,4.55,2.24,2.02,2.31,2.35,2.27,4.33,0.0159887262721021,2620.05
2024-12-31,28.9015,129.488,157.21,7.34656,5881.63,17.35,74.58,72.44,242.13,2522102.0,4.58,2.24,2.0,2.34,2.38,2.3,4.33,-0.2201915418826138,2605.53
2025-01-02,29.5645,129.6666,157.461,7.32665,5868.55,17.93,76.14,73.79,245.42,6241899.0,4.57,2.23,1.97,2.34,2.41,2.27,4.33,-0.2979251791105071,2624.835
2025-01-03,29.612,129.6721,157.342,7.35125,5942.47,16.13,76.72,74.64,243.49,4875546.0,4.6,2.26,2.01,2.34,2.4,2.28,4.33,-0.2206993724003137,2658.38
2025-01-06,29.948,128.7878,157.62,7.34388,5975.38,16.04,77.27,74.31,243.19,3758903.0,4.62,2.28,2.02,2.34,2.4,2.28,4.33,0.0599887860308565,2640.63
2025-01-07,30.05,128.8574,158.0405,7.33416,5909.03,17.82,77.84,74.99,244.56,5090333.0,4.67,2.29,2.02,2.38,2.44,2.32,4.33,0.2552821291869709,2634.475
2025-01-08,30.11,129.3038,158.3085,7.35243,5918.25,17.7,77.37,73.99,245.86,6303334.0,4.67,2.27,1.98,2.4,2.47,2.33,4.33,0.0246541115070557,2648.545
2025-01-10,30.328,130.0513,157.824,7.35122,5827.04,19.54,79.76,77.27,248.21,12380131.0,4.77,2.34,2.08,2.43,2.51,2.35,4.33,-0.1075937781124993,2670.63
2025-01-13,29.62,130.2142,157.333,7.35734,5836.22,19.19,82.69,79.57,245.74,8448595.0,4.79,2.34,2.06,2.45,2.55,2.35,4.33,-0.4171547005716524,2690.6
2025-01-14,29.906,129.5812,157.9505,7.34754,5842.91,18.71,82.39,78.2,247.03,4914837.0,4.78,2.34,2.04,2.44,2.55,2.33,4.33,-0.2634087921669726,2663.68
2025-01-15,30.679,129.4107,156.386,7.34595,5949.91,16.12,83.48,80.73,248.88,6344973.0,4.66,2.24,1.93,2.42,2.52,2.32,4.33,0.2089730798523472,2677.395
2025-01-16,30.8195,129.6284,155.1805,7.34978,5937.34,16.6,82.39,79.35,250.6,9235998.0,4.61,2.19,1.88,2.42,2.51,2.33,4.33,0.5593777632943991,2698.81
2025-01-17,30.3135,129.6771,156.153,7.35038,5996.66,15.97,83.02,78.56,249.27,8312858.0,4.61,2.2,1.9,2.41,2.52,2.3,4.33,0.7690397854199592,2714.79
2025-01-21,30.841,128.61,155.487,7.28914,6049.24,15.06,80.57,76.79,253.13,7668119.0,4.57,2.19,1.93,2.38,2.47,2.29,4.33,0.9413715337291602,2707.56
2025-01-22,30.8275,128.5428,156.432,7.27369,6086.37,15.1,80.0,76.12,254.43,5213777.0,4.6,2.2,1.95,2.4,2.48,2.32,4.33,0.5548126098601064,2744.865
2025-01-23,30.4455,128.4336,156.034,7.29075,6118.71,15.02,78.62,75.03,254.07,6511526.0,4.65,2.23,1.93,2.42,2.52,2.32,4.33,0.3396076352138454,2756.245
2025-01-24,30.646,127.6833,155.899,7.24085,6101.24,14.85,78.71,74.97,255.65,7341337.0,4.63,2.2,1.91,2.43,2.52,2.34,4.33,0.9234896384909052,2754.605
2025-01-27,30.218,128.2856,154.5445,7.26061,6012.28,17.9,77.3,73.51,252.99,5799780.0,4.53,2.13,1.83,2.4,2.49,2.31,4.33,0.5834611064219298,2770.8
2025-01-28,30.4125,128.471,155.5465,7.27891,6067.7,16.41,78.01,74.15,255.18,5332005.0,4.55,2.13,1.81,2.42,2.52,2.32,4.33,0.5602995799432743,2740.295
2025-01-29,30.838,128.5324,155.1995,7.27662,6039.31,16.56,77.02,72.94,254.2,5671753.0,4.55,2.15,1.83,2.4,2.52,2.28,4.33,0.3540559592758232,2763.055
2025-01-30,31.6435,128.2958,154.225,7.26636,6071.17,15.84,77.42,73.1,258.05,12981164.0,4.52,2.14,1.81,2.38,2.5,2.26,4.33,0.4713866062124701,2759.605
2025-01-31,31.336,128.6686,155.096,7.2991,6040.53,16.43,77.11,72.84,258.56,8965576.0,4.58,2.16,1.82,2.42,2.54,2.3,4.33,-0.1345273000756719,2793.73
2025-02-03,31.5945,129.2815,154.828,7.34426,5994.57,18.62,76.49,73.52,259.94,11521093.0,4.54,2.09,1.74,2.45,2.61,2.29,4.33,0.0643633629329037,2801.65
2025-02-04,32.14,128.2993,154.3805,7.2903,6037.88,17.21,76.58,73.04,262.5,9850412.0,4.52,2.08,1.72,2.44,2.59,2.29,4.33,0.6240245808232692,2814.715
2025-02-05,32.312,128.1725,152.5705,7.27647,6061.48,15.77,74.71,71.39,264.13,12681127.0,4.43,2.01,1.67,2.42,2.57,2.27,4.33,0.8394245243897486,2841.955
2025-02-06,32.218,128.3958,151.458,7.2956,6083.57,15.5,74.54,70.97,263.43,8731433.0,4.45,2.03,1.71,2.42,2.57,2.27,4.33,0.7617027277158479,2866.63
2025-02-07,31.856,128.6144,151.305,7.29013,6025.99,16.54,74.68,71.32,263.9,9154042.0,4.49,2.07,1.75,2.42,2.59,2.25,4.33,0.2295163318822501,2856.585
2025-02-10,32.045,128.8215,151.887,7.309,6066.44,15.81,76.23,72.73,268.37,13250312.0,4.51,2.07,1.74,2.44,2.6,2.28,4.33,0.2289020396801529,2858.98
2025-02-11,31.827,128.629,152.46,7.3086,6068.5,16.02,77.65,73.67,267.39,7169450.0,4.54,2.08,1.73,2.46,2.64,2.28,4.33,-0.0669664128074487,2908.04
2025-02-12,32.235,128.5321,154.377,7.31328,6051.97,15.89,75.38,71.72,267.67,9328598.0,4.62,2.16,1.82,2.46,2.66,2.26,4.33,-0.6984972677107002,2897.61
2025-02-13,32.345,128.0821,152.851,7.29601,6115.07,15.1,75.61,71.66,270.31,8347547.0,4.52,2.08,1.75,2.44,2.64,2.24,4.33,-0.0059256667006767,2904.395
2025-02-14,32.18,127.3505,152.332,7.26235,6114.63,14.77,75.19,71.05,266.29,11546721.0,4.47,2.04,1.71,2.43,2.62,2.24,4.33,0.7038194838763039,2927.945
2025-02-18,32.885,127.501,152.065,7.28089,6129.58,15.35,76.46,72.21,270.7,8185949.0,4.55,2.1,1.75,2.45,2.65,2.25,4.33,0.390185925964387,2898.87
2025-02-19,32.7045,127.9207,151.394,7.29213,6144.15,15.27,76.34,72.58,270.85,9342452.0,4.53,2.08,1.71,2.45,2.66,2.24,4.33,0.6638728768940845,2935.52
2025-02-20,32.9515,127.3057,149.555,7.26448,6117.52,15.66,76.95,72.88,270.99,7356900.0,4.5,2.05,1.68,2.45,2.66,2.24,4.33,0.5842839212405614,2933.46
2025-02-21,32.5395,127.3285,149.137,7.25694,6013.13,18.21,74.88,70.72,270.74,8917431.0,4.42,2.0,1.65,2.42,2.61,2.23,4.33,0.3524312319346525,2938.78
2025-02-24,32.3575,127.3749,149.73,7.24989,5983.25,18.98,74.89,71.06,272.21,5374360.0,4.4,1.98,1.62,2.42,2.61,2.23,4.33,0.832267990281516,2934.13
2025-02-25,31.7515,127.5544,149.1265,7.26766,5955.25,19.43,73.11,69.15,268.62,10079777.0,4.3,1.92,1.55,2.38,2.57,2.19,4.33,0.8386428723680884,2952.545
2025-02-26,31.8565,127.4762,148.987,7.26134,5956.06,19.1,73.49,68.87,269.03,7276033.0,4.25,1.89,1.52,2.36,2.54,2.18,4.33,1.0289030047019356,2914.99
2025-02-27,31.265,128.1589,149.7765,7.27295,5861.57,21.13,75.01,70.62,264.93,9374626.0,4.29,1.92,1.52,2.37,2.57,2.17,4.33,0.2588188876274933,2916.85
2025-02-28,31.1075,128.4646,150.512,7.28868,5954.5,19.63,74.76,69.97,263.27,11504491.0,4.24,1.86,1.45,2.38,2.58,2.18,4.33,0.1764668251410457,2877.065
2025-03-03,31.6895,127.9558,149.5815,7.29678,5849.72,22.78,72.85,68.63,266.74,7725647.0,4.16,1.8,1.38,2.36,2.59,2.13,4.33,0.4727407581075041,2855.6
2025-03-04,31.985,128.1864,149.7545,7.27466,5778.15,23.51,72.31,68.47,269.06,8481343.0,4.22,1.87,1.42,2.35,2.59,2.11,4.33,-0.0869173594702692,2892.57
2025-03-05,32.659,126.7441,148.8295,7.25724,5842.63,21.93,70.92,66.58,269.62,6990354.0,4.28,1.94,1.52,2.34,2.56,2.12,4.33,0.4669326640330581,2917.855
2025-03-06,32.6375,126.3526,147.9625,7.24891,5738.52,24.87,71.08,66.62,268.25,6136447.0,4.29,1.95,1.53,2.34,2.53,2.15,4.33,0.4776230566439473,2919.51
2025-03-07,32.4915,126.2243,147.978,7.23,5770.2,23.37,72.49,67.29,268.39,10431236.0,4.32,1.99,1.57,2.33,2.52,2.14,4.33,0.0566257457954866,2911.37
2025-03-10,32.046,126.5199,147.003,7.26158,5614.56,27.86,71.08,66.31,266.04,7593890.0,4.22,1.91,1.49,2.31,2.49,2.13,4.33,0.0532396469219784,2911.96
2025-03-11,32.9395,126.2896,147.901,7.23498,5572.07,26.92,71.51,66.52,269.16,8436562.0,4.28,1.97,1.53,2.31,2.5,2.12,4.33,0.2701569691795891,2884.86
2025-03-12,33.2605,126.1251,148.229,7.24761,5599.3,24.23,72.36,67.65,270.33,7236239.0,4.32,1.99,1.56,2.33,2.53,2.13,4.33,0.0608451691396383,2917.65
2025-03-13,33.876,126.2551,147.939,7.24335,5521.52,24.66,70.82,66.82,275.13,13741460.0,4.27,1.98,1.54,2.29,2.48,2.1,4.33,-0.2120102962160785,2938.25
2025-03-14,33.806,125.9538,148.634,7.23797,5638.94,21.77,71.94,67.43,275.24,13364965.0,4.31,2.01,1.61,2.3,2.48,2.12,4.33,-0.0747744669382385,2987.355
2025-03-17,33.831,125.6291,149.333,7.23713,5675.12,20.51,71.93,67.84,276.73,8583359.0,4.31,2.02,1.63,2.29,2.48,2.1,4.33,-0.3535142925760298,2989.135
2025-03-18,34.0,125.7402,149.396,7.22586,5614.66,21.7,71.93,67.49,279.96,9596547.0,4.29,1.99,1.61,2.3,2.46,2.14,4.33,0.0170246014734113,3000.295
2025-03-19,33.853,126.0515,148.599,7.23783,5675.29,19.9,71.94,67.4,281.11,8822197.0,4.25,1.94,1.53,2.31,2.5,2.12,4.33,0.1492895871945715,3034.65
2025-03-20,33.536,126.237,148.725,7.24586,5662.89,19.8,72.61,68.55,280.75,5863288.0,4.24,1.93,1.5,2.31,2.51,2.11,4.33,0.221068516864634,3050.17
2025-03-21,33.038,126.509,149.321,7.25818,5667.56,19.28,72.64,68.52,278.49,9359340.0,4.25,1.92,1.49,2.33,2.51,2.15,4.33,0.2572297169359028,3045.75
2025-03-24,32.9465,126.4403,150.73,7.26117,5767.57,17.48,73.96,69.46,277.25,7870109.0,4.34,1.98,1.55,2.36,2.54,2.18,4.33,-0.0070010645809851,3025.68
2025-03-25,33.729,126.3075,149.938,7.26723,5776.65,17.15,73.78,69.48,278.47,5090179.0,4.31,1.96,1.51,2.35,2.56,2.14,4.33,-0.0516043752466763,3011.59
2025-03-26,33.635,126.4839,150.311,7.2747,5712.2,18.33,74.6,70.05,278.24,3741843.0,4.35,1.98,1.52,2.37,2.56,2.18,4.33,-0.2449478087417646,3021.38
2025-03-27,34.434,126.6098,151.055,7.27514,5693.31,18.69,74.72,70.3,281.97,8476335.0,4.38,1.99,1.49,2.39,2.6,2.18,4.33,-0.2681212089563476,3019.5
2025-03-28,34.129,126.6599,149.757,7.27275,5580.94,21.65,74.69,69.74,284.06,9563660.0,4.27,1.9,1.4,2.37,2.58,2.16,4.33,0.2028688815198156,3055.31
2025-03-31,34.088,126.9402,149.9075,7.26246,5611.85,22.28,77.23,71.87,288.14,13925100.0,4.23,1.85,1.35,2.38,2.61,2.15,4.33,0.6123654848792548,3088.82
2025-04-01,33.693,126.6783,149.65,7.27928,5633.07,21.77,77.78,71.61,287.57,15923553.0,4.17,1.84,1.37,2.33,2.54,2.12,4.33,0.5038778123622979,3123.28
2025-04-02,33.8875,126.6284,148.7025,7.27746,5670.97,21.51,77.27,72.12,288.16,11074787.0,4.2,1.88,1.44,2.32,2.51,2.13,4.33,0.3772862824882377,3114.345
2025-04-03,31.856,125.0254,145.9445,7.31362,5396.52,30.02,72.54,67.43,286.42,20524385.0,4.06,1.78,1.25,2.28,2.5,2.06,4.33,1.6346050702817942,3138.74
2025-04-04,29.741,126.0693,146.84,7.26051,5074.08,45.31,68.36,62.42,279.72,21517158.0,4.01,1.83,1.38,2.18,2.34,2.02,4.33,0.4473319303301112,3115.1
2025-04-07,30.085,127.0629,147.729,7.32684,5062.25,46.98,66.13,61.05,273.71,19806990.0,4.15,1.96,1.51,2.19,2.31,2.07,4.33,-0.730553672389472,3015.76
2025-04-08,29.808,127.1122,146.332,7.36034,4982.77,52.33,64.86,60.04,275.2,12639534.0,4.26,2.04,1.53,2.22,2.35,2.09,4.33,-1.0435457158215236,2981.645
2025-04-09,31.032,126.8819,147.3975,7.381,5456.9,33.62,67.3,62.63,285.38,25342180.0,4.34,2.07,1.61,2.27,2.45,2.09,4.33,-0.9555964995145898,2983.205
2025-04-10,31.2185,125.3694,144.53,7.34976,5268.05,40.72,65.37,60.57,292.35,19837799.0,4.4,2.21,1.72,2.19,2.32,2.06,4.33,-2.227943861156199,3083.905
2025-04-11,32.1005,124.3156,143.604,7.30784,5363.36,37.56,66.83,61.91,297.93,21080132.0,4.48,2.28,1.82,2.2,2.33,2.07,4.33,-1.3089006804020844,3175.75
2025-04-14,32.352,123.9908,142.991,7.31538,5405.97,30.89,67.18,61.99,296.23,12427590.0,4.38,2.15,1.67,2.23,2.35,2.11,4.33,0.3093918295810143,3228.38
2025-04-15,32.316,124.1129,143.1975,7.3238,5396.63,30.12,66.58,61.74,297.78,7924134.0,4.35,2.16,1.67,2.19,2.31,2.07,4.33,0.334012050004091,3211.655
2025-04-16,32.761,123.6167,141.7595,7.3086,5275.7,32.64,67.94,62.88,307.47,20778079.0,4.29,2.12,1.62,2.17,2.29,2.05,4.33,0.7682325959380483,3230.845
2025-04-17,32.5545,123.4733,142.462,7.30216,5282.7,29.65,69.33,65.07,306.12,18287825.0,4.34,2.11,1.69,2.23,2.26,2.2,4.33,1.1261654508804595,3343.315
2025-04-22,32.5045,122.7879,142.57,7.31905,5287.76,30.57,68.93,64.6,311.11,35242287.0,4.41,2.14,1.68,2.27,2.3,2.24,4.33,0.7914776710993646,3423.945
2025-04-23,33.5805,123.375,143.161,7.28889,5375.86,28.45,68.26,62.64,303.65,25421464.0,4.4,2.11,1.67,2.29,2.33,2.25,4.33,0.3636315785471934,3353.18
2025-04-24,33.584,123.285,142.714,7.29133,5484.77,26.47,67.5,63.55,308.07,10844971.0,4.32,2.02,1.56,2.3,2.35,2.25,4.33,0.5860429987582365,3289.73
2025-04-25,33.037,123.2454,143.652,7.28914,5525.21,24.84,66.99,63.85,304.73,10691590.0,4.29,2.02,1.56,2.27,2.32,2.22,4.33,0.9447023713294668,3351.305
2025-04-28,33.1625,123.0856,142.076,7.29927,5528.75,25.15,66.13,63.3,309.07,9375484.0,4.23,1.98,1.49,2.25,2.32,2.18,4.33,0.7459878502619463,3325.35
2025-04-29,32.9325,122.9514,142.305,7.27128,5560.83,24.17,64.04,61.84,306.06,6852106.0,4.19,1.96,1.48,2.23,2.29,2.17,4.33,0.5184953134196634,3344.785
2025-04-30,32.6175,122.944,142.978,7.26529,5569.06,24.7,63.37,59.55,303.77,8331894.0,4.17,1.94,1.43,2.23,2.29,2.17,4.33,0.6898988476602085,3315.29
2025-05-01,32.4145,123.4811,145.327,7.27459,5604.14,24.6,62.37,60.59,297.46,14969062.0,4.25,2.0,1.51,2.25,2.3,2.2,4.33,-0.1443977247254528,3287.955
2025-05-02,32.024,122.859,144.983,7.2287,5686.67,22.68,61.57,59.67,297.98,8678366.0,4.33,2.06,1.61,2.27,2.31,2.23,4.33,-0.0700074336924543,3240.495
2025-05-06,33.222,122.3907,142.431,7.21546,5606.91,24.76,62.37,60.42,315.48,11445270.0,4.3,2.04,1.56,2.26,2.34,2.18,4.33,-0.0574492803105524,3335.865
2025-05-07,32.4615,122.4652,143.7845,7.22176,5631.28,23.55,60.31,59.42,310.75,7909976.0,4.26,2.01,1.54,2.25,2.33,2.17,4.33,-0.1022225662715986,3437.845
2025-05-08,32.46,123.1019,145.941,7.23714,5663.94,22.48,62.22,61.25,304.63,11927583.0,4.37,2.08,1.61,2.29,2.39,2.19,4.33,-0.1562480825208043,3364.48
2025-05-09,32.758,122.879,145.312,7.23905,5659.91,21.9,64.26,62.37,306.84,6913131.0,4.37,2.08,1.61,2.29,2.39,2.19,4.33,-0.0756644407327849,3306.79
2025-05-12,32.6015,123.7948,148.387,7.21291,5844.19,18.39,65.28,63.32,298.19,14375881.0,4.45,2.16,1.74,2.29,2.35,2.23,4.33,-0.8833039595272393,3271.86
2025-05-13,32.9075,123.2905,147.487,7.19611,5886.55,18.22,66.93,65.04,299.46,10233603.0,4.49,2.17,1.74,2.32,2.38,2.26,4.33,-0.900537471780909,3238.655
2025-05-14,32.2265,123.0145,146.6365,7.19887,5892.58,18.62,65.91,64.48,293.16,14800596.0,4.53,2.16,1.73,2.37,2.44,2.3,4.33,-0.6778314849897233,3250.22
2025-05-15,32.639,123.1492,145.619,7.20886,5916.93,17.83,64.36,63.03,297.84,13497735.0,4.45,2.11,1.66,2.34,2.41,2.27,4.33,-0.1303828072777538,3177.33
2025-05-16,32.2445,123.3969,145.965,7.20366,5958.38,17.24,65.2,63.84,294.24,14173039.0,4.43,2.09,1.64,2.34,2.42,2.26,4.33,-0.2230072319842989,3240.23
2025-05-19,32.359,122.7649,144.8735,7.21215,5963.6,18.14,66.25,63.98,298.03,11656261.0,4.46,2.1,1.64,2.36,2.43,2.29,4.33,0.8156591876174715,3210.48
2025-05-20,33.088,122.673,144.4865,7.2207,5940.46,18.09,66.93,63.97,303.58,12850980.0,4.48,2.13,1.65,2.35,2.42,2.28,4.33,0.4798142695809867,3230.68
2025-05-21,33.3925,122.1012,143.669,7.20621,5844.61,20.87,65.86,62.93,305.82,12414518.0,4.58,2.23,1.72,2.35,2.43,2.27,4.33,0.0358035843295619,3290.6
2025-05-22,33.0555,122.3865,144.071,7.20682,5842.01,20.28,64.87,62.55,303.11,9704165.0,4.54,2.2,1.69,2.34,2.42,2.26,4.33,-0.0596650945222679,3315.425
2025-05-23,33.4845,121.7283,142.504,7.17683,5802.82,22.29,65.41,62.89,309.75,13339473.0,4.51,2.18,1.68,2.33,2.4,2.26,4.33,0.3126054153754986,3294.75
2025-05-27,33.2665,121.9634,144.2765,7.19244,5921.54,18.96,64.32,61.61,304.5,9578486.0,4.43,2.11,1.63,2.32,2.41,2.23,4.33,0.2879105390982818,3343.13
2025-05-28,32.9765,122.3295,144.806,7.18857,5888.55,19.31,65.72,62.54,303.81,8803333.0,4.47,2.15,1.66,2.32,2.39,2.25,4.33,0.1356405650125284,3301.715
2025-05-29,33.3235,121.9108,144.1355,7.18989,5912.17,19.18,64.6,61.66,305.61,9502412.0,4.43,2.11,1.62,2.32,2.38,2.26,4.33,0.4860707244297382,3287.52
2025-05-30,32.9935,122.1112,143.883,7.19807,5911.69,18.57,64.32,61.46,303.6,9553260.0,4.41,2.07,1.57,2.34,2.39,2.29,4.33,0.2601115366784841,3317.725
2025-06-02,34.7545,121.549,142.6785,7.21221,5935.94,18.36,66.55,63.27,311.67,13593232.0,4.46,2.13,1.63,2.33,2.38,2.28,4.33,0.0573469487592809,3299.42
2025-06-03,34.5245,121.808,143.971,7.18833,5970.37,17.69,67.48,64.1,308.91,9315081.0,4.46,2.14,1.66,2.32,2.38,2.26,4.33,0.1843954016795816,3382.59
2025-06-04,34.5045,121.4093,142.767,7.19004,5970.81,17.61,66.69,63.57,310.9,7462529.0,4.37,2.06,1.61,2.31,2.32,2.3,4.33,0.3315760070739014,3353.445
2025-06-05,35.6515,121.3178,143.546,7.17794,5939.3,18.48,67.14,64.06,309.33,10856012.0,4.4,2.11,1.68,2.29,2.31,2.27,4.33,-0.0186518386269879,3372.7
2025-06-06,35.953,121.5217,144.786,7.18507,6000.36,16.77,68.02,65.3,305.18,7787508.0,4.51,2.2,1.78,2.31,2.35,2.27,4.33,-0.218546544101027,3352.825
2025-06-09,36.759,121.2757,144.563,7.18297,6005.88,17.16,68.73,65.99,306.62,7159036.0,4.49,2.18,1.75,2.31,2.34,2.28,4.33,-0.2184966765247652,3311.845
2025-06-10,36.5295,121.4134,144.878,7.18741,6038.81,16.95,68.41,65.66,306.71,7071702.0,4.47,2.18,1.76,2.29,2.32,2.26,4.33,-0.1413931951822236,3326.225
2025-06-11,36.2475,120.9763,144.5375,7.18828,6022.24,17.26,71.29,68.91,308.37,9248766.0,4.41,2.14,1.72,2.27,2.3,2.24,4.33,-0.3209298770339695,3322.245
2025-06-12,36.357,120.565,143.563,7.18042,6045.26,18.02,70.84,68.73,312.2,11531407.0,4.36,2.11,1.69,2.25,2.28,2.22,4.33,0.1558411989134364,3356.525
2025-06-13,36.264,120.7131,143.946,7.18558,5976.97,20.82,76.0,73.84,316.29,16592949.0,4.41,2.13,1.71,2.28,2.31,2.25,4.33,0.6127168610688732,3385.355
2025-06-16,36.32,120.5449,144.728,7.18184,6033.11,19.11,75.05,72.53,311.78,12848440.0,4.46,2.16,1.72,2.3,2.32,2.28,4.33,0.3642533966176358,3452.005
2025-06-17,37.13,120.8862,145.237,7.18606,5982.72,21.6,78.7,75.62,311.94,8234115.0,4.39,2.08,1.64,2.31,2.35,2.27,4.33,0.7704230176902822,3386.13
2025-06-18,36.7435,121.1093,145.1,7.19038,5980.87,20.14,78.38,75.89,310.26,9370785.0,4.38,2.07,1.62,2.31,2.36,2.26,4.33,0.3934110165878279,3391.62
2025-06-20,36.017,121.411,146.193,7.18142,5967.84,20.62,78.73,75.72,310.13,8794711.0,4.38,2.05,1.59,2.33,2.37,2.29,4.33,0.175651003938187,3370.255
2025-06-23,36.109,121.5412,146.152,7.19046,6025.17,19.83,74.34,69.36,311.08,12687916.0,4.34,2.04,1.58,2.3,2.33,2.27,4.33,0.1353023795541443,3396.525
2025-06-24,35.92,120.7549,144.845,7.1719,6092.18,17.48,69.13,65.45,306.19,12035177.0,4.3,2.01,1.56,2.29,2.3,2.28,4.33,0.2027182616746322,3368.4
2025-06-25,36.265,120.7333,145.219,7.17332,6092.16,16.76,68.4,65.98,307.12,6733155.0,4.29,2.01,1.55,2.28,2.28,2.28,4.33,0.2425443210903277,3324.635
2025-06-26,36.651,120.0587,144.381,7.16809,6141.02,16.59,68.57,66.44,306.78,6787517.0,4.26,1.98,1.5,2.28,2.29,2.27,4.33,0.5071574671990257,3335.045
2025-06-27,35.9215,120.0786,144.753,7.16846,6173.07,16.32,69.37,66.66,301.22,13301308.0,4.29,2.0,1.52,2.29,2.31,2.27,4.33,0.5299762033767863,3327.8
2025-06-30,36.112,119.8269,144.032,7.16284,6204.95,16.73,68.15,66.3,304.83,8192086.0,4.24,1.95,1.48,2.29,2.31,2.27,4.33,0.9516223507823808,3277.21
2025-07-01,36.033,119.7678,143.397,7.1572,6198.01,16.83,67.63,66.64,307.55,9335647.0,4.26,1.97,1.52,2.29,2.32,2.26,4.33,0.5231284054462307,3303.045
2025-07-02,36.554,119.7289,143.655,7.16771,6227.42,16.64,70.8,68.66,309.25,8316377.0,4.3,2.0,1.53,2.3,2.34,2.26,4.33,0.4547091792614359,3339.34
2025-07-03,36.8445,119.6678,144.9415,7.15774,6279.35,16.38,70.42,68.13,307.14,5275838.0,4.35,2.02,1.57,2.33,2.37,2.29,4.33,0.0623482058103049,3358.51
2025-07-07,36.7735,120.0481,146.0165,7.17518,6229.98,17.79,71.95,69.16,307.37,7351641.0,4.4,2.05,1.56,2.35,2.4,2.3,4.33,-0.3940302614005633,3336.21
2025-07-08,36.7585,120.2589,146.568,7.17674,6225.52,16.81,72.5,69.55,304.16,11840545.0,4.42,2.07,1.6,2.35,2.39,2.31,4.33,-0.5242342310355766,3339.36
2025-07-09,36.3795,120.1608,146.281,7.18542,6263.26,15.94,71.98,69.61,305.52,10644077.0,4.34,2.01,1.54,2.33,2.38,2.28,4.33,-0.1898337225513573,3302.635
2025-07-10,37.03,120.253,146.257,7.1775,6280.46,15.78,70.38,67.78,306.2,7059561.0,4.35,2.01,1.54,2.34,2.39,2.29,4.33,-0.2070757934925502,3314.645
2025-07-11,38.5075,120.3354,147.381,7.16943,6259.75,16.4,72.06,69.63,309.14,9187302.0,4.43,2.06,1.55,2.37,2.44,2.3,4.33,-0.1373572284832625,3324.495
2025-07-14,38.1375,120.6252,147.7135,7.16857,6268.56,17.2,70.96,68.19,308.01,5772879.0,4.43,2.04,1.53,2.39,2.45,2.33,4.33,-0.1211537900321733,3363.19
2025-07-15,37.706,120.9095,148.8565,7.17513,6243.76,17.38,70.27,67.76,306.73,8149008.0,4.5,2.09,1.57,2.41,2.48,2.34,4.33,-0.2006970692224461,3344.385
2025-07-16,37.91,120.8232,147.837,7.18169,6263.7,17.16,69.67,67.13,308.26,17693100.0,4.46,2.05,1.5,2.41,2.49,2.33,4.33,-0.2199599941487129,3324.585
2025-07-17,38.142,121.0417,148.557,7.18329,6297.36,16.52,71.32,68.76,307.59,6642258.0,4.47,2.04,1.48,2.43,2.53,2.33,4.33,-0.2033245591578186,3348.825
2025-07-18,38.117,120.7674,148.745,7.18079,6296.79,16.41,71.06,68.53,308.39,5574281.0,4.44,2.03,1.46,2.41,2.5,2.32,4.33,0.0619634855892708,3341.755
2025-07-21,38.932,120.4157,147.316,7.17953,6305.6,16.65,71.92,68.39,313.13,10995756.0,4.38,1.98,1.42,2.4,2.49,2.31,4.33,0.3528854236527701,3349.57
2025-07-22,39.2945,120.1036,146.608,7.17791,6309.62,16.5,69.69,67.56,316.1,13691849.0,4.35,1.96,1.41,2.39,2.47,2.31,4.33,0.8137760903508793,3397.715
2025-07-23,39.2655,119.9888,146.476,7.15962,6358.91,15.37,69.17,66.05,312.18,10547520.0,4.4,2.03,1.5,2.37,2.44,2.3,4.33,0.2349314103473103,3432.055
2025-07-24,39.0615,119.9892,147.1045,7.15483,6363.35,15.39,70.42,67.16,310.27,7698763.0,4.43,1.98,1.48,2.45,2.5,2.4,4.33,0.6784518025276384,3389.855
2025-07-25,38.1695,120.4082,147.619,7.16805,6388.64,14.93,69.23,66.38,307.4,9376386.0,4.4,1.96,1.48,2.44,2.47,2.41,4.33,0.4716926737403342,3368.425
2025-07-28,38.168,121.0228,148.557,7.17494,6389.77,15.03,70.87,67.81,305.41,9275440.0,4.42,1.98,1.49,2.44,2.47,2.41,4.33,-0.2007420518947675,3316.95
2025-07-29,38.204,121.3652,148.466,7.17993,6370.86,15.98,73.21,70.27,306.25,5741114.0,4.34,1.91,1.42,2.43,2.48,2.38,4.33,-0.1875318874435922,3314.955
2025-07-30,37.128,121.7944,149.462,7.18526,6362.9,15.48,73.98,71.09,300.96,13459595.0,4.38,1.96,1.48,2.42,2.48,2.36,4.33,-0.2537304797340071,3326.915
2025-07-31,36.7145,122.1088,150.699,7.2046,6339.39,16.72,73.43,70.36,302.96,8980956.0,4.37,1.98,1.5,2.39,2.46,2.32,4.33,-0.9418968213343734,3276.765
2025-08-01,36.9795,121.6148,147.437,7.2226,6238.01,20.38,70.55,68.39,309.11,12843364.0,4.23,1.9,1.39,2.33,2.38,2.28,4.33,-0.3380083324966923,3290.435
2025-08-04,37.415,121.3757,147.111,7.17953,6329.94,17.52,69.56,67.33,310.91,7639030.0,4.22,1.85,1.34,2.37,2.41,2.33,4.33,0.3379837707372581,3366.445
2025-08-05,37.81,121.3068,147.58,7.19113,6299.19,17.85,69.14,66.2,311.16,6997693.0,4.22,1.86,1.36,2.36,2.41,2.31,4.33,0.1108862661894009,3374.525
2025-08-06,37.831,120.9198,147.349,7.19324,6345.06,16.77,67.97,65.38,310.5,7418158.0,4.22,1.88,1.37,2.34,2.4,2.28,4.33,0.5185240694617594,3381.45
2025-08-07,38.267,120.9142,147.06,7.17975,6340.0,16.57,66.99,64.9,313.12,10891459.0,4.23,1.88,1.38,2.35,2.41,2.29,4.33,0.7905089998255664,3370.575
2025-08-08,38.394,120.7562,147.756,7.18853,6389.45,15.15,67.17,64.94,313.05,19886802.0,4.27,1.88,1.38,2.39,2.46,2.32,4.33,0.4250347350800637,3404.015
2025-08-11,37.625,121.1021,148.1085,7.18878,6373.45,16.25,67.36,65.03,308.55,10326704.0,4.27,1.87,1.37,2.4,2.46,2.34,4.33,0.0465596049933955,3399.265
2025-08-12,37.914,120.6964,147.8465,7.19425,6445.76,14.73,66.8,64.22,308.27,9701725.0,4.29,1.91,1.4,2.38,2.43,2.33,4.33,-0.0483427832153466,3343.3
2025-08-13,38.508,120.5533,147.289,7.1772,6466.58,14.49,66.25,63.68,309.21,4718586.0,4.24,1.87,1.35,2.37,2.42,2.32,4.33,0.1823675886491438,3349.155
2025-08-14,38.021,121.0518,147.773,7.17448,6468.54,14.83,68.12,64.99,307.25,5817726.0,4.29,1.9,1.39,2.39,2.43,2.35,4.33,-0.1057358473846969,3357.255
2025-08-15,37.992,120.7606,147.241,7.1846,6449.8,15.09,67.3,63.78,307.43,5990110.0,4.33,1.95,1.43,2.38,2.42,2.34,4.33,-0.3695769581674855,3336.915
2025-08-18,38.029,120.9792,147.8245,7.18186,6449.15,14.99,68.18,64.51,306.95,6150140.0,4.34,1.96,1.44,2.38,2.42,2.34,4.33,-0.474851527781773,3337.09
2025-08-19,37.39,121.137,147.604,7.18399,6411.37,15.57,66.62,63.38,305.27,5029939.0,4.3,1.95,1.43,2.35,2.39,2.31,4.33,-0.4198316660044538,3333.61
2025-08-20,37.908,121.1828,147.32,7.18019,6395.78,15.69,67.61,64.19,308.36,6515411.0,4.29,1.94,1.41,2.35,2.4,2.3,4.33,-0.5887193368065244,3316.525
2025-08-21,38.146,121.485,148.3685,7.18161,6370.17,16.6,68.41,64.56,307.29,4808975.0,4.33,1.94,1.42,2.39,2.44,2.34,4.33,-0.3034421300679102,3350.565
2025-08-22,38.921,120.6974,146.961,7.18289,6466.91,14.22,68.29,64.08,310.58,8526492.0,4.26,1.85,1.28,2.41,2.48,2.34,4.33,0.5310344265957413,3339.185
2025-08-26,38.612,120.9304,147.39,7.16148,6465.94,14.62,66.89,63.6,312.08,11698460.0,4.26,1.84,1.25,2.42,2.5,2.34,4.33,0.7353777256874794,3365.58
2025-08-27,38.596,121.1236,147.4005,7.1633,6481.4,14.85,67.75,64.49,312.71,4320071.0,4.24,1.81,1.19,2.43,2.5,2.36,4.33,0.8019717035477619,3393.35
2025-08-28,39.054,120.6537,146.955,7.12758,6501.86,14.43,68.61,64.96,315.03,9610202.0,4.22,1.81,1.2,2.41,2.49,2.33,4.33,0.889874554313324,3398.985
2025-08-29,39.829,120.6028,146.965,7.13028,6460.26,15.36,67.83,64.36,318.07,15642641.0,4.23,1.82,1.21,2.41,2.47,2.35,4.33,0.2023239574914835,3417.665
2025-09-02,40.8885,121.0716,148.356,7.14428,6415.54,17.17,68.09,65.95,325.59,21247534.0,4.28,1.87,1.26,2.41,2.48,2.34,4.33,-0.1453965542470101,3477.51
2025-09-03,41.217,120.9032,148.063,7.14498,6448.26,16.35,67.76,64.36,328.14,16062221.0,4.22,1.82,1.23,2.4,2.46,2.34,4.33,-0.0001494391565098,3532.43
2025-09-04,40.673,121.1565,148.42,7.14096,6502.08,15.3,66.41,63.81,326.69,11703127.0,4.17,1.79,1.21,2.38,2.44,2.32,4.33,-0.1563269924435488,3561.375
2025-09-05,40.989,120.5394,147.464,7.13578,6481.5,15.18,64.92,62.22,331.05,16065150.0,4.1,1.73,1.17,2.37,2.42,2.32,4.33,0.3218287742774235,3546.145
2025-09-08,41.349,120.5152,147.5205,7.12672,6495.15,15.11,65.44,62.6,334.82,18617325.0,4.05,1.7,1.16,2.35,2.41,2.29,4.33,0.7056982894675224,3584.655
2025-09-09,40.872,120.5746,147.386,7.11663,6512.61,15.04,67.97,62.97,334.06,21641935.0,4.08,1.72,1.18,2.36,2.43,2.29,4.33,0.6671650305113475,3635.63
2025-09-10,41.167,120.5447,147.3995,7.11887,6532.04,15.35,67.62,64.01,335.26,11945670.0,4.04,1.69,1.18,2.35,2.41,2.29,4.33,0.5517930590194627,3622.95
2025-09-11,41.561,120.381,147.1955,7.123,6587.47,14.71,67.25,62.71,334.76,9082647.0,4.01,1.67,1.18,2.34,2.41,2.27,4.33,0.7007444719812386,3642.95
2025-09-12,42.212,120.4905,147.579,7.12308,6584.29,14.76,67.87,63.02,335.42,9619709.0,4.06,1.7,1.21,2.36,2.42,2.3,4.33,0.1014369577149,3634.215
2025-09-15,42.684,120.0042,147.357,7.12181,6615.28,15.69,67.88,63.66,338.91,10569881.0,4.05,1.68,1.2,2.37,2.41,2.33,4.33,0.3493577372420802,3645.14
2025-09-16,42.56,119.586,146.485,7.11101,6606.76,16.36,69.69,64.89,339.59,12161527.0,4.04,1.67,1.17,2.37,2.42,2.32,4.33,0.6614354780020621,3680.33
2025-09-17,41.672,119.6063,146.923,7.09931,6600.35,15.72,69.19,64.41,336.97,16535307.0,4.06,1.68,1.19,2.38,2.43,2.33,4.33,0.4832568123253468,3689.505
2025-09-18,41.82,120.0986,147.972,7.102,6631.96,15.7,67.83,63.91,335.62,14913267.0,4.11,1.73,1.23,2.38,2.44,2.32,4.08,-0.044038021440768,3659.69
2025-09-19,42.989,120.2166,147.944,7.11476,6664.36,15.45,67.05,63.02,339.18,14982567.0,4.14,1.75,1.25,2.39,2.43,2.35,4.08,-0.0453520158619773,3643.755
2025-09-22,44.071,120.2461,147.744,7.1162,6693.75,16.1,66.87,62.99,345.05,12386419.0,4.15,1.78,1.29,2.37,2.42,2.32,4.09,-0.5777195829769828,3687.4
2025-09-23,44.037,120.0568,147.597,7.11285,6656.92,16.64,67.96,63.76,346.46,18383982.0,4.12,1.75,1.26,2.37,2.42,2.32,4.09,-0.5802335643382068,3745.805
2025-09-24,43.91,120.6024,148.7975,7.12799,6637.97,16.18,69.64,65.4,343.32,12709068.0,4.16,1.78,1.28,2.38,2.42,2.34,4.09,-0.8680618039267208,3765.895
2025-09-25,45.188,120.9635,149.787,7.12977,6604.72,16.74,70.48,65.51,344.75,12639583.0,4.18,1.8,1.33,2.38,2.42,2.34,4.09,-0.6571954873502217,3736.805
2025-09-26,46.106,120.8615,149.511,7.14328,6643.7,15.29,71.15,66.5,346.74,11698212.0,4.2,1.82,1.34,2.38,2.42,2.34,4.09,-0.6353448647514497,3751.29
2025-09-29,46.933,120.5403,148.6035,7.12442,6661.21,16.12,69.0,64.27,352.46,15719623.0,4.15,1.8,1.33,2.35,2.41,2.29,4.09,-0.2912877455394655,3757.415
2025-09-30,46.65,120.5624,147.87,7.12674,6688.46,16.28,68.52,63.17,355.47,13312353.0,4.16,1.8,1.32,2.36,2.42,2.3,4.09,-0.4964767234622708,3833.345
2025-10-01,47.321,120.5782,147.0495,7.12676,6711.2,16.29,66.67,62.59,356.03,15573610.0,4.12,1.77,1.29,2.35,2.39,2.31,4.09,-0.0570290099199873,3858.98
2025-10-02,46.9875,120.844,147.229,7.12861,6715.35,16.63,65.44,61.28,354.79,16162050.0,4.1,1.76,1.3,2.34,2.37,2.31,4.09,0.0805536538413286,3868.085
2025-10-03,47.979,120.5163,147.459,7.13232,6715.79,16.65,66.13,61.65,357.64,14463960.0,4.13,1.8,1.34,2.33,2.38,2.28,4.09,0.0885786877716985,3856.285
2025-10-06,48.524,120.7028,150.275,7.146,6740.28,16.37,67.09,62.49,364.38,17093657.0,4.18,1.84,1.37,2.34,2.38,2.3,4.09,-0.3125616044373717,3888.295
2025-10-07,47.831,120.9097,151.882,7.14572,6714.59,17.24,67.1,62.52,366.26,16836765.0,4.14,1.79,1.32,2.35,2.39,2.31,4.09,-0.1328153611626048,3958.905
2025-10-08,48.8655,121.1884,152.664,7.15276,6753.72,16.3,67.42,63.37,372.3,28052276.0,4.13,1.78,1.33,2.35,2.39,2.31,4.1,-0.3327673866215546,3984.985
2025-10-09,49.173,121.4965,153.0705,7.12989,6735.11,16.43,67.23,62.36,365.43,33674823.0,4.14,1.8,1.35,2.34,2.39,2.29,4.1,-0.498496430822424,4044.36
2025-10-10,49.998,121.5217,151.601,7.1277,6552.51,21.66,64.41,59.75,369.12,24192782.0,4.05,1.75,1.3,2.3,2.35,2.25,4.1,-0.1654776183862694,3975.085
2025-10-14,51.502,121.5815,151.743,7.1463,6644.31,20.81,63.0,59.52,380.79,18409632.0,4.03,1.73,1.27,2.3,2.33,2.27,4.1,-0.0805915084936879,4109.425
2025-10-15,52.994,121.2669,151.09,7.12948,6671.06,20.64,62.33,59.08,387.39,20598324.0,4.05,1.76,1.3,2.29,2.33,2.25,4.1,-0.0464419991388191,4144.04
2025-10-16,54.153,121.0834,150.412,7.1285,6629.07,25.31,61.08,58.29,396.45,33621444.0,3.99,1.71,1.26,2.28,2.29,2.27,4.11,0.5697435130672471,4210.195
2025-10-17,51.771,121.1218,150.483,7.12759,6664.01,20.78,61.23,58.3,388.99,62024965.0,4.02,1.75,1.3,2.27,2.29,2.25,4.11,-0.0034046070395055,4332.045
2025-10-20,52.438,121.0394,150.692,7.12574,6735.13,18.23,60.71,58.34,403.15,34523022.0,4.0,1.74,1.3,2.26,2.28,2.24,4.11,0.1175648202843165,4252.07
2025-10-21,48.717,121.302,151.8925,7.12119,6735.35,17.87,61.0,58.66,377.24,54101416.0,3.98,1.7,1.26,2.28,2.3,2.26,4.11,0.062673171232578,4354.315
2025-10-22,48.498,121.3075,151.9085,7.12674,6699.4,18.6,62.28,59.3,377.28,30524126.0,3.97,1.68,1.24,2.29,2.32,2.26,4.11,0.2564283442695085,4126.255
2025-10-23,48.913,121.3633,152.562,7.12525,6738.44,17.3,66.32,62.44,378.79,13695495.0,4.01,1.71,1.19,2.3,2.42,2.18,4.11,-0.3018542892307254,4095.585
2025-10-24,48.5095,121.342,152.831,7.12507,6791.69,16.37,65.8,62.27,377.52,13263803.0,4.02,1.73,1.21,2.29,2.4,2.18,4.11,-0.1195088948870727,4130.115
2025-10-27,46.9025,121.2002,152.747,7.10477,6875.16,15.79,65.52,62.13,367.01,23657603.0,4.01,1.73,1.24,2.28,2.37,2.19,4.12,-0.1010107843261119,4083.415
2025-10-28,46.905,121.0349,152.169,7.09677,6890.89,16.42,64.03,60.97,364.38,19257592.0,3.99,1.71,1.24,2.28,2.36,2.2,4.12,-0.0582723835131598,3990.035
2025-10-29,47.782,120.929,152.699,7.09844,6890.59,16.92,65.01,61.26,363.0,18891849.0,4.08,1.78,1.33,2.3,2.37,2.23,4.12,-0.4255753797728698,3934.115
2025-10-30,49.024,121.665,154.11,7.11123,6822.34,16.91,65.11,61.36,370.13,14812754.0,4.11,1.82,1.34,2.29,2.38,2.2,3.87,-0.7751264222959027,3941.455
2025-10-31,48.68,121.7715,154.005,7.11546,6840.2,17.44,65.44,61.75,368.12,11077910.0,4.11,1.81,1.31,2.3,2.4,2.2,3.86,-0.5781977662215654,4038.055